sample_id,n_patches,997.71nm,1003.27nm,1008.83nm,1014.39nm,1019.95nm,1025.51nm,1031.07nm,1036.63nm,1042.19nm,1047.75nm,1053.31nm,1058.87nm,1064.43nm,1069.99nm,1075.55nm,1081.11nm,1086.67nm,1092.23nm,1097.79nm,1103.35nm,1108.91nm,1114.47nm,1120.03nm,1125.59nm,1131.15nm,1136.71nm,1142.27nm,1147.83nm,1153.39nm,1158.95nm,1164.51nm,1170.07nm,1175.63nm,1181.19nm,1186.75nm,1192.31nm,1197.87nm,1203.43nm,1208.99nm,1214.55nm,1220.11nm,1225.67nm,1231.23nm,1236.79nm,1242.35nm,1247.91nm,1253.47nm,1259.03nm,1264.59nm,1270.15nm,1275.71nm,1281.27nm,1286.83nm,1292.39nm,1297.95nm,1303.51nm,1309.07nm,1314.63nm,1320.19nm,1325.75nm,1331.31nm,1336.87nm,1342.43nm,1347.99nm,1353.55nm,1359.11nm,1364.67nm,1370.23nm,1375.80nm,1381.36nm,1386.92nm,1392.48nm,1398.04nm,1403.60nm,1409.16nm,1414.72nm,1420.28nm,1425.84nm,1431.40nm,1436.96nm,1442.52nm,1448.08nm,1453.64nm,1459.20nm,1464.76nm,1470.32nm,1475.88nm,1481.44nm,1487.00nm,1492.56nm,1498.12nm,1503.68nm,1509.24nm,1514.80nm,1520.36nm,1525.92nm,1531.48nm,1537.04nm,1542.60nm,1548.16nm,1553.72nm,1559.28nm,1564.84nm,1570.40nm,1575.96nm,1581.52nm,1587.08nm,1592.64nm,1598.20nm,1603.76nm,1609.32nm,1614.88nm,1620.44nm,1626.00nm,1631.56nm,1637.12nm,1642.68nm,1648.24nm,1653.80nm,1659.36nm,1664.92nm,1670.48nm,1676.04nm,1681.60nm,1687.16nm,1692.72nm,1698.28nm,1703.84nm,1709.40nm,1714.96nm,1720.52nm,1726.08nm,1731.64nm,1737.20nm,1742.76nm,1748.32nm,1753.88nm,1759.44nm,1765.00nm,1770.56nm,1776.12nm,1781.68nm,1787.24nm,1792.80nm,1798.36nm,1803.92nm,1809.48nm,1815.04nm,1820.60nm,1826.16nm,1831.72nm,1837.28nm,1842.84nm,1848.40nm,1853.96nm,1859.52nm,1865.08nm,1870.64nm,1876.20nm,1881.76nm,1887.32nm,1892.88nm,1898.44nm,1904.00nm,1909.56nm,1915.12nm,1920.68nm,1926.24nm,1931.80nm,1937.36nm,1942.92nm,1948.48nm,1954.04nm,1959.60nm,1965.16nm,1970.72nm,1976.28nm,1981.84nm,1987.40nm,1992.96nm,1998.52nm,2004.08nm,2009.64nm,2015.20nm,2020.76nm,2026.32nm,2031.88nm,2037.44nm,2043.00nm,2048.56nm,2054.12nm,2059.68nm,2065.24nm,2070.80nm,2076.36nm,2081.92nm,2087.48nm,2093.04nm,2098.60nm,2104.16nm,2109.72nm,2115.28nm,2120.84nm,2126.40nm,2131.97nm,2137.53nm,2143.09nm,2148.65nm,2154.21nm,2159.77nm,2165.33nm,2170.89nm,2176.45nm,2182.01nm,2187.57nm,2193.13nm,2198.69nm,2204.25nm,2209.81nm,2215.37nm,2220.93nm,2226.49nm,2232.05nm,2237.61nm,2243.17nm,2248.73nm,2254.29nm,2259.85nm,2265.41nm,2270.97nm,2276.53nm,2282.09nm,2287.65nm,2293.21nm,2298.77nm,2304.33nm,2309.89nm,2315.45nm,2321.01nm,2326.57nm,2332.13nm,2337.69nm,2343.25nm,2348.81nm,2354.37nm,2359.93nm,2365.49nm,2371.05nm,2376.61nm,2382.17nm,2387.73nm,2393.29nm,2398.85nm,2404.41nm,2409.97nm,2415.53nm,2421.09nm,2426.65nm,2432.21nm,2437.77nm,2443.33nm,2448.89nm,2454.45nm,2460.01nm,2465.57nm,2471.13nm,2476.69nm,2482.25nm,2487.81nm,2493.37nm,2498.93nm,2504.49nm,treatment,lines,protein content,moisture content,WUC,WBC,OBC,solubility,RVA
1,73,0.6082182,0.6101425,0.6089975,0.61104417,0.61218953,0.6150528,0.6163758,0.6197448,0.6216247,0.6267825,0.63021266,0.634768,0.6396459,0.64522755,0.650527,0.6540196,0.6572999,0.65900946,0.6614156,0.6630643,0.66413736,0.66355586,0.6635237,0.6608445,0.65225804,0.63686454,0.61521584,0.5918298,0.56899655,0.5473443,0.52631056,0.5078913,0.4940327,0.47829306,0.46499518,0.4550619,0.45154208,0.44915515,0.4504281,0.4540177,0.46196997,0.4717521,0.48046428,0.48749807,0.49460512,0.5007222,0.5058274,0.50875807,0.51101494,0.511839,0.51385486,0.516574,0.51975894,0.5220968,0.5257326,0.5264943,0.5262811,0.52243966,0.5184047,0.5109973,0.5022834,0.48924553,0.47604913,0.45928022,0.44256133,0.42697975,0.41507316,0.40381482,0.3954053,0.38668984,0.37622464,0.36094227,0.34296304,0.32248062,0.30379212,0.28540578,0.26693282,0.2512928,0.24103385,0.22967914,0.22624788,0.22172894,0.22035204,0.21707928,0.21653774,0.2142703,0.2138843,0.2139045,0.21354552,0.21358112,0.21644019,0.21830502,0.21979508,0.22218263,0.22391322,0.22546926,0.22636868,0.22766618,0.22935657,0.2301739,0.23251922,0.23193666,0.23297563,0.2343625,0.23405582,0.23438162,0.23659532,0.23868597,0.24210688,0.2456088,0.24994595,0.25437623,0.25675437,0.26185408,0.26244545,0.25983042,0.2637761,0.26630312,0.26775044,0.26839197,0.26725298,0.26624063,0.26359183,0.26029283,0.25609747,0.2508908,0.2459943,0.24233428,0.24028432,0.23809813,0.23542446,0.2326123,0.23110229,0.22884767,0.22851898,0.22661367,0.22590432,0.22554882,0.2254606,0.22377612,0.22375831,0.2230894,0.22298677,0.22493532,0.22562806,0.22560051,0.22568828,0.2265852,0.22637701,0.22756392,0.22733593,0.22942054,0.23073846,0.23367143,0.23478815,0.23382407,0.2312404,0.22657369,0.22092707,0.21234062,0.20147261,0.18435101,0.16596065,0.14729197,0.13410379,0.1210587,0.11407604,0.10807383,0.10587611,0.105024636,0.10599694,0.108355835,0.11057388,0.113811284,0.11692521,0.11990374,0.12303195,0.12602878,0.12820682,0.13196985,0.13480307,0.13731343,0.13869633,0.1393875,0.13933401,0.13768487,0.1353561,0.13161322,0.12729205,0.12267056,0.118792504,0.11532131,0.112015374,0.1085125,0.105764136,0.10433366,0.102895446,0.1010766,0.10024052,0.09821059,0.09822884,0.09807937,0.09794707,0.09877469,0.10001984,0.10094947,0.102275796,0.104019694,0.10594144,0.10773452,0.10947577,0.11063043,0.11244433,0.11346469,0.11516974,0.11657065,0.11865261,0.120215185,0.12156843,0.12263626,0.123263665,0.12278252,0.1220054,0.120047376,0.117802955,0.11411896,0.10994922,0.10545301,0.09964944,0.09507519,0.09082876,0.08829686,0.090211615,0.08977496,0.0889954,0.08652457,0.08391721,0.081011586,0.0787853,0.07669579,0.07445895,0.0731535,0.072686695,0.07211478,0.07262379,0.07280167,0.073331386,0.074016616,0.07582195,0.076860145,0.07760997,0.07738599,0.077470005,0.076886915,0.07687694,0.07507931,0.0734861,0.07130089,0.0686273,0.065345734,0.061882142,0.05827146,0.05503065,0.051222205,0.049682755,0.04642033,0.043357868,0.041228987,0.040646747,0.039776273,0.039738838,0.039719168,Control,22P05500800,23.53125,8.231950489151204,93.95266289185238,103.19567354965591,70.94502879304265,31.231778425655975,265.5
2,72,0.6109493,0.60922307,0.60950434,0.6104274,0.6119442,0.61395967,0.6172285,0.6200941,0.6211388,0.62654316,0.63181496,0.6347128,0.6410288,0.6452069,0.6508183,0.6541984,0.6566596,0.660105,0.6612854,0.6634445,0.6639632,0.66330075,0.66364557,0.6615976,0.6555825,0.63992506,0.61603785,0.5912789,0.5676694,0.5479273,0.52700037,0.50647175,0.49177885,0.47761175,0.46424147,0.45483172,0.45061547,0.44940645,0.44890434,0.45274663,0.45946127,0.4689536,0.478045,0.48622823,0.49434486,0.50048006,0.50517654,0.5089504,0.51142716,0.51280105,0.513548,0.5163263,0.5200377,0.52285993,0.52594703,0.5268367,0.5263097,0.5234407,0.51805663,0.5095537,0.50043666,0.48672175,0.47428834,0.4574448,0.43994078,0.42367363,0.41101164,0.4005154,0.39224762,0.3821812,0.3691389,0.35190636,0.33170497,0.31005803,0.2898574,0.2686432,0.252618,0.23887983,0.22739251,0.218878,0.21379381,0.21135293,0.2091997,0.20677626,0.20497015,0.2028405,0.20242289,0.20240027,0.20346504,0.2036404,0.20521404,0.20613521,0.2081716,0.21082616,0.2127647,0.21242195,0.21463314,0.215662,0.21710125,0.21820855,0.21896295,0.22003119,0.22080621,0.22188514,0.22262073,0.22308663,0.22437179,0.22493187,0.22831105,0.23174751,0.23618685,0.23993894,0.24228872,0.24503456,0.24739875,0.24948055,0.25215062,0.25400034,0.25622082,0.25686717,0.25677848,0.2550268,0.25224286,0.24881604,0.24462241,0.23772395,0.23311344,0.22934803,0.22701028,0.22481763,0.22276565,0.2204815,0.21882063,0.21815923,0.21633299,0.2150158,0.21479298,0.21399435,0.21370345,0.21316445,0.21274546,0.21278197,0.21295589,0.21300393,0.21372992,0.21400258,0.21491075,0.21450758,0.21552536,0.21645209,0.21741429,0.21864745,0.2209628,0.22219653,0.22318643,0.22260837,0.22158888,0.21687442,0.2104243,0.20232974,0.19137475,0.1756518,0.15937614,0.14018022,0.12534377,0.11482343,0.10831003,0.103217825,0.10105948,0.100444764,0.10142106,0.10322339,0.105355546,0.10835497,0.1111849,0.11410393,0.11714022,0.12013131,0.12243165,0.12468519,0.12764943,0.12989497,0.13124138,0.13199343,0.13225713,0.12970932,0.12829007,0.12443957,0.121833704,0.11753626,0.11357018,0.10915898,0.10577889,0.1029423,0.10005844,0.09790102,0.09662738,0.09519002,0.09389772,0.09336885,0.093909934,0.09403995,0.09414579,0.094670385,0.09361762,0.09503666,0.09693976,0.098865986,0.10002507,0.1012279,0.10330483,0.10451501,0.106021985,0.10689004,0.10863043,0.11019378,0.11176962,0.113968536,0.115176976,0.1160827,0.11696108,0.11768303,0.117341034,0.11571558,0.11312738,0.10973732,0.105507284,0.1002504,0.09561938,0.09011149,0.0861654,0.08398965,0.08615036,0.087303065,0.085329995,0.082525484,0.07994619,0.077249974,0.07517231,0.07329452,0.07215809,0.071184345,0.0703043,0.07035993,0.071207315,0.070339575,0.07181975,0.07145971,0.07386236,0.07512754,0.07587603,0.07588816,0.07597791,0.07520058,0.074725725,0.07273956,0.07161215,0.06904749,0.06674898,0.064199954,0.060726255,0.0569266,0.05402911,0.05087224,0.04916077,0.045913592,0.043410294,0.041071482,0.040371932,0.039191477,0.039481074,0.03986906,Control,22P06700500,24.15625,8.337481370995636,54.56123825984743,129.33167551010936,64.6575414552003,27.014785506039154,267.0
3,73,0.6381085,0.63799405,0.6365937,0.6383372,0.63908595,0.6412284,0.64411956,0.64921135,0.6496202,0.65249074,0.65809417,0.6613453,0.66494,0.67020047,0.67354965,0.67735434,0.67975557,0.6841389,0.68670344,0.6874372,0.6882283,0.6879505,0.6874123,0.6846178,0.67803025,0.6619199,0.6411859,0.61805534,0.5946139,0.5732608,0.55325687,0.5384258,0.5243914,0.5077585,0.49261916,0.4826128,0.47686774,0.47453892,0.4753841,0.48045135,0.48711196,0.49746317,0.5077121,0.51646584,0.5244963,0.53058803,0.53265816,0.5357715,0.5381864,0.53804696,0.5392887,0.5422802,0.54578733,0.5500099,0.5528647,0.55341077,0.55384195,0.55197847,0.5465678,0.5386641,0.52946436,0.51767784,0.5061413,0.48814356,0.47062904,0.4513523,0.438069,0.4241623,0.41526887,0.40616375,0.39376032,0.37926432,0.35965794,0.3371836,0.31460685,0.2931103,0.27481896,0.2561162,0.24722393,0.23634242,0.22987288,0.22381385,0.2239911,0.22265595,0.22124293,0.21857114,0.21848117,0.21881281,0.21781181,0.218444,0.22049157,0.22160521,0.22272106,0.22458506,0.2260461,0.22728795,0.22916031,0.22982317,0.23236373,0.23293167,0.23364,0.23604967,0.23794073,0.23866758,0.23821405,0.24108744,0.24019668,0.24238244,0.24585268,0.24997431,0.2528777,0.25933418,0.26335555,0.26707467,0.27022618,0.2709638,0.2735392,0.27652073,0.277979,0.27962857,0.27994233,0.27613002,0.27374092,0.27021575,0.2648633,0.25917464,0.2535646,0.24916297,0.24696882,0.24458815,0.24241218,0.23976089,0.2377779,0.23617148,0.23652694,0.23558703,0.23341967,0.2336574,0.23198952,0.23175919,0.23136011,0.2333057,0.23325801,0.23309317,0.23357116,0.23421189,0.23462556,0.235837,0.23597035,0.23885915,0.24067524,0.24024497,0.24220946,0.24450596,0.24504451,0.24467173,0.24279994,0.23860797,0.23300274,0.22230251,0.21150956,0.19242829,0.17375395,0.15407443,0.13608906,0.12403615,0.11681096,0.11163063,0.10909067,0.10922628,0.11011025,0.11108472,0.11414405,0.116546966,0.119509324,0.12283844,0.12546013,0.12886171,0.13325593,0.1370512,0.13864206,0.1404515,0.14268243,0.14308289,0.14290379,0.14102723,0.13832045,0.13449718,0.13037689,0.12451154,0.119575456,0.11466071,0.1112775,0.107609086,0.10605891,0.103911296,0.102991655,0.100916214,0.099427275,0.098012835,0.09794519,0.09686721,0.0976159,0.09907785,0.10106334,0.10283192,0.10494029,0.10670834,0.108308464,0.11004823,0.11154446,0.11294208,0.11480875,0.11581254,0.117633775,0.11936268,0.121553935,0.12329097,0.1242457,0.12565906,0.12703419,0.12688556,0.1268188,0.124965236,0.12284684,0.11827588,0.11423832,0.10772099,0.10212811,0.09592873,0.09199462,0.09018541,0.091812,0.091505975,0.09042262,0.08782033,0.08532452,0.081923254,0.079948105,0.077337675,0.0754685,0.07402262,0.07413854,0.073521145,0.07293659,0.07314076,0.07383743,0.07495363,0.07630511,0.07772508,0.07877541,0.07855465,0.07956812,0.07872586,0.07806212,0.076902375,0.07482067,0.0729097,0.07076332,0.06720735,0.0635724,0.059616573,0.055947743,0.052627735,0.0511015,0.047510844,0.045029834,0.04140345,0.040387,0.03968478,0.03980371,0.039416354,Control,22P074001000,23.46875,7.86481526492187,67.01770950506727,107.88084954530208,63.605077871227124,26.478550603915032,273.0
4,70,0.6171715,0.6161283,0.61500055,0.6149375,0.6164101,0.61805344,0.6213536,0.6243926,0.6251744,0.62831867,0.63344777,0.63565385,0.64064264,0.64583415,0.650403,0.65401685,0.6582252,0.6618536,0.6641269,0.6663641,0.666217,0.66631174,0.66562164,0.6632649,0.65527713,0.63838553,0.61717296,0.5945604,0.57547736,0.55638653,0.538019,0.5188874,0.50706327,0.49298382,0.4807201,0.47080982,0.46539623,0.4629792,0.46433544,0.468371,0.47545773,0.48460132,0.49394655,0.49943972,0.5059825,0.51073784,0.5160222,0.5189815,0.5215546,0.52260166,0.5242323,0.5261631,0.5307021,0.5345176,0.53677255,0.5378266,0.5381396,0.5355533,0.5300255,0.5218283,0.513381,0.5021663,0.48952162,0.47380054,0.45702168,0.4430856,0.4307415,0.41985035,0.41147658,0.40254527,0.3938182,0.37995484,0.36230874,0.34044373,0.31878912,0.29512537,0.27488768,0.2581761,0.24571717,0.23657179,0.23172484,0.22761615,0.22552747,0.22444332,0.22384852,0.22249183,0.22168562,0.22133245,0.22200212,0.2229389,0.2250298,0.2262784,0.2276733,0.22895834,0.23093796,0.232757,0.23392999,0.23497051,0.2368078,0.23829454,0.23935819,0.2409458,0.2419533,0.24284199,0.24452709,0.2445839,0.24608576,0.248425,0.25211167,0.2557608,0.25993407,0.2640037,0.26869637,0.27120572,0.2753814,0.27813673,0.28095064,0.2834646,0.28610295,0.28635275,0.2856639,0.28465024,0.2822066,0.27884442,0.2743962,0.26828027,0.26384068,0.2607242,0.25684655,0.25383824,0.25215667,0.24855803,0.24645191,0.24546868,0.24401525,0.2428855,0.24246415,0.2407077,0.24027999,0.23940563,0.23969978,0.2392563,0.23889923,0.23983921,0.23970959,0.24067646,0.24204956,0.24211274,0.24244153,0.2430358,0.24418125,0.24480972,0.2476724,0.24931216,0.25058255,0.24965796,0.24824768,0.24296847,0.2364658,0.22734609,0.21342155,0.19561997,0.17545384,0.15435371,0.13693552,0.1248841,0.11680746,0.11347999,0.11010936,0.10940522,0.11087011,0.11349395,0.11524072,0.11756812,0.12069768,0.12387823,0.12747788,0.13128263,0.1348202,0.13850938,0.1425348,0.14474237,0.14758405,0.14746813,0.14834376,0.14658776,0.14419907,0.14053446,0.13584204,0.13103035,0.12616526,0.12162052,0.11796211,0.113925084,0.11144764,0.10906294,0.107710056,0.10625826,0.10444522,0.10335052,0.10340138,0.10311668,0.103749454,0.10510121,0.106965646,0.108736515,0.11053306,0.11203186,0.1136532,0.11520463,0.116624445,0.11795313,0.119738765,0.12143704,0.123011336,0.12500522,0.1279899,0.12938647,0.13174239,0.1332706,0.13363965,0.13317712,0.13298625,0.13044712,0.12768918,0.123801395,0.11994905,0.114284486,0.108995736,0.10249409,0.09833792,0.09701909,0.09854673,0.09863858,0.096865356,0.094483316,0.09221671,0.0888658,0.086409494,0.08357035,0.08200806,0.07994839,0.079694554,0.07897432,0.07964301,0.079580724,0.07989697,0.08091459,0.08258729,0.08369481,0.08526738,0.085292116,0.08529324,0.0853304,0.08431709,0.08271219,0.081086084,0.07823071,0.074847944,0.07131097,0.06698539,0.062707245,0.059098333,0.05452145,0.053398304,0.0491008,0.046424277,0.044154048,0.042022545,0.041054033,0.04170704,0.041248996,Control,22P09100200,23.09375,8.074503796890792,88.55695674013499,109.76341353033757,63.44410306674454,31.27342773844232,445.5
5,70,0.597438,0.5967895,0.5962699,0.5970337,0.5981188,0.60035086,0.6028193,0.60594773,0.60638064,0.60969615,0.6136051,0.616387,0.62068194,0.62598336,0.63128996,0.6353419,0.63996303,0.6433384,0.6467867,0.6485951,0.6495562,0.6492853,0.6484035,0.6445391,0.63684034,0.61934733,0.59678483,0.5743529,0.55347717,0.5286634,0.5069816,0.4886753,0.47477424,0.46043634,0.44829047,0.43952867,0.43363565,0.43185455,0.43311626,0.43438715,0.44064897,0.44976562,0.4599615,0.46713245,0.47488433,0.48069912,0.48475492,0.48848325,0.49047852,0.49151573,0.49296266,0.49654174,0.49991176,0.50237,0.5054528,0.50742275,0.50670594,0.50426245,0.49935156,0.49250582,0.48290846,0.46978378,0.45443904,0.43811333,0.4242431,0.41038188,0.3993265,0.38880754,0.38158554,0.37034753,0.3590752,0.34559315,0.32932395,0.31075317,0.2912224,0.27119496,0.25274464,0.238575,0.2263415,0.21800306,0.21357274,0.20920745,0.20599884,0.20298097,0.20150802,0.19946218,0.19877858,0.19808093,0.19873753,0.19978932,0.20093212,0.20197742,0.2044523,0.20743869,0.20996161,0.2114807,0.21381132,0.21500704,0.21576697,0.2165175,0.2183347,0.21951859,0.22122088,0.2208313,0.2211569,0.2224577,0.22345644,0.22523752,0.2272898,0.22989407,0.23345464,0.23815858,0.2409848,0.2438698,0.2456226,0.24780469,0.25068617,0.25383025,0.25533313,0.25645375,0.2563861,0.25414336,0.25239077,0.24714863,0.24399897,0.23741508,0.23247074,0.22952111,0.22748725,0.22589123,0.22394213,0.22104836,0.21961671,0.21966796,0.2178596,0.21713844,0.21558532,0.21432298,0.2130526,0.21272704,0.21290112,0.21268106,0.21225107,0.21318668,0.21453229,0.2139546,0.21454531,0.2149802,0.21518812,0.21564364,0.2163724,0.21841188,0.21989083,0.22197875,0.22307526,0.22245741,0.22082376,0.2168171,0.21072663,0.20314313,0.19163853,0.1761887,0.15969557,0.1397506,0.12393193,0.1131693,0.10578979,0.10093565,0.09944275,0.09852769,0.099434435,0.10083818,0.10299139,0.10585998,0.10831028,0.11148372,0.11453733,0.117903806,0.120846495,0.12444243,0.12642145,0.12673871,0.12851,0.12928683,0.12928672,0.12752539,0.12599048,0.122767195,0.11906142,0.114696786,0.11009607,0.105365485,0.10220242,0.09873846,0.095587075,0.093615524,0.09225342,0.09126127,0.0897273,0.088777125,0.08891782,0.08888385,0.08994676,0.090166345,0.0913714,0.0936113,0.09520298,0.096589714,0.09873259,0.09961478,0.10169648,0.10284796,0.103807345,0.10558755,0.1074049,0.108649015,0.1106493,0.11256714,0.11363894,0.11511509,0.11532672,0.11521651,0.114756025,0.113374665,0.11155552,0.10767684,0.10411136,0.09916436,0.094086185,0.089038536,0.08534767,0.08319168,0.085330695,0.08553798,0.08433351,0.08193725,0.07876996,0.075928666,0.0737425,0.071558625,0.07002962,0.06896564,0.06857829,0.06818226,0.068529025,0.068901494,0.068601415,0.069497004,0.07095979,0.0721041,0.0729501,0.07294946,0.073671594,0.073689535,0.073061526,0.07189752,0.07053307,0.068093866,0.066182554,0.063262135,0.060149916,0.05578777,0.052607246,0.048587043,0.046952836,0.04382059,0.04159842,0.039185286,0.037055843,0.03647651,0.03666859,0.03667089,Control,22P06500300,19.78125,7.930101909839357,51.36569906993648,106.13694534240253,65.03257675889697,31.61182840483132,245.5
6,63,0.61885476,0.6169298,0.6176705,0.6177822,0.61836475,0.6196511,0.62485766,0.6281718,0.6276573,0.63056284,0.6341005,0.637003,0.6419772,0.6456714,0.6504626,0.6561681,0.66013044,0.66233534,0.66578555,0.66858596,0.6677513,0.6686735,0.6689403,0.6649151,0.65922725,0.644971,0.6252794,0.60212684,0.580177,0.55855167,0.53812087,0.51881516,0.5038276,0.49000272,0.47557008,0.46678254,0.46133074,0.45907715,0.45936042,0.46329924,0.46942413,0.47669303,0.48685533,0.49593353,0.5031313,0.50863373,0.5143486,0.51670325,0.51852465,0.5203165,0.5219241,0.52479786,0.528582,0.5326815,0.535277,0.53749645,0.53705716,0.5343751,0.529827,0.5216986,0.51228976,0.49940172,0.48592257,0.47005805,0.4544952,0.43791127,0.42343318,0.41132182,0.40256852,0.39285707,0.38049728,0.3662308,0.34793258,0.32517242,0.30391252,0.28088045,0.26039332,0.242637,0.22892958,0.21885951,0.2129923,0.20849043,0.20707104,0.20390758,0.20241225,0.20078959,0.20015076,0.19859354,0.19902167,0.19940001,0.20145963,0.20202734,0.20435244,0.20643947,0.20867246,0.20994326,0.21218693,0.21347032,0.2138884,0.21559002,0.21743529,0.2172228,0.21846831,0.21945877,0.22077604,0.22123614,0.22357714,0.22551721,0.23022944,0.23430233,0.23869772,0.24281378,0.24770738,0.2516945,0.2545644,0.25798523,0.2618072,0.26484922,0.2678603,0.26856637,0.26772428,0.2666254,0.26367217,0.26013598,0.2534836,0.24803036,0.24364077,0.23824166,0.23462531,0.23179513,0.23053317,0.22766796,0.22502492,0.22379844,0.22306424,0.22147372,0.22032873,0.2188311,0.21801567,0.21782152,0.21759711,0.21794906,0.2178978,0.21851698,0.22056806,0.22056456,0.22126406,0.22342966,0.22317004,0.22401763,0.2255869,0.22768494,0.22866677,0.23193318,0.23336466,0.23260507,0.22993994,0.22500077,0.2188242,0.20962265,0.19657601,0.1786723,0.16112304,0.14199072,0.12685257,0.1144387,0.106186286,0.100705296,0.09850786,0.09724934,0.098165154,0.10010376,0.10179559,0.10493696,0.10764766,0.11065439,0.114540696,0.11675899,0.12069109,0.123368084,0.12619978,0.12820503,0.13006964,0.13007188,0.13052398,0.12881832,0.12623806,0.12230788,0.1187916,0.11429392,0.1101085,0.105845414,0.10182105,0.09844982,0.095878065,0.09387858,0.092487276,0.09104183,0.0897188,0.0885344,0.08915921,0.08947054,0.09065124,0.09128827,0.09319504,0.0954858,0.09702622,0.09827028,0.09991069,0.10106393,0.102353714,0.103432566,0.10506845,0.10672171,0.10837419,0.109723054,0.110889584,0.112714596,0.11401319,0.11487639,0.11624049,0.11623339,0.11653735,0.11494331,0.113142796,0.11016812,0.10590826,0.10036653,0.095203996,0.08941058,0.08608886,0.08429995,0.086312406,0.08625139,0.08497578,0.082364604,0.080112234,0.0772367,0.0748192,0.07202165,0.0702742,0.068964384,0.06840506,0.06819117,0.06883204,0.06874642,0.06935145,0.07019189,0.0713806,0.072604105,0.07299993,0.07372375,0.073811516,0.07348515,0.07261127,0.07113674,0.07016289,0.06796546,0.06584193,0.06251022,0.05930013,0.056004573,0.05253502,0.048941232,0.046926204,0.043726906,0.04046099,0.038343783,0.03673473,0.037069514,0.037003163,0.0363747,Control,22P04100300,19.96875,7.861079070555369,38.891714030245794,86.83899552537282,77.51976284584981,21.730528946272386,416.0
7,62,0.62618524,0.62469524,0.625479,0.6258081,0.6262337,0.62834036,0.6312839,0.6356623,0.63471514,0.63920224,0.64449203,0.6476937,0.6515075,0.65672445,0.6607548,0.6652653,0.66898644,0.67244005,0.6753531,0.6778066,0.67759246,0.6779492,0.6780231,0.67574066,0.6682161,0.6540381,0.6327317,0.61041486,0.5899223,0.56882477,0.547521,0.5290288,0.5130515,0.49708664,0.4859534,0.47647235,0.47214884,0.46990967,0.4702248,0.47393048,0.47976995,0.48918584,0.4982799,0.5075116,0.5153203,0.52098,0.526027,0.5294987,0.53087765,0.53280413,0.5336412,0.537084,0.54170454,0.5450791,0.5475716,0.5486579,0.54902476,0.5456122,0.54079366,0.53336287,0.5223241,0.5079334,0.49397737,0.47993472,0.46434486,0.4471749,0.43303013,0.42389423,0.41648713,0.40793964,0.39780086,0.38374996,0.3668676,0.3482059,0.32926857,0.30640796,0.28641337,0.2679218,0.25421476,0.24381474,0.23712486,0.23191199,0.2288617,0.22576106,0.22463433,0.2226191,0.221055,0.22116452,0.22125682,0.22142205,0.22435084,0.22599769,0.22803766,0.23051196,0.23401716,0.23619834,0.23815104,0.23960122,0.24172783,0.24316156,0.2443145,0.24528265,0.24651262,0.2481071,0.24807513,0.24969916,0.2510115,0.254959,0.25915343,0.2636115,0.26847774,0.27218205,0.2770097,0.28089407,0.28359115,0.2863555,0.29057938,0.29366374,0.29620576,0.29621014,0.29402968,0.29359522,0.29102224,0.28679907,0.28141993,0.2738269,0.26934427,0.26498628,0.26231873,0.25993958,0.25578037,0.25324333,0.25172362,0.25042224,0.24929667,0.24724889,0.24738467,0.24525352,0.2460804,0.24507019,0.24398607,0.2448217,0.24492982,0.24543439,0.24630216,0.24652204,0.24829908,0.24780679,0.24891533,0.24991012,0.2514256,0.2523603,0.25507396,0.257331,0.25867128,0.25856587,0.25598717,0.25091177,0.24398138,0.23407215,0.22077161,0.20016065,0.17892337,0.15494844,0.13890824,0.12474765,0.11608806,0.10985936,0.10782625,0.107040256,0.108206004,0.11032361,0.11342171,0.117025755,0.119859725,0.12425515,0.12832205,0.13233763,0.13637921,0.14018364,0.14258647,0.14527914,0.14737746,0.14810187,0.14822674,0.14647712,0.14342266,0.1396366,0.13587005,0.13062108,0.12540507,0.11968371,0.11551382,0.111699894,0.10855436,0.10646373,0.10492502,0.10353424,0.10227378,0.10104208,0.1008948,0.10138326,0.10269835,0.10445963,0.10557349,0.10744882,0.10960998,0.11161654,0.11343214,0.11464009,0.1167862,0.11772169,0.11946753,0.120883584,0.122544505,0.124529436,0.12670065,0.12910572,0.13054821,0.13155478,0.1326536,0.13253161,0.13206118,0.12961546,0.12715478,0.122327,0.1177734,0.11272003,0.107280836,0.10124117,0.09700318,0.094990104,0.09703936,0.09613701,0.09575551,0.09286359,0.08983168,0.08669899,0.084621474,0.0819997,0.08015918,0.078675315,0.078125484,0.077880904,0.078435734,0.07829144,0.079186425,0.07960331,0.08163031,0.08299058,0.08418035,0.083667055,0.083955094,0.083656885,0.08264524,0.081340015,0.079807706,0.07712609,0.07418558,0.0703292,0.066914394,0.0621851,0.05792644,0.053940997,0.051975608,0.047778487,0.04522454,0.042584937,0.041738324,0.040371004,0.040888093,0.040804878,Control,22P05400800,20.75,8.682459977194503,69.63128991521512,95.5644787017628,63.85075388614365,26.124531445231153,560.5
8,61,0.6257372,0.6245109,0.62596077,0.6252903,0.6261134,0.62832534,0.6300986,0.63398683,0.6364348,0.63921285,0.6437808,0.6470523,0.65329397,0.6588374,0.66383183,0.66854924,0.67244685,0.6762817,0.6780332,0.6793889,0.6815322,0.68129516,0.68139696,0.6779392,0.66965526,0.65254855,0.63128924,0.6094308,0.59008735,0.5678439,0.549394,0.5312716,0.5150422,0.49971563,0.48861948,0.48020536,0.47504282,0.47145724,0.47268793,0.47582918,0.48201245,0.4900849,0.5004786,0.5083811,0.51645625,0.52190936,0.5266158,0.52831364,0.53012514,0.532784,0.535122,0.5380676,0.5409924,0.5447476,0.5471323,0.5475055,0.54823166,0.5447328,0.54180956,0.5335552,0.52397823,0.51002884,0.496254,0.48002994,0.46546444,0.44949567,0.43646795,0.4254818,0.41813505,0.40872067,0.3994549,0.38521916,0.36654347,0.3450319,0.32501155,0.30360937,0.28420568,0.26411015,0.24897061,0.23868904,0.232214,0.22713749,0.22443226,0.22174539,0.21807273,0.21633285,0.21489355,0.21338068,0.21447144,0.21605968,0.21805604,0.22091077,0.22280931,0.2268779,0.22969797,0.23132898,0.23348133,0.2357189,0.23704381,0.23913378,0.24133348,0.24218814,0.2434601,0.24465111,0.24640791,0.24709229,0.24842468,0.25265062,0.2553478,0.26018786,0.26326457,0.2681846,0.27241284,0.27582875,0.27848083,0.28093582,0.2839799,0.2868213,0.28936005,0.28926694,0.28947082,0.2872361,0.2848467,0.28162384,0.27713454,0.27176285,0.26794198,0.26351112,0.26071125,0.25763735,0.25577623,0.25306076,0.25065747,0.24986854,0.24845386,0.24719062,0.2453303,0.24549307,0.2441642,0.24426523,0.24340045,0.24331933,0.2425901,0.24293454,0.24384904,0.24427432,0.24505559,0.24517253,0.24612552,0.24582954,0.2463553,0.24787757,0.25077498,0.2533487,0.25357032,0.2527582,0.2515747,0.24619359,0.23993444,0.23050043,0.21760698,0.19927047,0.17895825,0.15422726,0.13652217,0.12105798,0.11302437,0.10692914,0.103513114,0.10259284,0.10382576,0.10706295,0.11076681,0.11359374,0.1169673,0.12063657,0.12484423,0.12948154,0.13303989,0.1372053,0.14145748,0.14460309,0.14739746,0.14797246,0.14834757,0.14620674,0.14410904,0.13931665,0.13508469,0.12949836,0.12490415,0.11931093,0.11511278,0.11092767,0.10803152,0.105753854,0.103812695,0.102989584,0.10152883,0.10043518,0.10095783,0.10142231,0.10291413,0.10501982,0.10688904,0.10942443,0.11173114,0.11392552,0.11629537,0.11820015,0.11905982,0.12119125,0.123120874,0.12439991,0.12638405,0.12890455,0.13085964,0.13352703,0.13438132,0.13570383,0.13619164,0.13614604,0.13630879,0.1337972,0.13006872,0.1263839,0.12202414,0.11713295,0.11176554,0.10599871,0.10177883,0.0994368,0.10155143,0.10171371,0.099843465,0.09711565,0.0931381,0.08843406,0.08562983,0.08170838,0.079476215,0.07711172,0.07647232,0.07617869,0.076006286,0.075914204,0.077814534,0.0777051,0.080011666,0.08204009,0.08241681,0.08278319,0.08280203,0.08258056,0.08126921,0.07940821,0.078989744,0.075737126,0.07337602,0.069363825,0.06569931,0.061297357,0.057568815,0.053770855,0.05080893,0.04747483,0.044815764,0.042751573,0.04141724,0.039662033,0.040100534,0.03933881,Control,22P04500300,22.84375,8.658035299753491,87.07978186446417,78.14030881973173,66.76075243832172,27.368804664723033,403.0
9,61,0.6360587,0.6346745,0.6346296,0.635311,0.6356985,0.63672924,0.6414061,0.6441983,0.64665765,0.64927113,0.654002,0.6581843,0.66283303,0.66849923,0.67354065,0.67708117,0.6796967,0.6830558,0.68624663,0.68756485,0.68951976,0.6889597,0.68724346,0.6848328,0.67816937,0.66239387,0.6427957,0.6197497,0.5979063,0.57595056,0.5542771,0.53491986,0.5212013,0.5053755,0.49106687,0.48125327,0.47513664,0.473315,0.47479907,0.47979167,0.48481765,0.4951787,0.50440836,0.5124747,0.51903915,0.5242293,0.5292143,0.53235006,0.5346832,0.5352664,0.53827906,0.5393916,0.54393035,0.5480391,0.5508269,0.55286366,0.55167305,0.5488501,0.54468256,0.5363394,0.52631134,0.5140383,0.49992213,0.48246837,0.46589023,0.44990864,0.43640488,0.42538035,0.41588897,0.40847635,0.39740545,0.38417077,0.3657339,0.34402385,0.32541287,0.30492297,0.28596386,0.26703537,0.25289667,0.24278848,0.23848043,0.2333101,0.23076792,0.22752544,0.22561532,0.22262271,0.22166748,0.22003388,0.22033457,0.22135018,0.22356041,0.22541085,0.22819549,0.23017782,0.23341322,0.23467195,0.23847139,0.23888321,0.24134135,0.24227904,0.2435437,0.24460691,0.24598955,0.24531792,0.24821976,0.24917859,0.24896753,0.25193354,0.2569132,0.2616627,0.2636513,0.26991308,0.27408224,0.27781746,0.27683997,0.27931643,0.28206447,0.28642538,0.28734958,0.28943577,0.28665105,0.2854011,0.28457835,0.28058997,0.27500257,0.26962966,0.26545745,0.26070416,0.2582409,0.2550522,0.25269735,0.25063717,0.24799865,0.24693343,0.24528342,0.2435313,0.24268807,0.24296744,0.2425002,0.2416625,0.24154976,0.24122907,0.24158198,0.24192846,0.24169116,0.24329424,0.24395283,0.24422863,0.24473529,0.24675448,0.24737461,0.24739006,0.25102308,0.25332728,0.25388741,0.2531451,0.25132418,0.24674757,0.2395845,0.22956245,0.21593587,0.20000413,0.1805475,0.15844262,0.13966404,0.12609804,0.11815175,0.11192599,0.109358184,0.10897151,0.10955601,0.1114795,0.11415285,0.117336735,0.12092555,0.12358599,0.12705967,0.13162245,0.13453889,0.13953944,0.14317429,0.14592573,0.14846814,0.14894882,0.15005988,0.14781119,0.14576122,0.14163199,0.1373999,0.13152333,0.12704818,0.121606305,0.11806853,0.11340298,0.109460995,0.10723762,0.105461866,0.10424415,0.10266289,0.10172226,0.10209461,0.10246719,0.10297195,0.10468388,0.10660899,0.1084307,0.11031191,0.112303495,0.115263075,0.11664903,0.118367195,0.12006098,0.122447975,0.12451711,0.12550905,0.12702705,0.12942457,0.13078192,0.13304026,0.13376382,0.13448992,0.13465334,0.13455915,0.13316494,0.1302385,0.12579751,0.12218164,0.11564146,0.10977525,0.10341246,0.09932991,0.09726913,0.09934962,0.099510156,0.09848981,0.09596644,0.09229275,0.08868597,0.08590785,0.082942665,0.08071076,0.07870571,0.07819876,0.07784097,0.078033134,0.07804787,0.07892435,0.07985702,0.08172536,0.08282308,0.08389717,0.08421081,0.08517569,0.083602816,0.083349325,0.08122969,0.07972404,0.07680461,0.074092194,0.07071729,0.06679851,0.06128364,0.057911843,0.05428013,0.052292597,0.04867113,0.045392618,0.043465145,0.042092033,0.041358873,0.041752618,0.041045956,Control,22P06200100,20.0,7.8718507811690905,58.95233070356046,115.36034189920358,62.90439704508525,28.37880049979175,389.5
10,62,0.605417,0.60435283,0.6052707,0.60669744,0.6083789,0.6111373,0.6138915,0.61790955,0.6198264,0.6240866,0.6307596,0.6338235,0.63980705,0.64564604,0.65000635,0.6544001,0.65772605,0.66136086,0.6641525,0.66520095,0.66668296,0.6668149,0.66637146,0.66289294,0.65509206,0.6385944,0.61677194,0.5916376,0.5673404,0.54629374,0.52434146,0.5060647,0.49214327,0.47642583,0.46309835,0.45145386,0.44635537,0.44365078,0.44387853,0.4483254,0.4556814,0.4664021,0.476237,0.48504215,0.4920344,0.49809897,0.502653,0.50516,0.5072549,0.50903845,0.5108832,0.5132116,0.5168443,0.5199479,0.5236354,0.52451843,0.5240493,0.5205158,0.51653194,0.50837904,0.49896777,0.4847049,0.4707209,0.45370612,0.43635464,0.42010307,0.40555355,0.39298096,0.38405448,0.37394857,0.3628211,0.34815735,0.3322467,0.3130257,0.29235995,0.269166,0.2511276,0.23465325,0.22438096,0.2141169,0.20826377,0.20367509,0.20080563,0.19814882,0.19696467,0.195061,0.1943408,0.1936635,0.19447714,0.19520208,0.19663335,0.1978941,0.19911851,0.20141721,0.20337608,0.2048291,0.20640102,0.20802253,0.20974332,0.2098377,0.21226181,0.21264473,0.21324474,0.21372195,0.21546678,0.21614635,0.21887374,0.2204075,0.22348347,0.22700763,0.22952375,0.23315598,0.23720106,0.2401481,0.24434343,0.24696937,0.24989146,0.25321165,0.25536475,0.2555791,0.2555585,0.2532008,0.25153366,0.24512482,0.24115989,0.23445663,0.22889921,0.22525185,0.22313124,0.21988559,0.21807411,0.21527238,0.21307072,0.21206525,0.21070331,0.20874336,0.20827465,0.20752275,0.20723009,0.20656732,0.20633586,0.2066418,0.20722814,0.20760477,0.2093061,0.20970178,0.21113902,0.21173248,0.21291678,0.21370374,0.21516907,0.2165897,0.21963449,0.221736,0.2220582,0.22158653,0.21986885,0.21500915,0.20843492,0.19981089,0.18780686,0.1714292,0.15452942,0.1362583,0.12304984,0.11033619,0.10306817,0.09805158,0.09606916,0.09572344,0.09613377,0.097402066,0.09940098,0.1018108,0.10484635,0.1072025,0.11049729,0.11365561,0.11682539,0.11950709,0.122324646,0.12460952,0.1261935,0.12674612,0.12704234,0.12543353,0.12357676,0.1201181,0.116448015,0.11213749,0.1088226,0.104588255,0.10073535,0.097706944,0.09547613,0.09360294,0.09228145,0.091195405,0.089942575,0.08882375,0.088983044,0.089225404,0.090043336,0.09107378,0.092521176,0.09420736,0.09572201,0.09741835,0.098408245,0.09951892,0.10036445,0.10145266,0.102963924,0.10400756,0.10485858,0.105931714,0.10718495,0.10868846,0.11053632,0.11052828,0.11167342,0.11169006,0.11166002,0.11047736,0.10828021,0.10511924,0.10166617,0.09728371,0.093417294,0.088351354,0.08517134,0.083767086,0.08569265,0.085605234,0.08395851,0.08193433,0.079500526,0.07731856,0.07527287,0.07318776,0.07204173,0.07075015,0.07018441,0.07050318,0.07078858,0.07100456,0.07165446,0.071785375,0.07335004,0.074320465,0.07529711,0.07531634,0.07554864,0.0750518,0.07414138,0.07333729,0.07210344,0.070679896,0.06770718,0.06529809,0.062159173,0.05869399,0.055430125,0.05209762,0.050023023,0.046682853,0.04404732,0.041481256,0.03978064,0.03843452,0.038658783,0.03902843,Control,22P09600100,20.28125,8.3787578460522,74.26718349424459,117.20402682477041,63.429779869302635,35.115576842982094,473.5
11,61,0.6063586,0.6043447,0.6037934,0.60705453,0.6054524,0.60940605,0.6105966,0.61528164,0.6176064,0.6212878,0.62474984,0.62760437,0.63238645,0.6382471,0.6437111,0.6470636,0.65053964,0.6521764,0.6541855,0.65494454,0.65476286,0.6558873,0.6542706,0.6516659,0.6449694,0.63064057,0.61223054,0.58734715,0.56261796,0.5387765,0.51785517,0.4973475,0.48458692,0.47305834,0.45995742,0.45065802,0.44645023,0.44372728,0.44491538,0.44854778,0.45395878,0.46156698,0.47091872,0.47897795,0.4860723,0.48959076,0.49452117,0.4984789,0.5000529,0.50148135,0.50358427,0.50596493,0.50848633,0.5113889,0.51387364,0.5157728,0.51463807,0.5119355,0.5061254,0.4997266,0.49132457,0.47878662,0.46475288,0.45343933,0.4368935,0.42244422,0.40945035,0.39819106,0.3908692,0.38136432,0.370916,0.3552448,0.33867452,0.31693417,0.2951082,0.27431452,0.25744274,0.23985524,0.22901559,0.21991564,0.21408153,0.20897426,0.2067259,0.20300314,0.20218028,0.20127375,0.19930252,0.1985211,0.19940968,0.20001307,0.20237787,0.20309603,0.20576558,0.20781119,0.20901693,0.21063712,0.21298452,0.2148512,0.21629332,0.216557,0.21722806,0.21832512,0.21866098,0.21995395,0.22088195,0.22177401,0.22262146,0.22438952,0.22762531,0.23127042,0.2347939,0.24010141,0.24403308,0.24857171,0.25239146,0.2551012,0.2579563,0.25926572,0.26141217,0.25845477,0.25826937,0.2557766,0.25234187,0.24843538,0.24324563,0.23755708,0.23283114,0.22847107,0.22803272,0.22612496,0.22321096,0.22084878,0.22294252,0.2221316,0.22211382,0.22137798,0.22045793,0.21681152,0.215609,0.2158794,0.21591759,0.21693362,0.21791673,0.21646488,0.21638808,0.21845785,0.2196887,0.21859963,0.22000203,0.21916473,0.22045113,0.22049773,0.22248681,0.22404298,0.22553064,0.2254792,0.22444066,0.2181068,0.21443085,0.20722783,0.19356985,0.17598234,0.15794884,0.1402669,0.124917865,0.1131251,0.10461762,0.09957646,0.09799126,0.09693605,0.09790812,0.09905734,0.10109967,0.10380928,0.10639687,0.10928214,0.11277698,0.11625369,0.119997114,0.123366244,0.12716943,0.12838545,0.13058671,0.13089834,0.13095906,0.12926182,0.12690419,0.12475538,0.119837865,0.1144836,0.11034905,0.10473199,0.10181421,0.098042995,0.09615238,0.094239935,0.09321821,0.09167602,0.09011017,0.08954978,0.08951257,0.08937011,0.090688944,0.092133604,0.09277451,0.09450898,0.09647903,0.09796685,0.100093395,0.10107309,0.102510095,0.10389112,0.10573168,0.10628961,0.10852459,0.11017417,0.11194025,0.11398287,0.115683146,0.11672993,0.11812624,0.11803755,0.117856726,0.116580755,0.11385746,0.10920544,0.105446786,0.10094881,0.09523101,0.08935414,0.08570901,0.08422825,0.08552294,0.08588937,0.08477136,0.082754515,0.080451086,0.0763992,0.07391017,0.07164699,0.07031436,0.06907384,0.06866504,0.06870858,0.06825018,0.068432584,0.069622755,0.070405155,0.07152244,0.072146565,0.07295689,0.07265277,0.07345137,0.07310669,0.07214707,0.07170993,0.06928466,0.06812654,0.06536814,0.062567964,0.057937093,0.055247765,0.051873963,0.049217317,0.0476934,0.04481039,0.041602954,0.040399507,0.038709644,0.037789676,0.03826018,0.038520493,Control,22P01700600,22.96875,9.295949549294424,42.92693230635898,119.65729608675153,69.01276047901845,26.265097875885047,423.0
12,56,0.6191451,0.6175586,0.61716866,0.61839783,0.620066,0.62138784,0.623806,0.6272025,0.63010126,0.6334652,0.638232,0.64263135,0.6477296,0.6532917,0.65849125,0.6625987,0.66669214,0.6696882,0.672632,0.67386514,0.67454857,0.6750746,0.6745888,0.6713558,0.6649436,0.6495711,0.6294658,0.6026528,0.58018196,0.55855,0.5403882,0.52263653,0.50706184,0.49327585,0.47973317,0.47011864,0.4653651,0.46294165,0.46533978,0.46852708,0.4754902,0.4828809,0.49299264,0.50084126,0.5068017,0.5132762,0.5171106,0.52043,0.52174866,0.5234574,0.5249828,0.52802867,0.5303003,0.5344715,0.5373335,0.53866386,0.538393,0.53438246,0.5312843,0.5230677,0.5137243,0.50087786,0.48890293,0.47430903,0.45999402,0.4435479,0.4309802,0.41961044,0.4117339,0.40255874,0.39254984,0.37956703,0.3624751,0.34111404,0.3197587,0.29789937,0.27845496,0.26012683,0.24929346,0.2379292,0.2325573,0.2276682,0.22549552,0.22227274,0.2206687,0.21881396,0.21816659,0.2168346,0.21718776,0.2187922,0.22074929,0.22206286,0.22427768,0.22669008,0.22927149,0.23090528,0.23272875,0.23451084,0.23524025,0.23718432,0.23801634,0.23944572,0.24057361,0.240849,0.24292985,0.24350506,0.24473184,0.2465564,0.2502003,0.25472286,0.2588699,0.26322186,0.2676694,0.27037218,0.2739662,0.2780121,0.28093123,0.28468528,0.28640452,0.2875782,0.2864365,0.28557032,0.28307557,0.2791375,0.27280968,0.26594055,0.2595567,0.2555639,0.25365645,0.25045496,0.24953282,0.24644864,0.24362698,0.24190274,0.24112713,0.23913218,0.23838697,0.23731388,0.23706755,0.23610032,0.23702179,0.23546323,0.23653355,0.23728849,0.23742124,0.2383492,0.23988464,0.24045059,0.2413936,0.24255672,0.24355835,0.24615388,0.24851502,0.2509187,0.25179416,0.25076693,0.24945334,0.2442474,0.23779766,0.22870255,0.21633652,0.19802958,0.17779548,0.15578538,0.13879797,0.12563613,0.11787692,0.1116399,0.108423054,0.10731684,0.10865511,0.11110235,0.114141636,0.11671653,0.11971256,0.12257175,0.12721267,0.13093151,0.13503867,0.1382627,0.1417954,0.14425002,0.14605622,0.14641379,0.1468786,0.14506297,0.14280294,0.13897005,0.13508567,0.12970024,0.12506488,0.11911693,0.115780234,0.11136933,0.10882345,0.107153594,0.105527505,0.10430941,0.10265544,0.10100508,0.10090166,0.10146873,0.10273899,0.10426379,0.105769545,0.10770406,0.10995181,0.11205866,0.11396189,0.11603987,0.117183514,0.11895867,0.1212731,0.12295019,0.12513092,0.12699237,0.12899202,0.13055095,0.13227363,0.13329023,0.13402641,0.13392627,0.13318613,0.13187557,0.12922165,0.12525569,0.11994043,0.11385405,0.108242825,0.101468995,0.09778538,0.0956535,0.098095775,0.09809745,0.09695032,0.094171315,0.0912229,0.08788966,0.085793965,0.082815774,0.08136947,0.079692796,0.07892254,0.07867116,0.07853951,0.07866894,0.079103395,0.07997704,0.08146054,0.08277968,0.083842725,0.08389969,0.0840578,0.08321446,0.08286978,0.081261486,0.07987547,0.07777979,0.07395631,0.070090264,0.065685436,0.061605245,0.057541355,0.054015957,0.0517348,0.04845699,0.045020536,0.042077668,0.040651448,0.039940126,0.039445683,0.03979274,Control,22P00100800,21.5625,8.174465066734736,96.74940644879617,123.68971358476614,64.3745042160002,27.20741357767597,297.5
13,56,0.6102936,0.6099433,0.60987884,0.61036444,0.6118059,0.61324215,0.6163788,0.6188219,0.6213927,0.62477744,0.63010836,0.6341447,0.64020526,0.6464106,0.6521385,0.65633667,0.6597701,0.6642573,0.6662773,0.6679589,0.66870344,0.6689961,0.66818154,0.66515887,0.65659326,0.63888586,0.6164294,0.5907866,0.56710947,0.54523903,0.52573085,0.5062307,0.49233085,0.47848466,0.4672397,0.45865554,0.45371005,0.45259792,0.45408702,0.45778945,0.4653082,0.47291708,0.4820591,0.4882897,0.49420208,0.500018,0.5043173,0.5074403,0.5089094,0.51033103,0.5113246,0.51333284,0.51749897,0.5210986,0.52335954,0.5243861,0.52453387,0.52184,0.51654863,0.5081663,0.5005806,0.4890493,0.47524172,0.45949417,0.4464174,0.42992234,0.41673458,0.40505463,0.39800984,0.38836038,0.37928945,0.36484605,0.34699824,0.32511035,0.30518293,0.2840941,0.26558307,0.24763006,0.23523763,0.22699675,0.22179687,0.21844587,0.21603006,0.2132636,0.21254823,0.20989484,0.20928219,0.20917182,0.2093659,0.20972537,0.21076745,0.21392764,0.21610576,0.21807168,0.21864486,0.22083077,0.22290272,0.22318673,0.22450654,0.22704528,0.22775924,0.22861089,0.2285648,0.2280415,0.2289167,0.23067158,0.23287034,0.23476672,0.23816556,0.24213736,0.24692872,0.25076276,0.25331014,0.2566439,0.26002246,0.26134816,0.26461932,0.26727182,0.26959854,0.2692344,0.26886642,0.26604578,0.26388866,0.26060992,0.2571717,0.2522959,0.24768198,0.244189,0.24139383,0.23882146,0.23657297,0.2337814,0.23151451,0.2300894,0.22886917,0.22721563,0.22699302,0.2259078,0.22592166,0.22583473,0.22560799,0.22556973,0.2247394,0.22569695,0.22578561,0.22699635,0.22798477,0.22852859,0.22887874,0.22911033,0.23107456,0.2318748,0.23409893,0.23569342,0.2364671,0.23634678,0.23381454,0.22908044,0.22289427,0.21320775,0.20033301,0.18206722,0.16298127,0.1440421,0.1281136,0.11714619,0.10982701,0.10471988,0.10209056,0.10159694,0.10222577,0.10397676,0.10535893,0.10730864,0.1107793,0.114378065,0.11771993,0.11964356,0.12284625,0.12518257,0.12796864,0.13017476,0.13190922,0.1332019,0.13318333,0.13213423,0.1304142,0.12714756,0.12307556,0.119070694,0.1163404,0.11323401,0.10972646,0.105461776,0.10276461,0.10032259,0.09901504,0.0976747,0.09658682,0.095560715,0.096280664,0.0964031,0.09695118,0.09800942,0.099719465,0.101104185,0.10280949,0.10430069,0.1059653,0.10695521,0.108194634,0.109084725,0.11028874,0.11153044,0.11309382,0.11475444,0.11654922,0.11797792,0.119624734,0.12003383,0.121196434,0.12124696,0.12103994,0.11917052,0.11677216,0.11271965,0.10858956,0.104275465,0.098997384,0.09384876,0.09028143,0.08833918,0.090099625,0.08976494,0.08961473,0.086616635,0.08443334,0.08180143,0.07952344,0.07759197,0.07574631,0.0753409,0.07430749,0.07414198,0.07456722,0.07446344,0.07521734,0.07604891,0.07689138,0.07810898,0.07911174,0.07906493,0.079067,0.07848888,0.0783665,0.07656345,0.075042665,0.072908476,0.07028379,0.06653291,0.06377147,0.05998213,0.056287408,0.052783955,0.051014133,0.047638923,0.04472173,0.042399786,0.041104745,0.03960894,0.0398696,0.04017976,150% N,22P05500800,26.78125,8.391219548973616,76.94002705096149,118.21615166442753,61.65627192640526,30.35714285714286,142.5
14,62,0.6172564,0.6168024,0.61545265,0.6173514,0.6180545,0.6202989,0.62294006,0.6257268,0.6275215,0.63178456,0.6367569,0.6415096,0.64780694,0.6532825,0.6584518,0.6620085,0.66566193,0.6693465,0.672656,0.6737346,0.6740972,0.6749518,0.6735202,0.67052007,0.6627276,0.6460398,0.62210226,0.59662926,0.571635,0.5480121,0.5285008,0.50882035,0.4925811,0.47694543,0.46582955,0.45610523,0.4518845,0.45081326,0.4519084,0.4565435,0.46263283,0.47206336,0.48062423,0.4893855,0.49713087,0.5030702,0.50777435,0.5104229,0.51250416,0.5126733,0.5143494,0.51699567,0.519753,0.5255013,0.5272323,0.5285604,0.52865785,0.524158,0.5201359,0.5116811,0.5018396,0.48818696,0.4753202,0.459418,0.44302225,0.427974,0.41581935,0.40384573,0.39601618,0.38543665,0.3752843,0.35995328,0.3401993,0.31956765,0.29705855,0.27408767,0.25458032,0.23714297,0.22396538,0.2152361,0.21002276,0.20597696,0.20398603,0.20094886,0.19941011,0.1971215,0.19573368,0.195483,0.19615269,0.1962071,0.19774963,0.19939604,0.20159793,0.2038584,0.20573097,0.20634994,0.20858526,0.20959766,0.21107842,0.21178344,0.21306229,0.21305266,0.21458983,0.21481983,0.21658954,0.2173556,0.21804637,0.22168261,0.22528158,0.2297183,0.23172015,0.23757657,0.24154598,0.24493064,0.24881421,0.25083512,0.2545045,0.25764656,0.26034075,0.26280352,0.26216266,0.25987554,0.2581058,0.2534668,0.2481536,0.24180537,0.23646435,0.23194,0.23012967,0.2273044,0.22560236,0.22318122,0.22165757,0.22034094,0.21847102,0.21733615,0.21651655,0.21583536,0.21599078,0.21474203,0.21388374,0.2137531,0.2135314,0.2143222,0.2151725,0.215808,0.21714452,0.21789476,0.21821497,0.21868554,0.22049436,0.22193944,0.22563446,0.22696108,0.22731829,0.22791705,0.22634159,0.22052975,0.21364874,0.20413072,0.19161904,0.17434151,0.15693271,0.13827106,0.12281266,0.11108158,0.10379296,0.09909871,0.096974134,0.09609987,0.09678869,0.09885834,0.10121979,0.10346549,0.10622497,0.1087513,0.111233346,0.11388239,0.11714971,0.120062366,0.12301834,0.12536384,0.1271956,0.1281785,0.12783647,0.12610641,0.12392518,0.120497026,0.1169467,0.11236234,0.10812776,0.10417468,0.10108486,0.09791087,0.09553373,0.09304193,0.09192926,0.09061952,0.08965975,0.08862396,0.088867664,0.08891873,0.08972116,0.09010854,0.09222551,0.09385964,0.09580255,0.097654864,0.09931943,0.100666344,0.10198651,0.10317184,0.10443641,0.105654426,0.107286766,0.108325586,0.11041415,0.111377165,0.112879634,0.11415395,0.11454253,0.11489011,0.11476988,0.11364327,0.11087412,0.10768001,0.10373193,0.09913398,0.09442976,0.088280976,0.08433187,0.08289018,0.08497061,0.085384384,0.08327988,0.08091933,0.07887305,0.07535085,0.0732679,0.07069911,0.06930448,0.06763256,0.06724146,0.067297176,0.06708731,0.067724675,0.06827257,0.068299316,0.07070115,0.07136512,0.07206106,0.07241971,0.072171524,0.07157256,0.07145929,0.069506496,0.0684907,0.06646776,0.06379558,0.0609681,0.0576234,0.05436205,0.05105651,0.0479315,0.045920175,0.043157183,0.040620454,0.038748395,0.037350677,0.03607922,0.036664627,0.036420535,150% N,22P06700500,26.125,8.643530382660797,53.173663427339164,105.21779729456892,55.81079038839355,30.27384423157018,134.0
15,57,0.6359141,0.6342278,0.63244784,0.6338702,0.6330899,0.6355062,0.6391424,0.6406497,0.6413522,0.6459074,0.6477666,0.65331423,0.65771514,0.6621134,0.666253,0.6703735,0.6729792,0.67678833,0.6788244,0.6813057,0.6810622,0.6819484,0.68042976,0.67758596,0.67041755,0.65627664,0.63494456,0.60929036,0.5871179,0.568241,0.54691887,0.529459,0.5146639,0.49887586,0.4859953,0.4754578,0.4714436,0.47055227,0.4715547,0.47593182,0.48258966,0.4921096,0.4999107,0.509672,0.5150336,0.52211773,0.5260478,0.52921486,0.53134143,0.5332215,0.5339333,0.5355489,0.5395777,0.5433327,0.5444369,0.5464866,0.5456769,0.54384923,0.538843,0.53193855,0.521206,0.50904775,0.49564752,0.4798785,0.46455845,0.44713482,0.4330947,0.42011985,0.41197953,0.40156806,0.38989717,0.374194,0.35726675,0.33390388,0.3114871,0.28848636,0.26846623,0.2508117,0.2378492,0.22776285,0.22271398,0.21805868,0.21505143,0.21306553,0.21123621,0.20831476,0.20696905,0.20660394,0.206109,0.20630272,0.20756036,0.20969862,0.21170266,0.21456496,0.21632975,0.21874692,0.22013134,0.2215561,0.22338201,0.22512652,0.22656363,0.22635397,0.22733477,0.22834717,0.22899494,0.23044047,0.23079586,0.23373395,0.23784295,0.24135393,0.24561477,0.25019914,0.25397062,0.25651458,0.25969964,0.2638427,0.26566726,0.26975128,0.27264056,0.27228397,0.27133906,0.27022874,0.26704496,0.2637058,0.25779578,0.25311238,0.24627618,0.24203397,0.23851418,0.23702192,0.23477358,0.2311212,0.22897498,0.22797702,0.22687943,0.22455844,0.2251431,0.22545958,0.2240518,0.22411108,0.2236808,0.22356147,0.22434409,0.22449115,0.22541353,0.22521405,0.2268107,0.22701086,0.22790268,0.22839,0.22977552,0.23133516,0.23355621,0.23629464,0.23719653,0.23678434,0.23452803,0.23006731,0.22334415,0.21434249,0.20279218,0.18506715,0.16689207,0.14610377,0.12956142,0.11641837,0.10859345,0.10240382,0.0998881,0.09861028,0.09941022,0.10127493,0.10392648,0.10747717,0.11022006,0.11373968,0.11680159,0.12027881,0.12302713,0.12607992,0.12905207,0.13148206,0.13298137,0.13366976,0.13361777,0.13179469,0.1291545,0.1254274,0.121838346,0.115982145,0.11159739,0.10699268,0.103177726,0.09944923,0.09707731,0.094321504,0.09295181,0.09156932,0.0902753,0.08901566,0.08904725,0.08943326,0.09039083,0.09164116,0.09360333,0.095430434,0.097284146,0.09938478,0.10066855,0.102670796,0.10433675,0.105120055,0.10672717,0.108213365,0.10966058,0.11149679,0.11359776,0.114894934,0.116583936,0.11749694,0.11859142,0.11886754,0.11878507,0.11681073,0.1140501,0.11024979,0.105702266,0.100438975,0.09511133,0.08874428,0.085282944,0.08272736,0.08514386,0.08567194,0.08410111,0.081543826,0.07926045,0.07597338,0.07377303,0.07153641,0.06961509,0.06849169,0.06793288,0.06753392,0.06811845,0.06826061,0.06902177,0.06942271,0.071108565,0.071770415,0.07299266,0.07343787,0.07333399,0.07297687,0.072487,0.070542365,0.06960757,0.06761993,0.06547096,0.062441383,0.05904256,0.05560535,0.052444734,0.04886139,0.046943046,0.04360479,0.041012242,0.03848991,0.036774747,0.035561986,0.035611052,0.03518624,150% N,22P074001000,25.1875,8.54926709136474,63.49031956037535,124.12162717408847,59.48053553765719,31.99708454810495,179.0
16,63,0.6164923,0.6155534,0.6151362,0.61567396,0.61645424,0.6184915,0.6201204,0.6243502,0.62670076,0.6312744,0.63459206,0.6389861,0.6442218,0.6508856,0.65489626,0.6600258,0.66305405,0.6674648,0.6696551,0.6705515,0.6721845,0.673236,0.67230403,0.66758716,0.6581186,0.6418149,0.618498,0.59256566,0.5699788,0.5471121,0.5248583,0.5062943,0.491223,0.47642863,0.46332029,0.4524243,0.44812924,0.4468829,0.44901562,0.45229715,0.460009,0.4697726,0.47914246,0.4866821,0.49287257,0.4983572,0.5045061,0.50662005,0.508159,0.5103336,0.51170933,0.5131706,0.5177841,0.52197343,0.5240064,0.5257241,0.5250493,0.52215916,0.51662976,0.5092846,0.49919257,0.48652798,0.47344357,0.4562332,0.44235253,0.42358088,0.41004843,0.3981814,0.39004967,0.38115332,0.36842683,0.35274643,0.3366373,0.31763312,0.2961661,0.27393535,0.25589967,0.2387484,0.2269193,0.21780051,0.21174331,0.20742355,0.20509794,0.2027035,0.20038635,0.19823611,0.19808297,0.19763054,0.19827703,0.19794644,0.20032798,0.2027394,0.20369524,0.20619644,0.20842281,0.2091844,0.21150975,0.21218185,0.21339044,0.21460919,0.21611631,0.21704142,0.21744542,0.21867478,0.21965396,0.22047171,0.22209033,0.22372492,0.22768028,0.23022467,0.23458424,0.23735,0.24103755,0.24342404,0.24688758,0.24949093,0.25292116,0.25565073,0.2577354,0.25738856,0.2561834,0.25129554,0.24775243,0.24568217,0.23884973,0.23275271,0.23001277,0.2269181,0.22516622,0.222947,0.2215294,0.21901035,0.21777841,0.21669626,0.21544461,0.21366552,0.21301511,0.21248499,0.21109584,0.21133614,0.21066193,0.21069625,0.21138334,0.2112901,0.21235526,0.21318091,0.21462132,0.21485627,0.21451391,0.2145825,0.21677956,0.21744806,0.22052602,0.22188094,0.22367023,0.22167978,0.22065854,0.21589705,0.2099635,0.20340899,0.1910868,0.17461878,0.15680382,0.1381764,0.12292071,0.112479344,0.10527718,0.09967217,0.0974621,0.09668637,0.09733621,0.09965486,0.102475576,0.10521404,0.10856771,0.11107061,0.11356791,0.11496134,0.1181802,0.12094636,0.123957835,0.12584347,0.12708339,0.12747651,0.12750067,0.12591912,0.12421056,0.12060102,0.117012635,0.11258176,0.10927732,0.10676496,0.10351691,0.10002648,0.09767336,0.09479991,0.093637645,0.092401564,0.091336764,0.09067568,0.090606734,0.09054732,0.09072167,0.09183391,0.09325184,0.09412635,0.094554834,0.0958668,0.09742119,0.09891038,0.10011236,0.10091191,0.10232399,0.10373315,0.105210215,0.1059961,0.108620524,0.11004831,0.11146505,0.11227994,0.11303302,0.113629006,0.11293665,0.11133137,0.1096059,0.10596537,0.10194749,0.097076565,0.09232569,0.08701192,0.084161535,0.082185805,0.08395415,0.084578834,0.08361748,0.080884285,0.07814439,0.07512919,0.07372042,0.07104798,0.06991591,0.06830396,0.06828303,0.06779127,0.06825108,0.068399794,0.068602465,0.06954923,0.07086179,0.07166373,0.07275166,0.07264707,0.072827555,0.071839705,0.072490305,0.07042695,0.0692768,0.06687184,0.06475255,0.062135905,0.05873605,0.055214208,0.0523553,0.049345836,0.0475216,0.04393361,0.04116444,0.039026532,0.037653595,0.037345275,0.037302174,0.037343044,150% N,22P09100200,24.40625,9.269701016086291,60.48146377901571,100.40923263467874,62.348110481309206,27.75926697209496,252.0
17,63,0.6031921,0.6010768,0.6001915,0.6007403,0.601863,0.604112,0.6073494,0.6099025,0.61042225,0.61446327,0.6192765,0.62380975,0.6292295,0.6364404,0.6406122,0.64414805,0.64830315,0.6518873,0.6531348,0.6558216,0.6568322,0.65628916,0.6561035,0.6526623,0.64456487,0.62563396,0.6037828,0.5782961,0.554281,0.53336614,0.51153004,0.49363428,0.47802463,0.4648928,0.4518959,0.4417928,0.4366322,0.43428385,0.43590993,0.43976128,0.4466911,0.45584753,0.4655827,0.47402883,0.48060238,0.48698688,0.49199888,0.49361497,0.4957204,0.49585646,0.498777,0.5011322,0.5049038,0.50703543,0.5106044,0.5111388,0.51015157,0.50733835,0.5032587,0.49542585,0.48626465,0.47354805,0.45885938,0.44508094,0.42943564,0.41296148,0.39927256,0.3866766,0.37894946,0.37052423,0.36002013,0.3427455,0.32669312,0.3079851,0.2875036,0.2652979,0.24681,0.23023134,0.216863,0.20874965,0.20301743,0.19780496,0.19561824,0.19286263,0.1908794,0.1885151,0.18779837,0.18690777,0.18692818,0.18756804,0.18911745,0.18995425,0.19275704,0.19442208,0.19691834,0.19840483,0.20024562,0.2004972,0.20197552,0.20279871,0.20429492,0.20438997,0.2058542,0.20699537,0.2077799,0.20931189,0.21001762,0.21249066,0.21583243,0.2179885,0.2225952,0.22706158,0.23132358,0.23412524,0.2369342,0.23902883,0.24319315,0.24524295,0.24736,0.24801919,0.24616355,0.24543804,0.24333231,0.23912728,0.23521265,0.22774976,0.22399312,0.21997426,0.21750905,0.2152472,0.21310925,0.21075371,0.20791672,0.20711885,0.20582141,0.20428975,0.20423852,0.20360759,0.20338129,0.20246759,0.20279919,0.20206065,0.20289758,0.20339051,0.2038991,0.20419253,0.20546332,0.20566225,0.20603332,0.20731258,0.20826048,0.21020785,0.21175203,0.21319734,0.2144603,0.21397683,0.21263705,0.20826511,0.20186983,0.19366032,0.18278751,0.16744742,0.15103818,0.13270015,0.11857041,0.1069473,0.09944602,0.09420218,0.092223704,0.091055624,0.09190912,0.093437776,0.09579753,0.09868389,0.10125062,0.10419251,0.10719472,0.110161275,0.11351955,0.11609851,0.11884728,0.12105184,0.12242541,0.122927584,0.123166,0.12132916,0.11900451,0.11604357,0.11195165,0.10751256,0.10338986,0.098640904,0.09594981,0.09264305,0.090398364,0.08802623,0.086797945,0.08516738,0.08447869,0.08329497,0.083727136,0.08386956,0.084922165,0.08656058,0.0885115,0.09010965,0.091603786,0.093145,0.09451104,0.0955884,0.09759587,0.09914158,0.100143895,0.10111682,0.10276797,0.10394626,0.10538435,0.106951654,0.10830504,0.10896902,0.10950577,0.109745525,0.10979922,0.108024284,0.105706535,0.10233025,0.09804773,0.093908,0.0891809,0.08480949,0.082014374,0.08023609,0.08206268,0.08190788,0.08066936,0.07855816,0.07604418,0.07337111,0.07039137,0.06839802,0.06634329,0.06562099,0.06506459,0.06485693,0.064979225,0.06543589,0.065812975,0.06661987,0.06790485,0.068496615,0.06996157,0.070108995,0.070017,0.06962833,0.06891274,0.06804614,0.06653814,0.06486547,0.06291242,0.05994146,0.057098173,0.054105263,0.050540604,0.04752776,0.045709673,0.04319856,0.040236603,0.0382895,0.036947556,0.036301553,0.036548205,0.036633752,150% N,22P06500300,24.6875,8.306589676602114,22.72719603873377,103.50098619329384,66.93365564554107,28.66513952519783,315.0
18,56,0.6159349,0.61488193,0.61493087,0.6149284,0.61593723,0.6172087,0.6203651,0.6237517,0.62423813,0.62928957,0.6316814,0.6375583,0.6420761,0.6476362,0.6524118,0.6572708,0.6612605,0.6652003,0.66643274,0.6686705,0.66962975,0.67038107,0.6702527,0.6664713,0.6591357,0.64145124,0.61904657,0.5932131,0.5700021,0.55062795,0.531646,0.5126515,0.49630278,0.47978163,0.4660127,0.45348933,0.44741505,0.44562748,0.44712603,0.45080578,0.45916474,0.46933866,0.48051167,0.48891836,0.4971357,0.5038404,0.5091268,0.5109236,0.5146214,0.5161836,0.51695323,0.51973754,0.5238147,0.5265359,0.5298008,0.5299753,0.529456,0.52758867,0.5247019,0.51551527,0.5053431,0.49124482,0.47699636,0.45844162,0.44163632,0.42436588,0.4092347,0.3975466,0.3873976,0.37684268,0.36556908,0.351049,0.33311123,0.310592,0.28821558,0.2654497,0.2461319,0.2296425,0.22116564,0.21145496,0.20533408,0.20328435,0.20113891,0.19908522,0.19755174,0.1961205,0.19466381,0.19329639,0.19411135,0.19436371,0.19600675,0.19748041,0.19952819,0.2013531,0.2029321,0.20376453,0.20526661,0.20634553,0.20714647,0.20772327,0.20839599,0.20790918,0.20945865,0.20965897,0.21042308,0.21110576,0.21245238,0.21471229,0.21715184,0.22060278,0.22325769,0.22494534,0.228746,0.23220131,0.2354058,0.23783997,0.24061163,0.24409428,0.24596247,0.24661146,0.24697365,0.24494627,0.24325268,0.2382981,0.23327935,0.22709003,0.22189102,0.21792561,0.21587768,0.2135501,0.21137042,0.20931122,0.20743826,0.20602585,0.204883,0.20367004,0.2025221,0.20207214,0.20159066,0.20130801,0.20076269,0.20013255,0.20143768,0.20112658,0.20247492,0.20348972,0.20326981,0.20452294,0.20492792,0.20582603,0.20742542,0.20892088,0.21091908,0.21372077,0.21449572,0.21382987,0.21266103,0.20792064,0.20188792,0.19384612,0.18265525,0.16636819,0.1508027,0.13244618,0.11852468,0.109925285,0.10317205,0.097751305,0.0956489,0.0946503,0.09529645,0.09726019,0.09972219,0.1020346,0.10469395,0.10740016,0.1100654,0.111643896,0.1138449,0.116164036,0.11877578,0.12078734,0.122143835,0.12241069,0.12265475,0.12082453,0.118338235,0.11505461,0.11223885,0.10830659,0.10479072,0.10143455,0.09813613,0.09533572,0.093173385,0.09162529,0.09003182,0.08876837,0.08748117,0.086328745,0.0864599,0.085894525,0.084810734,0.08536198,0.08625562,0.08789958,0.089057684,0.09099082,0.092520244,0.093549676,0.09540404,0.096281804,0.09772739,0.09888801,0.1007456,0.10172371,0.10427838,0.10556028,0.1067279,0.107570454,0.10889384,0.108869255,0.10895589,0.10688372,0.10544211,0.101699874,0.09741511,0.09282176,0.08781618,0.08247965,0.079235815,0.07729028,0.07916495,0.079391465,0.07842556,0.07569419,0.0739848,0.070952535,0.06894036,0.06718411,0.065705076,0.064509325,0.06379454,0.063868105,0.06420751,0.064217955,0.0649571,0.065497555,0.0669523,0.068242565,0.06900023,0.06892202,0.068905696,0.06876038,0.06817212,0.06683288,0.06602758,0.06374793,0.061640423,0.058958378,0.05563989,0.052599795,0.050026424,0.046831068,0.045233406,0.04221972,0.039922833,0.0379318,0.036301017,0.035655394,0.03578738,0.035350405,150% N,22P04100300,22.125,8.438930283835335,14.861269910219395,109.45958694605605,66.78228465786927,28.6182840483132,303.5
19,63,0.62016255,0.6181268,0.6192655,0.61943674,0.62052387,0.6226675,0.6239096,0.6258706,0.62633556,0.63085645,0.6346042,0.63758063,0.64350015,0.649491,0.65478534,0.6586561,0.6634156,0.6662189,0.6687957,0.6708491,0.66992134,0.6705211,0.669519,0.66519356,0.6579583,0.6430083,0.6188555,0.5952804,0.57341015,0.5521928,0.532872,0.51633143,0.5021859,0.48731396,0.4762608,0.46737927,0.46305704,0.46120918,0.4629459,0.46731806,0.47434238,0.48116863,0.49111328,0.49801567,0.50457746,0.5090933,0.5138382,0.51741326,0.5182756,0.5193926,0.5208018,0.5235138,0.52709746,0.52982676,0.5331644,0.5329151,0.5335406,0.530216,0.5265091,0.5206897,0.5104264,0.49928907,0.48584837,0.46971387,0.45494285,0.4365359,0.4215955,0.4077503,0.40081793,0.39219862,0.3806872,0.36581838,0.3470829,0.3256237,0.30494946,0.28726345,0.26801243,0.2540121,0.24084443,0.23299202,0.22615522,0.22212927,0.21903367,0.21681479,0.21449217,0.2125254,0.21006387,0.21007405,0.21207446,0.21283998,0.21346062,0.2162761,0.21987005,0.22051544,0.2234778,0.22587821,0.22660327,0.22701594,0.22855085,0.23025347,0.23018514,0.23217846,0.23408622,0.23446144,0.23501983,0.23443517,0.23336941,0.23749565,0.23942785,0.24521145,0.24898814,0.24984923,0.25368908,0.25563344,0.25656292,0.2586363,0.26198843,0.26416466,0.2664964,0.26678482,0.26757598,0.26608202,0.2630306,0.25944716,0.25500026,0.24864066,0.24293831,0.23902586,0.23730832,0.23398149,0.23172177,0.22845691,0.22700535,0.22513065,0.2231974,0.2232157,0.22190958,0.22127034,0.22199857,0.2206476,0.22047871,0.22038758,0.2212505,0.221127,0.22227861,0.22260043,0.22435527,0.22391567,0.22411372,0.22497019,0.22662123,0.22825395,0.23059286,0.23226239,0.23318191,0.23262165,0.23117997,0.22652672,0.21882348,0.21055965,0.19828348,0.18027996,0.16281986,0.14358993,0.12743175,0.11769975,0.10959978,0.103870004,0.10191447,0.10144895,0.10223018,0.10413214,0.107478224,0.11093111,0.11410838,0.118168935,0.12075205,0.12189781,0.12555158,0.12826452,0.13146442,0.1333911,0.13563116,0.13611992,0.13623165,0.13448352,0.13259695,0.1282989,0.124488704,0.11936787,0.11617362,0.113049485,0.1097779,0.10613902,0.10297569,0.100607075,0.09900639,0.097651176,0.09602151,0.09548254,0.09568064,0.09488504,0.09465964,0.09628077,0.098102905,0.0968139,0.09683594,0.09851465,0.10001626,0.10143654,0.103206486,0.10408968,0.105379626,0.10710867,0.10941696,0.110552594,0.112705976,0.113994926,0.11536792,0.11630693,0.11642239,0.116887026,0.116658114,0.11569929,0.11307265,0.10888555,0.104950294,0.10040851,0.09548102,0.09022947,0.08603681,0.084428474,0.08703379,0.08613233,0.08477875,0.082505584,0.08050873,0.077942036,0.07583346,0.07299133,0.07194478,0.07036344,0.0698184,0.06974669,0.06995189,0.07009548,0.07053017,0.07151655,0.0732098,0.074218184,0.075307906,0.07480328,0.074846715,0.074565984,0.07422164,0.07220417,0.071085796,0.0688871,0.0679088,0.06519993,0.06084666,0.057977892,0.05422197,0.050948415,0.04847326,0.04572402,0.041733436,0.040436123,0.038226277,0.036686856,0.03701809,0.037183784,150% N,22P05400800,25.1875,9.13627290872802,33.30520304159105,107.67570113634136,72.66384924827507,30.601832569762593,283.5
20,63,0.6367743,0.63561934,0.6362134,0.6360128,0.6377041,0.6414536,0.6418715,0.6448825,0.6470728,0.6508505,0.6548289,0.6581841,0.66453046,0.6698954,0.6748089,0.67783666,0.6828532,0.6857267,0.68695,0.69033647,0.6915349,0.69107854,0.68981004,0.6872499,0.6794495,0.6612394,0.63989794,0.6152624,0.5957029,0.57345974,0.55287087,0.53445655,0.5198664,0.5052363,0.4938782,0.4844931,0.48009506,0.4776689,0.47881737,0.48273268,0.48871496,0.49764028,0.50593907,0.5136228,0.52129936,0.52710664,0.53176653,0.53550744,0.5364369,0.538574,0.53976965,0.5424681,0.5457281,0.5506431,0.5532521,0.55359936,0.5532359,0.5497444,0.54479164,0.5368326,0.5265601,0.5138639,0.50093055,0.4851761,0.47105238,0.45459485,0.44013917,0.42783457,0.41993272,0.4084259,0.39742386,0.38337338,0.36490083,0.34228033,0.3196187,0.29846743,0.2791287,0.2610326,0.24705046,0.2388222,0.2335121,0.22980781,0.22899938,0.22589797,0.22444735,0.22235742,0.22089446,0.22037888,0.2209208,0.2217533,0.22356799,0.22598505,0.22943483,0.23120157,0.23379594,0.23458108,0.23566374,0.23574422,0.23764989,0.23752254,0.24022792,0.24083649,0.24113223,0.24256341,0.24264652,0.24318443,0.24507251,0.24765372,0.25311562,0.25746,0.2626216,0.2659987,0.27185124,0.27506027,0.27853954,0.2808462,0.28431663,0.28683224,0.2887217,0.2893749,0.28762603,0.28580624,0.28378356,0.2779683,0.27412325,0.26646426,0.2609717,0.25751245,0.25478584,0.25229532,0.2508515,0.24833313,0.24703027,0.24575865,0.24486008,0.24383618,0.24288297,0.24082106,0.24065852,0.23857641,0.2400522,0.23915395,0.23959942,0.23931041,0.2395293,0.24132966,0.24191667,0.2427015,0.24316518,0.24380644,0.24497154,0.2473445,0.24975678,0.25075692,0.2518571,0.25138533,0.24920788,0.24530903,0.2383922,0.22774541,0.21318576,0.19355765,0.17350338,0.15195706,0.13465033,0.12328334,0.11478918,0.10923812,0.10642937,0.10581675,0.10701919,0.1092686,0.111127436,0.114312805,0.11788379,0.12098755,0.1251897,0.12882149,0.13202375,0.13490245,0.13842927,0.14076136,0.14258753,0.14317122,0.14329067,0.14196955,0.13901126,0.13581258,0.13111243,0.12709787,0.12244124,0.11785599,0.11408194,0.11036136,0.10786959,0.105584666,0.10396265,0.10232269,0.10162331,0.100355715,0.100945115,0.1009569,0.10211254,0.10258437,0.10390201,0.107075274,0.10926467,0.11050808,0.11195127,0.11284661,0.11442352,0.115720995,0.11721748,0.11882093,0.12049437,0.12155301,0.1239447,0.1259563,0.12710738,0.12877467,0.12964353,0.12963083,0.1291093,0.12721556,0.12445025,0.12036869,0.11576026,0.11060976,0.10552035,0.09984213,0.09609272,0.09401205,0.09582928,0.095213376,0.0941398,0.09162401,0.08886768,0.086012766,0.08321904,0.081119984,0.07965106,0.078187756,0.0773424,0.07739798,0.077484205,0.07757443,0.07890342,0.07891549,0.080965705,0.08120373,0.08234949,0.082661174,0.08244851,0.082248874,0.081303686,0.079777494,0.078023754,0.07553162,0.073441476,0.07035161,0.06679133,0.062425826,0.058944076,0.05515032,0.053108573,0.049333878,0.04612428,0.04331754,0.041811388,0.04081733,0.040949322,0.040107965,150% N,22P04500300,24.1875,8.482701434998118,106.81354982991708,99.16496430919503,72.79381910290117,26.09850062473969,383.0
21,63,0.6293513,0.6283076,0.62711823,0.62785214,0.6289833,0.63076186,0.63202024,0.6355546,0.6359145,0.6394081,0.6424302,0.6462785,0.65143585,0.65634686,0.66090274,0.66484976,0.66981816,0.6717144,0.67389333,0.6752062,0.67631507,0.67607784,0.6756406,0.6726854,0.66606355,0.6477133,0.6243949,0.59757566,0.579173,0.55817294,0.53650534,0.5186817,0.50541866,0.48962048,0.47658026,0.46624643,0.46066296,0.45873535,0.46063775,0.4647671,0.4710311,0.4809995,0.49030733,0.4981053,0.5034827,0.5106232,0.51504195,0.5144816,0.51843685,0.51987815,0.5210713,0.5236386,0.5271666,0.52894646,0.5341315,0.53445995,0.534697,0.53114146,0.5265066,0.5191145,0.5096285,0.49870032,0.48468435,0.4684913,0.45200813,0.4350473,0.42174953,0.40986526,0.4023441,0.39284608,0.3819988,0.36799785,0.3502269,0.3283353,0.30687988,0.2854454,0.26735753,0.24934062,0.23673587,0.22694206,0.2208356,0.21611205,0.21556221,0.21273583,0.21137297,0.20966771,0.20821105,0.20743397,0.20809433,0.20839386,0.21099678,0.21299216,0.21435988,0.21535026,0.21823117,0.21939181,0.22082663,0.22175021,0.22374965,0.22570738,0.22704645,0.22773217,0.22897491,0.23004746,0.23151353,0.23174496,0.23408256,0.23483935,0.23899724,0.24226749,0.24734198,0.25146282,0.256629,0.26057798,0.26286048,0.26473755,0.26832053,0.27233887,0.27349532,0.27503538,0.27136043,0.26918837,0.26581982,0.26163018,0.25785062,0.25061345,0.24706832,0.24408582,0.24339253,0.24151358,0.239651,0.23792067,0.2349697,0.2339223,0.23318721,0.2316588,0.22978622,0.22801846,0.22844157,0.22784704,0.22712179,0.22626963,0.22804898,0.22716984,0.2270287,0.22936587,0.22835457,0.22957426,0.23080143,0.23166566,0.23212472,0.23480892,0.23683295,0.23854262,0.24034333,0.23997208,0.2376707,0.23220778,0.22578219,0.2158739,0.20349354,0.18713905,0.16865718,0.14738041,0.1311756,0.11917464,0.111362815,0.10578237,0.10270114,0.10209112,0.10310593,0.10538333,0.10764346,0.110577464,0.11347922,0.11646095,0.11980188,0.123004906,0.12723076,0.13079908,0.13367999,0.13617767,0.13862127,0.13867593,0.13934773,0.1381247,0.13523766,0.13070217,0.1274897,0.122867346,0.11710449,0.11231965,0.10899192,0.10575946,0.103115246,0.101106845,0.099470004,0.09821622,0.09710212,0.09629355,0.09669725,0.09695189,0.09720319,0.09858876,0.09999344,0.10158576,0.103594586,0.104519814,0.1065809,0.10845645,0.110433325,0.11168132,0.113001645,0.114398375,0.116464674,0.11847232,0.120391265,0.122886874,0.12429716,0.1250278,0.1256073,0.12591837,0.12517175,0.12356514,0.12091933,0.116882496,0.11163117,0.106966995,0.1026662,0.09626121,0.09265232,0.09052697,0.09273435,0.09285058,0.090938166,0.08734625,0.08508759,0.08153868,0.07860957,0.076709434,0.07598911,0.07332347,0.0730943,0.0726049,0.07345348,0.07324147,0.07404217,0.07444197,0.07634755,0.077538,0.07823832,0.077663265,0.07849318,0.07779697,0.07700786,0.07543681,0.07400395,0.07189357,0.06991123,0.06685569,0.06313729,0.059840195,0.056351762,0.0531118,0.05123774,0.0496506,0.045637917,0.043759916,0.042146884,0.040892884,0.041083027,0.040878184,150% N,22P06200100,21.71875,8.579875728086158,36.913204998311386,101.57426343018187,76.45136334825244,21.1734693877551,629.0
22,66,0.618568,0.61559665,0.6169957,0.6163104,0.6173759,0.620526,0.6217834,0.6253222,0.62659776,0.631337,0.63661134,0.64038175,0.644359,0.649613,0.654538,0.65894645,0.66176826,0.66514635,0.66682386,0.66753745,0.6695198,0.6702373,0.6688756,0.66570556,0.65780735,0.6421969,0.61976266,0.5947337,0.5754769,0.5526043,0.5326938,0.51358944,0.49931926,0.48543212,0.47403857,0.4646271,0.4594578,0.45747554,0.45977217,0.4636811,0.46971995,0.47822136,0.4881603,0.49544787,0.50288683,0.5074761,0.51228404,0.5150238,0.5170462,0.51740146,0.5185627,0.52135205,0.52513736,0.528563,0.5314178,0.53214836,0.5328167,0.5295937,0.5244292,0.51781803,0.50903475,0.49615192,0.4838669,0.46649393,0.45126164,0.43412322,0.41903812,0.40675986,0.39730868,0.38726297,0.3764278,0.361695,0.34340423,0.32170406,0.29926074,0.27690637,0.258936,0.2410557,0.22842151,0.21933648,0.212639,0.20926362,0.20648335,0.20467111,0.20220268,0.20015016,0.19875266,0.19857378,0.19986829,0.2004267,0.20239225,0.20355998,0.2059631,0.20932345,0.21140836,0.21155433,0.2134341,0.21406567,0.21540034,0.21640278,0.21840225,0.21891205,0.2193408,0.21994327,0.22178361,0.22219774,0.22471628,0.22587073,0.22983052,0.23265296,0.23735997,0.24157435,0.24528606,0.24803296,0.25138757,0.25462753,0.2572859,0.26010138,0.26157218,0.26209396,0.26215595,0.2607363,0.25681695,0.25257516,0.24818544,0.24205905,0.23727694,0.23244357,0.23014635,0.22765133,0.22539185,0.22312987,0.22149473,0.21962638,0.21811222,0.21674407,0.21648264,0.21562725,0.21533877,0.21408966,0.21407881,0.21378177,0.21408297,0.21481776,0.21561345,0.2160185,0.21747193,0.21809958,0.21920928,0.21880396,0.22083785,0.22238883,0.22458099,0.22652686,0.22649801,0.22734015,0.22582957,0.22032902,0.21413168,0.205182,0.19267097,0.17613968,0.15892062,0.14049923,0.12458433,0.11298201,0.10513058,0.09879327,0.09640485,0.095482826,0.09654265,0.09861258,0.10143879,0.10479607,0.10838756,0.1111723,0.11449301,0.11755716,0.1208104,0.12398656,0.12718937,0.12855777,0.13041267,0.13053867,0.13080156,0.12943903,0.12686187,0.12374212,0.1197982,0.114815705,0.11075854,0.1073571,0.104250915,0.10089175,0.09812862,0.09605546,0.0946199,0.09308025,0.092130795,0.09090154,0.09103568,0.09117733,0.09174292,0.093207285,0.095445774,0.09726667,0.09914647,0.100448884,0.10183734,0.10318163,0.10468522,0.10551099,0.107128285,0.108061045,0.10946303,0.11059478,0.11247568,0.1142668,0.11520002,0.1162094,0.11677456,0.11700931,0.11731544,0.1157276,0.11319114,0.10979669,0.106069356,0.101034716,0.09581718,0.08999935,0.08616485,0.08472538,0.08690402,0.0863767,0.085438535,0.08334522,0.080442496,0.07789547,0.07588702,0.0734575,0.07182427,0.070681125,0.06978502,0.069834135,0.06981417,0.06952176,0.070240036,0.07071284,0.07260779,0.073484816,0.07442026,0.074722394,0.07482011,0.07443103,0.0734919,0.07223798,0.070623875,0.06863513,0.066579506,0.06355567,0.060628742,0.056685515,0.05325921,0.04987931,0.04794345,0.044370763,0.041774314,0.039536875,0.03864486,0.03752759,0.03755427,0.037341233,150% N,22P09600100,24.875,9.120386584302642,82.63163689346771,101.91079045017722,87.5198609731878,25.223865056226575,290.0
23,62,0.6013125,0.59970325,0.5996755,0.5999821,0.5999637,0.6021366,0.60370374,0.6075125,0.6074638,0.6119599,0.61541855,0.6203418,0.62426555,0.6292936,0.6333674,0.6389775,0.64174545,0.6448355,0.6473413,0.6475574,0.6481458,0.64881885,0.6477339,0.6438266,0.6371888,0.6233355,0.60182786,0.57669455,0.55679077,0.53794116,0.5181067,0.49822363,0.48452416,0.46876448,0.45631298,0.44604105,0.44249028,0.44102967,0.4426225,0.44666868,0.45360088,0.4630761,0.472541,0.48074445,0.48757547,0.49294692,0.49881077,0.50086045,0.5033956,0.5046648,0.50481594,0.5075079,0.5107633,0.51412475,0.51718277,0.51829815,0.5183819,0.5146016,0.5107023,0.50281024,0.49326387,0.47945756,0.46604738,0.45044768,0.4338985,0.41697276,0.40367007,0.3910604,0.38353693,0.3742314,0.36430144,0.34931433,0.3339651,0.31312302,0.29420274,0.27373207,0.25561878,0.23925963,0.22710302,0.21864672,0.21366763,0.21010417,0.2075775,0.20515195,0.2040123,0.20243365,0.20129478,0.19949245,0.20028508,0.20054054,0.20284787,0.20405771,0.20730352,0.20902427,0.21055974,0.2122577,0.21344304,0.21506657,0.21477807,0.21665692,0.21817663,0.21893322,0.21977487,0.22180803,0.2216844,0.22266954,0.22412154,0.22484131,0.22978228,0.23338504,0.23676193,0.24078146,0.2445572,0.24773026,0.25065303,0.2532003,0.25587744,0.25790477,0.260453,0.26065004,0.25869334,0.25709507,0.25552702,0.25129718,0.247228,0.2405415,0.23603241,0.23280254,0.23109075,0.22805174,0.22571957,0.22406244,0.22205749,0.22096244,0.2195393,0.2190394,0.21800628,0.2172981,0.21705717,0.21584131,0.21592683,0.21566162,0.21616477,0.21603082,0.21715131,0.21743277,0.21776214,0.21812528,0.21877295,0.21915758,0.22009704,0.22193483,0.22360268,0.22550492,0.22697748,0.22602813,0.22485363,0.22011876,0.2144374,0.20604917,0.1947008,0.17756924,0.16014853,0.14060028,0.12447637,0.11313779,0.10470396,0.09857667,0.096509844,0.09542094,0.09656007,0.098869205,0.10216473,0.105677105,0.10960449,0.11213061,0.11489639,0.117129534,0.120103665,0.12318284,0.12552544,0.12795898,0.1302329,0.13048683,0.13155136,0.12998176,0.12771542,0.12445935,0.12062554,0.116420016,0.11241984,0.10891843,0.10562018,0.10276362,0.09960262,0.09696843,0.095488295,0.09392174,0.09294751,0.09207529,0.09203548,0.09220171,0.092739716,0.09328387,0.09490208,0.096778184,0.09871294,0.10020724,0.10218014,0.10391478,0.10569232,0.10670438,0.10842317,0.110815614,0.112564385,0.11374867,0.11611295,0.117890716,0.1189868,0.1195881,0.12078293,0.12078503,0.12021726,0.11855606,0.115464255,0.11164495,0.10710483,0.10160878,0.09699839,0.09161863,0.08765471,0.08612111,0.087795615,0.087811254,0.08694393,0.08397235,0.08144772,0.07821371,0.07598548,0.073465,0.07219214,0.07012309,0.07000073,0.06911276,0.06955287,0.06907047,0.07029328,0.07068447,0.0721307,0.07331286,0.074403465,0.074562535,0.074497156,0.07477025,0.0732119,0.07162355,0.07050642,0.068050444,0.06493385,0.06125972,0.058872648,0.054786917,0.052181765,0.049034808,0.047583014,0.04511209,0.042332493,0.039934866,0.038305815,0.037149664,0.037792765,0.038168967,150% N,22P01700600,25.4375,9.411533281699414,81.76962676962677,86.04305543389572,96.69221305297154,25.77571845064557,320.0
24,60,0.6155535,0.61460745,0.6140727,0.6153095,0.61570525,0.61716044,0.61909723,0.6223059,0.62353027,0.62631965,0.6298246,0.6343157,0.6385697,0.64343756,0.6484908,0.6526861,0.6553031,0.6595535,0.66152704,0.662744,0.6643747,0.6650858,0.6638087,0.6597926,0.6518911,0.63697284,0.6177867,0.59473157,0.57361996,0.5504219,0.5300472,0.51145774,0.49607062,0.48213443,0.47105587,0.46137005,0.45642948,0.45535797,0.45672247,0.46084553,0.46740413,0.4746684,0.48415178,0.4918788,0.49856263,0.5034461,0.5085653,0.51076674,0.5125656,0.514608,0.51556003,0.51751155,0.521504,0.52439785,0.5271471,0.52793896,0.527478,0.5246125,0.5196922,0.5116621,0.5038515,0.4907071,0.47827086,0.46170935,0.44699803,0.43041694,0.41608977,0.4069723,0.3992101,0.3892899,0.37916547,0.36428747,0.34791142,0.32620025,0.3049072,0.2836498,0.266773,0.2514614,0.23849711,0.22725004,0.22095549,0.21630657,0.21341786,0.21122548,0.20950873,0.20744628,0.20699038,0.20659052,0.20701134,0.20709309,0.20871118,0.21042767,0.21208304,0.21402046,0.21696226,0.218838,0.22049013,0.22169311,0.22425812,0.22465861,0.22666758,0.22807705,0.22961302,0.23033406,0.23203567,0.23237607,0.23524475,0.23605782,0.24106121,0.24397463,0.24919975,0.25219768,0.25749922,0.25982958,0.26407975,0.26599404,0.2686615,0.27223158,0.2741546,0.2724258,0.27241513,0.26991323,0.26733994,0.2634215,0.25941318,0.25285912,0.24933557,0.24602658,0.2430804,0.24128756,0.23897438,0.23591602,0.23320591,0.2317679,0.23107523,0.22938514,0.22809069,0.22844194,0.22803041,0.22812033,0.22753301,0.22695267,0.22717264,0.22759065,0.22789393,0.22905058,0.23007724,0.23103985,0.23113203,0.2315662,0.23218703,0.23455611,0.2364608,0.23903468,0.23918805,0.2392318,0.23799253,0.23284069,0.22600201,0.2179451,0.20524251,0.18684827,0.16607754,0.14479351,0.13019848,0.11817097,0.111322336,0.10467433,0.10162035,0.10047563,0.101969056,0.10381983,0.106968924,0.10958812,0.11234457,0.11580504,0.11897297,0.12243868,0.12528421,0.12824322,0.13122517,0.1330905,0.13482405,0.13535452,0.13597614,0.1344064,0.1320748,0.12874892,0.12507874,0.119745284,0.115725726,0.11193749,0.10806924,0.10439449,0.10092885,0.0989256,0.09764172,0.09636091,0.095676556,0.094317004,0.09423153,0.09443618,0.09511347,0.09646416,0.09863183,0.100181624,0.101832286,0.10357647,0.10664769,0.10758001,0.10913783,0.109616354,0.11178246,0.11308967,0.11509933,0.116023645,0.118278086,0.120390296,0.12131232,0.12233648,0.12350346,0.12299735,0.12303258,0.120825976,0.11844602,0.11482108,0.11075856,0.105837435,0.100971386,0.09526415,0.091615915,0.09024627,0.09188144,0.091763094,0.09009232,0.08815195,0.085198745,0.08219294,0.07963896,0.07693584,0.07540712,0.07409041,0.07335886,0.07276918,0.07374034,0.073487535,0.07422523,0.075123265,0.07641569,0.0771316,0.078549504,0.07862887,0.078517474,0.07829742,0.078108385,0.076349065,0.07464528,0.07283218,0.07035278,0.067067534,0.06359054,0.060429998,0.056973174,0.05430565,0.05117408,0.048228607,0.045965567,0.04370051,0.04214033,0.040744435,0.040653627,0.041290868,150% N,22P00100800,24.0625,8.540826371016523,92.58860570553523,101.23451128894678,80.28745173258447,25.952728029987504,304.0
25,61,0.62651265,0.62614596,0.6260536,0.6279568,0.6293857,0.63091606,0.63238996,0.6367954,0.6390718,0.64360464,0.646297,0.6506858,0.6551203,0.6599588,0.6655446,0.6699946,0.67257243,0.67696166,0.6789441,0.6805008,0.68142325,0.6813877,0.6819225,0.6787971,0.6738639,0.6573932,0.63672775,0.6128249,0.5898715,0.567583,0.54997903,0.52979356,0.51479393,0.500977,0.4887848,0.47883794,0.47537893,0.4732579,0.4747414,0.47918886,0.48635608,0.49593145,0.5041201,0.51179624,0.5170942,0.5220175,0.52795154,0.53028476,0.5321225,0.5329176,0.5352535,0.5361492,0.5405126,0.54425263,0.5477028,0.5483483,0.54849505,0.54593056,0.54159224,0.5334588,0.5237027,0.5130049,0.5021067,0.48455238,0.46891883,0.45205873,0.43943894,0.4274003,0.41868916,0.41278976,0.4020696,0.38943434,0.3747674,0.3533919,0.3338724,0.3110694,0.2904396,0.27268136,0.2605506,0.2505488,0.2447184,0.2396621,0.23750737,0.23595485,0.23335664,0.23152572,0.23109955,0.2308665,0.23149696,0.23270878,0.23396906,0.23435667,0.23697962,0.23948877,0.24267557,0.24434985,0.24576427,0.24724635,0.2480134,0.2500314,0.2527228,0.25336158,0.25493932,0.25574198,0.2571951,0.25820982,0.26017618,0.26268622,0.26606965,0.27000305,0.27422544,0.27845773,0.28225228,0.28512877,0.28876936,0.29054788,0.2955198,0.29839385,0.30059913,0.3007951,0.30043247,0.29767698,0.29422143,0.2910792,0.28596252,0.28057384,0.27595282,0.27198005,0.26929867,0.26603094,0.26306346,0.26080173,0.2596882,0.25799274,0.25687185,0.25482056,0.25437132,0.252888,0.253425,0.25153682,0.25198665,0.25157487,0.25171724,0.25136295,0.25273108,0.25349453,0.25392726,0.25389898,0.25506672,0.25480407,0.25530222,0.25809208,0.25996545,0.2623403,0.26306266,0.2630707,0.2604367,0.25643912,0.2504578,0.24055083,0.22808474,0.20986508,0.18904324,0.16630308,0.14812446,0.13440984,0.12631404,0.12075977,0.11899407,0.11819407,0.11876321,0.120799124,0.12378802,0.12569636,0.12989433,0.13328512,0.13670623,0.14084065,0.14538006,0.14960063,0.15257509,0.15545687,0.15787153,0.157878,0.15817815,0.15602045,0.15312736,0.14879529,0.14353342,0.13791502,0.13289554,0.12713057,0.12360027,0.11963793,0.11727755,0.11456214,0.11314172,0.11157989,0.11067673,0.10938643,0.10950188,0.10954767,0.11087042,0.112603344,0.11284532,0.116102986,0.11813198,0.12087719,0.12216202,0.12466014,0.12572587,0.12735228,0.12894502,0.13059966,0.13286668,0.13404351,0.13586833,0.13786614,0.13981262,0.14084135,0.14161749,0.14190876,0.1416,0.13905804,0.13586667,0.1321318,0.12723228,0.1220933,0.116022214,0.10906145,0.10564312,0.1032014,0.10558199,0.10494049,0.10366135,0.100799575,0.09698651,0.09327385,0.089827195,0.08806948,0.08650273,0.08458556,0.083832055,0.084011585,0.085133,0.08457598,0.08571231,0.08602257,0.08815493,0.08983149,0.09091022,0.09051048,0.0915045,0.090215966,0.09054566,0.08886006,0.08681676,0.08523061,0.081548244,0.07792257,0.07452589,0.06959682,0.06606985,0.061859,0.060032107,0.05534438,0.052523594,0.049445864,0.047657274,0.046600074,0.046485886,0.046571154,50% water,22P05500800,23.40625,8.4657823367985,87.20072641801758,96.56512645619696,80.82747219805509,26.15576842982091,345.0
26,62,0.62342906,0.62316316,0.62163156,0.6229943,0.6241317,0.624972,0.6269642,0.6310048,0.6332149,0.6379546,0.64080393,0.6460134,0.65031505,0.6573007,0.66135883,0.6660976,0.6704718,0.67460203,0.6764133,0.6782218,0.68022907,0.6800992,0.6794841,0.6755763,0.6672224,0.65059173,0.62768155,0.60261726,0.5805174,0.5579916,0.5378424,0.5170666,0.50219655,0.48758698,0.47514936,0.46460572,0.4589141,0.45770913,0.45862997,0.46302062,0.47063512,0.48074722,0.490399,0.4991263,0.5060199,0.51267165,0.5166022,0.51988137,0.52197003,0.52255976,0.52423817,0.52590644,0.5306046,0.5344528,0.5371471,0.5387794,0.53913856,0.5355513,0.53122723,0.5228188,0.5143665,0.5000594,0.48669064,0.46972075,0.45298868,0.4354444,0.42082077,0.4082309,0.39891413,0.38886642,0.37734878,0.362072,0.34527004,0.32358125,0.301224,0.277817,0.25923982,0.24139328,0.22897238,0.21874496,0.21228057,0.20785968,0.2051632,0.20281678,0.20189878,0.19973433,0.19971164,0.19901118,0.1990853,0.19965014,0.20089397,0.20227861,0.20426086,0.20602353,0.2082707,0.210091,0.21148671,0.21314949,0.21418944,0.21514696,0.21666029,0.21761245,0.21864632,0.21908602,0.22058105,0.2216264,0.22323087,0.22485235,0.229166,0.23200029,0.235704,0.23962753,0.244082,0.2471472,0.25017178,0.2526113,0.25586462,0.25860795,0.26094306,0.2607115,0.26018912,0.2583145,0.2555833,0.2513514,0.24607071,0.23952888,0.23363584,0.22990844,0.22704765,0.22433853,0.22236145,0.21931198,0.21804199,0.21654072,0.21511623,0.21340671,0.21343789,0.21260118,0.21304709,0.2133078,0.2122457,0.21286428,0.21285936,0.21329513,0.21456248,0.2149359,0.21671282,0.21699774,0.21794824,0.21888235,0.21993932,0.22151566,0.22437316,0.2263745,0.2270723,0.22613022,0.22481544,0.22067025,0.21357137,0.20450327,0.19339538,0.17671934,0.16112527,0.14290601,0.12727432,0.11564918,0.10784684,0.1033567,0.10100831,0.10037123,0.10123843,0.10304752,0.105608016,0.10738866,0.10998306,0.11305316,0.116677344,0.11979666,0.12281661,0.12637177,0.1284479,0.13061422,0.13185748,0.13181001,0.1323774,0.13032791,0.12779972,0.12494381,0.120756716,0.11579006,0.1118262,0.10709359,0.10378367,0.1004527,0.0983641,0.096935526,0.09576079,0.09444102,0.09324543,0.09217357,0.09191415,0.09208237,0.09325521,0.09500244,0.09656508,0.09784435,0.099684425,0.1007311,0.10180928,0.10320194,0.10469292,0.10496047,0.106012404,0.10753462,0.10892424,0.11026261,0.11200677,0.11351818,0.114761405,0.116119534,0.11661722,0.116631195,0.11610303,0.11463414,0.112411514,0.10864771,0.10521531,0.1013037,0.09665567,0.09074119,0.088046744,0.086183265,0.08771187,0.08745386,0.08627697,0.08379172,0.08178473,0.07876601,0.07705941,0.07418992,0.07296658,0.07157168,0.07154712,0.0708338,0.07096342,0.07162194,0.07182794,0.07266756,0.07437314,0.07506797,0.076305375,0.07645583,0.076405875,0.07624692,0.075788446,0.07378031,0.07255787,0.07044734,0.06796023,0.064992875,0.06132333,0.05791062,0.055036463,0.051372793,0.0494618,0.04632232,0.044164665,0.042462267,0.040721565,0.04030996,0.04000867,0.03953315,50% water,22P06700500,24.15625,8.52172113864256,50.153523986758344,101.70115996192226,89.35046441569017,24.84381507705123,585.0
27,59,0.62316835,0.6211368,0.62096566,0.6216717,0.62334347,0.6250169,0.6275594,0.6307788,0.6318963,0.6360553,0.64054227,0.64407206,0.649807,0.65503305,0.6600609,0.66464514,0.6684557,0.67202127,0.67351127,0.67529064,0.67654884,0.6767963,0.67615855,0.6734499,0.6656021,0.6483137,0.6267402,0.6033944,0.581624,0.5603083,0.5400158,0.52220035,0.50715905,0.49281523,0.4781541,0.46735775,0.46309304,0.45942786,0.46076798,0.46511042,0.4718621,0.48168185,0.49001172,0.50001323,0.507947,0.51298225,0.5180629,0.5204652,0.52085745,0.5231024,0.52511823,0.5275562,0.5322325,0.5356103,0.5379787,0.54088026,0.5405528,0.5373148,0.5340386,0.52556825,0.5172305,0.50210124,0.4897455,0.47134307,0.45514256,0.43905514,0.42555445,0.4148865,0.4075882,0.39849564,0.38894486,0.37428066,0.35651144,0.33301806,0.30956972,0.28617638,0.26628453,0.24754906,0.23372652,0.22322774,0.21644783,0.21234664,0.20991176,0.20709214,0.20558609,0.20297009,0.2023101,0.20107515,0.20201935,0.20242359,0.20349064,0.20610733,0.20819761,0.21090153,0.21190704,0.21460557,0.21585475,0.2168489,0.21733157,0.21862186,0.22040796,0.22071725,0.22112137,0.2223633,0.22376543,0.22445092,0.22625576,0.22892505,0.2329943,0.23692065,0.24058063,0.2456934,0.24972533,0.25235185,0.2567482,0.25865927,0.26220262,0.2651295,0.26757267,0.26916713,0.268455,0.2671849,0.26406425,0.259058,0.25270915,0.24709085,0.24103074,0.23734094,0.23520584,0.23229262,0.23043346,0.22769882,0.22526923,0.22417589,0.222644,0.2209007,0.22122596,0.21950617,0.21946438,0.21900113,0.21891192,0.21868679,0.21925393,0.21955107,0.21982966,0.2207327,0.22172584,0.22246805,0.22306582,0.22407952,0.2262311,0.22729102,0.22980362,0.23177259,0.23304811,0.23223369,0.23102513,0.22607277,0.2194788,0.21069993,0.19884034,0.18226963,0.16468407,0.14614233,0.13058642,0.11734541,0.109383166,0.10354608,0.10133913,0.10050964,0.10151145,0.103393115,0.10618261,0.108664274,0.11174353,0.115088284,0.1181692,0.121101126,0.12416569,0.12762736,0.13058513,0.13234918,0.13411555,0.1339389,0.13417104,0.13218223,0.12959747,0.12566815,0.12105443,0.11595978,0.11128493,0.106788576,0.103377394,0.10008817,0.097975574,0.09523412,0.09367768,0.09211822,0.09115111,0.09035374,0.09041556,0.08982078,0.090851426,0.09220341,0.09488828,0.096809216,0.098716125,0.099829346,0.10146949,0.10332175,0.10439618,0.10573487,0.1069898,0.10836403,0.109702624,0.11077202,0.11294827,0.114231765,0.11581123,0.11638091,0.11741045,0.11724389,0.11661909,0.1151451,0.11312529,0.109321676,0.105203554,0.10033193,0.095293984,0.089924976,0.08612752,0.08453131,0.08624001,0.086156875,0.08533716,0.08270034,0.080067396,0.07718926,0.07449648,0.072281644,0.07019094,0.06964044,0.06867563,0.068804935,0.06910766,0.06940755,0.07011039,0.07073149,0.07229038,0.072973534,0.074051015,0.073631,0.074400045,0.07377981,0.07313846,0.07148558,0.06976692,0.06806785,0.06542297,0.062818006,0.059697982,0.056231238,0.05309088,0.0491255,0.04778932,0.044471413,0.042317558,0.04003998,0.03855202,0.037352215,0.037562225,0.03681176,50% water,22P074001000,21.78125,8.426405916025864,58.94527833453738,102.77947224849882,77.6425321095218,21.688879633486046,323.5
28,60,0.6337333,0.6322295,0.63139474,0.6316204,0.6328499,0.6354295,0.635827,0.6394838,0.6414821,0.64466894,0.6491159,0.6528243,0.6572478,0.66256815,0.66647923,0.6708453,0.67362154,0.67767256,0.67999536,0.6812364,0.68209594,0.682589,0.6816536,0.67901146,0.6718457,0.65661114,0.63562894,0.6095661,0.58777654,0.5682359,0.54876053,0.5299095,0.5146357,0.49992213,0.48859352,0.47890338,0.47555944,0.47256523,0.47394437,0.47767323,0.48299706,0.49084964,0.5000458,0.5079956,0.51521325,0.5212091,0.52650654,0.52930015,0.53220284,0.53225917,0.5335548,0.5361775,0.53946936,0.5436206,0.5465259,0.5487473,0.548231,0.5449513,0.54090136,0.5326578,0.52349025,0.5111867,0.49909112,0.4855396,0.4706627,0.45251644,0.43754864,0.4251548,0.41706842,0.4079536,0.39776644,0.38400656,0.3665288,0.34359744,0.32288963,0.29929632,0.27912074,0.26136792,0.24769421,0.23782454,0.23201525,0.2273551,0.22407813,0.22137219,0.22027424,0.21805158,0.21718161,0.21639954,0.21682087,0.21791735,0.21908224,0.22054154,0.2219942,0.22365811,0.22648059,0.22771782,0.23006448,0.23167394,0.233643,0.23435706,0.23509574,0.23723972,0.23851794,0.23910697,0.239833,0.24008706,0.24215856,0.24452513,0.2480687,0.2525013,0.25655586,0.2607578,0.2644232,0.2689156,0.2712044,0.2752185,0.27773222,0.2811013,0.28337628,0.28392237,0.2826113,0.28029665,0.27705875,0.2738127,0.26695436,0.26141375,0.25685474,0.25270164,0.24981296,0.24789797,0.24584782,0.24310878,0.24081637,0.23972556,0.23805724,0.23695976,0.23634437,0.23555878,0.2353877,0.23516649,0.23528603,0.23535341,0.23527238,0.23600313,0.23515421,0.23751955,0.23784168,0.2384089,0.23763257,0.23983069,0.24148233,0.2427778,0.24475855,0.24780533,0.24859975,0.2480973,0.24678269,0.24220192,0.23587969,0.22709559,0.21568534,0.19703555,0.1789423,0.15746629,0.13959542,0.12618312,0.11813636,0.11261514,0.11008929,0.109389886,0.109956905,0.11181796,0.11441709,0.11727221,0.120077215,0.12374824,0.12742981,0.13130628,0.13591269,0.13923058,0.14199573,0.14419843,0.14618248,0.14685428,0.14642298,0.14430808,0.1412188,0.13688257,0.13208905,0.12583685,0.120692655,0.11508492,0.111482106,0.10779979,0.10533266,0.10240805,0.101142295,0.09942798,0.09863382,0.097358644,0.09722432,0.09692444,0.09799373,0.09919112,0.10116071,0.10389358,0.1057128,0.107585005,0.109419376,0.1114572,0.112425275,0.114346124,0.115436316,0.118002556,0.11943905,0.12141175,0.123519465,0.1251306,0.12711409,0.12852143,0.12925628,0.12953699,0.12832692,0.12692446,0.123454794,0.11898923,0.11429959,0.10837939,0.10243668,0.09592152,0.09198034,0.09027709,0.0920437,0.092296645,0.091585904,0.0887278,0.08632985,0.08385138,0.08097719,0.078898296,0.076750815,0.07534397,0.07492664,0.07452896,0.07463847,0.07563233,0.0763789,0.07708573,0.07869929,0.08051106,0.081167296,0.08138108,0.08174512,0.081377774,0.08015804,0.078973286,0.07728916,0.07507038,0.07236726,0.06888822,0.06580146,0.061837085,0.05948852,0.05516289,0.052988358,0.04976383,0.04620526,0.04358003,0.041813426,0.0408576,0.041023485,0.041545443,50% water,22P09100200,23.90625,8.30058721912185,78.61660056922005,93.29194999158007,82.64668585085113,24.39087880049979,297.0
29,63,0.61450756,0.6142329,0.6135786,0.6151981,0.61576194,0.6176821,0.6204616,0.6244444,0.6244053,0.6276507,0.6314295,0.6342553,0.6402035,0.6443732,0.6498345,0.65352005,0.657564,0.6611615,0.66362166,0.6647974,0.6658282,0.66621107,0.66435695,0.66201425,0.653463,0.6381074,0.61593306,0.5931251,0.5706097,0.5475884,0.5263009,0.50492954,0.49115944,0.47844353,0.4636048,0.45271966,0.44533432,0.44343036,0.44415584,0.4492111,0.45599455,0.46499178,0.4751377,0.48325008,0.4919812,0.49722314,0.5021512,0.50503516,0.5077246,0.50955635,0.5105929,0.5127066,0.5167992,0.519366,0.5235225,0.5259079,0.524249,0.52216387,0.51831317,0.5086693,0.49933094,0.4861302,0.47237802,0.4551177,0.43847874,0.42154422,0.40760073,0.39661127,0.38855526,0.3787215,0.36880937,0.35750178,0.3394488,0.32172897,0.30203515,0.2801683,0.26246965,0.24770977,0.2354874,0.22578366,0.22040406,0.2163812,0.21325448,0.2115931,0.2085289,0.20717055,0.20678018,0.20615305,0.20693377,0.2070013,0.20890832,0.21093711,0.21237688,0.215159,0.21723126,0.21775417,0.22005476,0.2205878,0.22107555,0.22253723,0.22339927,0.22457553,0.22443616,0.22615434,0.22793135,0.22773404,0.23035641,0.2325386,0.23592162,0.23939995,0.24249198,0.24676648,0.25001162,0.25221422,0.25573972,0.25799853,0.26071203,0.26297116,0.2649019,0.26656657,0.26410908,0.261135,0.2586881,0.2563225,0.25178224,0.24637705,0.24226367,0.23890936,0.23632148,0.23358391,0.23189303,0.22944932,0.22860089,0.22704446,0.22636735,0.22545467,0.22343248,0.2217593,0.22194244,0.22096565,0.22128761,0.22132666,0.2220053,0.22123472,0.22187898,0.22300634,0.2239956,0.22460398,0.22510277,0.22597247,0.22741516,0.22757527,0.231031,0.23167777,0.2333157,0.23295131,0.2312169,0.22685409,0.2212933,0.21286659,0.20192951,0.18566051,0.16864341,0.14888649,0.1330041,0.12023271,0.11258108,0.106733784,0.10346478,0.10298342,0.10369795,0.10576956,0.10873138,0.11164039,0.114937395,0.1187625,0.12169353,0.12542143,0.12927388,0.13163581,0.13470595,0.13688374,0.13762459,0.13836516,0.13833675,0.13674043,0.13424641,0.13116452,0.12633848,0.121552214,0.116649225,0.11194582,0.10879511,0.10506054,0.102088265,0.09984404,0.09802673,0.09659433,0.09579302,0.09443076,0.09484756,0.09475154,0.09536589,0.09627167,0.097779,0.09978713,0.101771176,0.10316622,0.10509615,0.10659632,0.10785681,0.10897115,0.11088957,0.11229362,0.11356495,0.11494792,0.117098816,0.118979216,0.12041205,0.1211553,0.12200498,0.12165515,0.121761136,0.12070862,0.118160084,0.11455565,0.11043395,0.105348945,0.09982222,0.09371791,0.089641534,0.08793725,0.0898508,0.08996876,0.08871687,0.08600181,0.08340455,0.0807272,0.07840423,0.07590792,0.074302405,0.072354265,0.07158185,0.07248309,0.07222165,0.07257576,0.073253796,0.07366574,0.0752621,0.077195555,0.07828073,0.07777713,0.078337826,0.077668026,0.077543505,0.07521062,0.074123174,0.07202004,0.0691711,0.0656596,0.06270833,0.058794267,0.055520616,0.051354572,0.04903338,0.045944285,0.043361038,0.041182168,0.03987181,0.039354783,0.039589807,0.03970241,50% water,22P06500300,21.15625,8.333415839868676,42.42542496003732,87.16483091937496,89.91767435677895,22.922740524781343,362.5
30,57,0.64506924,0.64466476,0.64605886,0.6457786,0.6477627,0.6497481,0.6511303,0.6531217,0.6548971,0.6582519,0.6624642,0.66526294,0.66957265,0.67543584,0.67844355,0.6828921,0.6865277,0.6893203,0.69108945,0.6920631,0.69308335,0.69478273,0.6935588,0.69095373,0.68593717,0.67028224,0.65176266,0.629571,0.606779,0.584187,0.56621695,0.54971945,0.53701764,0.52013123,0.5075995,0.49589318,0.49037215,0.48746985,0.48978567,0.49262637,0.5007075,0.5099148,0.5194455,0.5278109,0.5354235,0.5419272,0.546215,0.5485569,0.55142915,0.55313486,0.553881,0.5564119,0.5594111,0.56229156,0.5657268,0.56622916,0.56693166,0.5653425,0.5611798,0.5544797,0.5453252,0.53141594,0.5200976,0.5031667,0.48570907,0.46752566,0.45271465,0.44240487,0.4357006,0.42722768,0.41762698,0.4053303,0.38560966,0.3647912,0.3445754,0.3211917,0.30050746,0.28117684,0.2657548,0.25391027,0.24720311,0.24158753,0.23896033,0.23600988,0.2332401,0.23069876,0.22872075,0.22775342,0.2289574,0.22971034,0.23138815,0.23341225,0.2356006,0.23893559,0.24063107,0.24246779,0.24541959,0.24703255,0.24865037,0.2497469,0.25142133,0.25141776,0.25365975,0.2532807,0.2558769,0.25495854,0.2577333,0.2603719,0.2631021,0.26809454,0.27278173,0.27848685,0.2840051,0.28760457,0.2915821,0.29458264,0.2985,0.30158404,0.30524886,0.3063047,0.30647123,0.30402857,0.30162686,0.2974625,0.29158032,0.28324294,0.27805644,0.27350944,0.26998234,0.26711226,0.2644655,0.26199138,0.25958043,0.2571699,0.25566873,0.2548536,0.25381723,0.25388658,0.25263318,0.25251293,0.250485,0.25191683,0.2520998,0.2525551,0.25309724,0.2546251,0.25627524,0.25659925,0.2567772,0.2587604,0.26002967,0.2621039,0.26504034,0.26727924,0.2686448,0.2689066,0.26675558,0.2613924,0.2549066,0.24447462,0.23080492,0.21324724,0.1926232,0.16817954,0.14843187,0.1335557,0.12317852,0.11788673,0.1149861,0.11399849,0.11479361,0.11679315,0.11966556,0.12236956,0.12672155,0.13049367,0.13511577,0.13911413,0.14377618,0.14673294,0.15083869,0.15376797,0.15563405,0.15643176,0.15685448,0.15356281,0.15132599,0.14662813,0.14163601,0.13608256,0.13075167,0.12510094,0.120411694,0.115888245,0.11184598,0.10974191,0.10757032,0.10571879,0.10451554,0.10353158,0.103241876,0.104149505,0.10581805,0.10749301,0.11021426,0.11265387,0.11509201,0.11721566,0.11948044,0.12102652,0.123061016,0.124567196,0.12708671,0.12825009,0.13053843,0.13185863,0.13462847,0.13657561,0.13813874,0.14006236,0.14141397,0.1413891,0.1407783,0.13862902,0.13520508,0.13091868,0.12508075,0.11896898,0.11294527,0.10615177,0.101197466,0.099136055,0.10154792,0.10108189,0.100751415,0.09720065,0.093686074,0.0902725,0.08770148,0.08475047,0.08279596,0.080625765,0.08093802,0.08010796,0.0804381,0.08018037,0.08106473,0.08207492,0.08417338,0.085496254,0.08661482,0.08662791,0.087302685,0.08624336,0.086429596,0.08366749,0.08239114,0.079572946,0.076382905,0.07268642,0.06863425,0.06396592,0.05999404,0.055804797,0.053507,0.049997576,0.046861954,0.043990273,0.042166974,0.040998198,0.040778287,0.040734414,50% water,22P04100300,22.03125,8.240557159733216,31.168602902076863,96.46235282095977,85.08887445203354,21.73573511037068,263.0
31,63,0.61150223,0.61039966,0.61107504,0.61268723,0.6130509,0.61495906,0.6165455,0.6202694,0.62270427,0.62657857,0.63143253,0.63552016,0.6412263,0.6467009,0.6507921,0.6556282,0.6580159,0.661449,0.66495883,0.66552866,0.66674346,0.6670928,0.66699934,0.6637793,0.6555867,0.6396959,0.6176046,0.59175134,0.56775784,0.54259837,0.5186626,0.49758643,0.48242334,0.47038338,0.4583696,0.44739473,0.44363022,0.44138923,0.44313395,0.44638157,0.45157355,0.46270844,0.47157583,0.47997558,0.48737612,0.493463,0.49748415,0.5012343,0.50221324,0.50385696,0.50445986,0.5075129,0.5117179,0.5173507,0.51923865,0.52083856,0.5199372,0.51661015,0.51084393,0.5032157,0.49530855,0.4819339,0.46923456,0.453857,0.44038144,0.423273,0.41022566,0.39966178,0.39422154,0.38442615,0.37413597,0.35774118,0.33705863,0.31594664,0.29475528,0.2753307,0.26277953,0.24764591,0.23784176,0.23145366,0.22788915,0.22409594,0.22113551,0.21743421,0.21534772,0.2138378,0.21214531,0.21155386,0.2122146,0.21374395,0.2160025,0.21845971,0.22142117,0.22467726,0.2273476,0.23049,0.23202954,0.23230255,0.23184761,0.23184921,0.23157841,0.23363122,0.23325972,0.23434292,0.23642708,0.23642422,0.23871857,0.24040392,0.24398877,0.24688664,0.24968974,0.2519536,0.25372028,0.25000954,0.25145453,0.25448006,0.25785708,0.2598975,0.26213458,0.26218396,0.26157963,0.25983164,0.25703746,0.25372013,0.24964494,0.24355793,0.2397697,0.2355251,0.23381299,0.23033214,0.22869903,0.22666794,0.22479002,0.22301713,0.22247732,0.22061259,0.2207403,0.21900728,0.21869062,0.21776542,0.21746996,0.21676783,0.21755327,0.21725464,0.21800704,0.21903965,0.2191008,0.21898016,0.22076064,0.22098699,0.22077346,0.22298919,0.22527674,0.22648461,0.22774959,0.22755466,0.225824,0.22167936,0.2153827,0.2080231,0.19716574,0.17910258,0.16596606,0.1492559,0.13512938,0.122494854,0.11481676,0.10928414,0.10699985,0.10661317,0.10824521,0.11042992,0.113386534,0.11643191,0.119640216,0.12317638,0.12686567,0.12932217,0.13221416,0.13643306,0.13862789,0.14020261,0.14217478,0.14242376,0.14262924,0.14094198,0.13827795,0.13576183,0.13171631,0.12576893,0.12093398,0.11679961,0.11351909,0.10940345,0.10609456,0.10467957,0.1037019,0.10128783,0.09968506,0.098173216,0.0992631,0.099087596,0.09835364,0.09885311,0.10025824,0.09996206,0.10144159,0.102574766,0.104484476,0.10663067,0.10829103,0.109695494,0.111221306,0.113603,0.115550295,0.116272725,0.11825367,0.12003827,0.12115914,0.12249091,0.122940116,0.122656785,0.12171626,0.12000138,0.11703104,0.11293602,0.10892449,0.10449042,0.09937511,0.09386882,0.08954732,0.08751413,0.09009911,0.08934732,0.088823974,0.0855938,0.08318401,0.079705015,0.07681701,0.07473144,0.07276833,0.071570046,0.07086366,0.07022494,0.07054547,0.07068188,0.07167847,0.072051816,0.07387932,0.074863605,0.07579158,0.07627252,0.07578963,0.07539641,0.07520828,0.07336413,0.071706995,0.069286734,0.067136765,0.062673606,0.060191784,0.056182623,0.053183906,0.04983352,0.048301756,0.045042336,0.042282067,0.040909916,0.038687784,0.038363934,0.038053773,0.037931357,50% water,22P05400800,23.15625,8.550722345275464,59.81492217036244,96.90701852722086,73.47572362278237,24.25551853394419,293.5
32,68,0.63164055,0.631621,0.63109195,0.6321945,0.6342488,0.6356392,0.6375885,0.64014566,0.64091575,0.64554906,0.64908,0.65430844,0.6587522,0.664447,0.66987735,0.67358387,0.67657113,0.67951334,0.6821671,0.68389004,0.6843668,0.68502074,0.68489105,0.68206817,0.6746358,0.6613972,0.6402025,0.61718595,0.59391093,0.5703754,0.5516753,0.5342355,0.5213672,0.50625795,0.49389255,0.4838951,0.4781271,0.47540146,0.47615826,0.47877595,0.48590618,0.49449977,0.50341505,0.51244056,0.519472,0.52470934,0.52977896,0.5332779,0.5355898,0.53669375,0.53829026,0.5413643,0.5450224,0.54864705,0.5523183,0.55361545,0.553629,0.5521449,0.54616666,0.5402193,0.53066087,0.51720464,0.5020056,0.48659953,0.47261786,0.45474705,0.4400233,0.4285796,0.4216944,0.4116809,0.40207413,0.38674408,0.36964756,0.34689546,0.32398582,0.29865924,0.27776527,0.25914198,0.24585754,0.23580904,0.22915432,0.2242445,0.22205004,0.22016934,0.21931693,0.2168389,0.21621114,0.21576256,0.21641761,0.21662024,0.21804191,0.2193647,0.22232291,0.22381526,0.22627346,0.22789872,0.22994709,0.23127484,0.23339324,0.2342704,0.23570201,0.23668897,0.23823051,0.23867318,0.24011758,0.24086496,0.24404995,0.2462857,0.24999674,0.25453866,0.2589327,0.26122412,0.26712784,0.27135777,0.27435672,0.2765004,0.28028527,0.28341013,0.28647554,0.28585088,0.2852673,0.28312784,0.28083634,0.27711928,0.27186972,0.26540563,0.25997573,0.25593072,0.25279024,0.2505963,0.24829137,0.24521235,0.24340464,0.24240257,0.2407045,0.23923934,0.23865637,0.23691994,0.23585144,0.23551226,0.23459902,0.23494142,0.2347588,0.23544611,0.23671485,0.23701854,0.23894411,0.23923166,0.23915279,0.2401999,0.24167639,0.24355985,0.24640572,0.2485989,0.25004548,0.24979644,0.24822992,0.24337098,0.23623829,0.22696733,0.21323706,0.19410151,0.17342463,0.15229158,0.13521263,0.12104411,0.1144844,0.107453525,0.10578165,0.105006345,0.10607755,0.10824932,0.11120982,0.11469212,0.11732805,0.12078774,0.1237109,0.12761618,0.13144687,0.1351082,0.13865465,0.14059705,0.14241749,0.14314876,0.14340207,0.14079335,0.13809554,0.13356334,0.1286473,0.12284094,0.11797008,0.11291048,0.1091705,0.10569823,0.10384804,0.10161702,0.100237116,0.098529324,0.09734667,0.0960823,0.09634276,0.09549044,0.095260784,0.0972203,0.099501915,0.10034187,0.10267444,0.10393483,0.10576016,0.10783383,0.109105386,0.11130497,0.11262131,0.11446859,0.11620472,0.117802404,0.12028165,0.12177418,0.123811305,0.12479264,0.12600881,0.1264205,0.12588122,0.123749,0.12121454,0.116466,0.111291155,0.10622905,0.10096032,0.09498529,0.09134702,0.08904591,0.090626076,0.09016222,0.088677794,0.08618043,0.08304937,0.079548106,0.07745229,0.07485218,0.0730035,0.07186032,0.07161096,0.071084276,0.07145556,0.07110351,0.072548166,0.07300584,0.0750048,0.07532103,0.07634633,0.07674992,0.077808306,0.07733336,0.07651429,0.074613795,0.07356286,0.07118425,0.06903117,0.06552821,0.06175449,0.05759687,0.054570064,0.05042538,0.048453324,0.045623552,0.042350005,0.039513968,0.037839975,0.036784507,0.03684766,0.03643602,50% water,22P04500300,21.125,8.424733605261505,86.42794921607087,90.55633684194032,80.76851982947129,33.28821324448147,374.0
33,63,0.6285567,0.6262805,0.6258463,0.62600815,0.6251342,0.6271649,0.62971765,0.6337325,0.6325724,0.6366193,0.64167005,0.64556926,0.6509374,0.6550378,0.6606096,0.66362315,0.6674957,0.6714094,0.67319274,0.6754365,0.6765507,0.67689276,0.6757391,0.6731199,0.6654002,0.6502807,0.6294905,0.6049056,0.5842216,0.56198263,0.5413378,0.52245015,0.50835365,0.49232566,0.4788076,0.46878225,0.4661746,0.46471125,0.46483156,0.46782774,0.4742143,0.48333144,0.49440524,0.5023383,0.50858825,0.51470464,0.51914006,0.5223017,0.5239743,0.5259035,0.5267182,0.5290038,0.53312874,0.53711325,0.5402323,0.54146606,0.54067296,0.538453,0.53406715,0.5262581,0.5181532,0.5059128,0.49014047,0.47388133,0.46081203,0.44190437,0.42700198,0.41373783,0.40750515,0.39858252,0.38575518,0.3696249,0.3530654,0.329715,0.30949742,0.28722143,0.26684725,0.24970986,0.23561409,0.22880389,0.22240533,0.2176274,0.21626268,0.2132596,0.2110967,0.20935652,0.2074498,0.20723441,0.20753478,0.20736852,0.20949546,0.21204057,0.2135543,0.21556228,0.21764107,0.21883595,0.22005731,0.22282751,0.22440349,0.22528857,0.22669284,0.2255502,0.229362,0.23024416,0.23048162,0.2318349,0.23212738,0.23353794,0.23561752,0.2405568,0.24567464,0.25005302,0.25555697,0.2591148,0.26107126,0.26439178,0.26654372,0.26866585,0.27168757,0.27076605,0.26858282,0.26653564,0.2642566,0.26045698,0.25577515,0.24957967,0.24376096,0.24150053,0.24108908,0.24001779,0.23743643,0.23599766,0.2331774,0.23132935,0.23111418,0.22911672,0.2284334,0.22795153,0.22771546,0.22625276,0.2262622,0.22586231,0.22597913,0.22589378,0.22687021,0.2270549,0.22851221,0.22854455,0.2283585,0.22964732,0.2316781,0.23206666,0.2357443,0.23620418,0.23780446,0.23711278,0.23671582,0.23186706,0.22554317,0.21702614,0.20443586,0.18780145,0.16986036,0.15011144,0.13306832,0.12028012,0.1132372,0.11138187,0.10847406,0.10796949,0.10828769,0.10871661,0.11136562,0.11320262,0.115870446,0.11907449,0.122066386,0.12504572,0.128375,0.1317937,0.13450268,0.13646533,0.1383906,0.13813072,0.13845973,0.13671833,0.13400629,0.1299473,0.126205,0.12099111,0.11645822,0.11128958,0.107929185,0.10485372,0.102241665,0.10062,0.100359485,0.09878752,0.09610061,0.095796905,0.09583245,0.09444642,0.09512863,0.096746236,0.09826545,0.100816354,0.10272268,0.10461259,0.106507085,0.10834517,0.11008224,0.11107812,0.11251984,0.11447773,0.11543365,0.11714497,0.119229,0.12048517,0.12151403,0.123444214,0.12402248,0.12411493,0.123820715,0.12241339,0.12007497,0.11531961,0.11095254,0.10621244,0.10070462,0.09429517,0.09038493,0.08899227,0.09093633,0.09135861,0.09025943,0.08688525,0.08447304,0.081621505,0.07934381,0.07659226,0.07579774,0.0747671,0.07452709,0.073918775,0.07410402,0.0745563,0.07564397,0.07578426,0.0774238,0.07787795,0.07945458,0.07866274,0.07922204,0.07924372,0.07775491,0.07721556,0.07621984,0.074123524,0.07228763,0.06923888,0.066277415,0.062018093,0.057636682,0.054053172,0.051823094,0.048784737,0.046490572,0.043781105,0.042245016,0.041052613,0.040564716,0.040305536,50% water,22P06200100,24.34375,8.29375522029197,56.346924150024776,115.64809879175552,83.06488391376455,28.915035401915866,325.0
34,63,0.5988241,0.59762996,0.5976163,0.5978296,0.59811,0.598495,0.60168827,0.60656357,0.6062324,0.6106353,0.6144963,0.61943215,0.62429506,0.6279688,0.6334659,0.6363486,0.64059144,0.64401966,0.64697856,0.6497451,0.65149224,0.650983,0.6503992,0.64630276,0.6377485,0.6227503,0.6012589,0.5778179,0.5559322,0.532788,0.515152,0.4966839,0.48349276,0.4666937,0.4549265,0.44517434,0.4395458,0.438253,0.43985206,0.44457301,0.45186985,0.4602664,0.46948087,0.47787216,0.48535684,0.49096614,0.49585253,0.49887025,0.5003338,0.5010252,0.5014969,0.504483,0.50899804,0.5114649,0.51446116,0.51585805,0.5155425,0.5140867,0.51025623,0.50272787,0.49368015,0.48011363,0.46764275,0.44978514,0.4328385,0.41553795,0.40018326,0.3887709,0.3793201,0.37029043,0.35908195,0.34585083,0.32985336,0.30727372,0.28552774,0.26311985,0.24278653,0.22575022,0.21581584,0.20273061,0.19807248,0.19460306,0.1941695,0.19224817,0.19125968,0.18942338,0.18923232,0.18892173,0.190252,0.18933274,0.19035557,0.19128078,0.19305152,0.19463775,0.1962343,0.19685005,0.19813499,0.19963086,0.20175706,0.20185426,0.20288937,0.20415361,0.20384617,0.20504418,0.2072151,0.20820908,0.21015318,0.21104006,0.21449883,0.21634184,0.22030865,0.22352728,0.22805256,0.23006931,0.23313832,0.2361156,0.23837762,0.2414045,0.24355802,0.24518761,0.24435754,0.24332225,0.24162088,0.23622316,0.23116128,0.22481465,0.2198517,0.21605223,0.21208441,0.21016054,0.2079447,0.20601816,0.20381162,0.20305757,0.20195824,0.19971183,0.19954188,0.19834036,0.19817829,0.19607958,0.19755937,0.19672889,0.1970605,0.19729424,0.19818643,0.19978914,0.20121309,0.20182382,0.20219772,0.20329991,0.20445669,0.20520627,0.20869924,0.2105598,0.21191667,0.21129522,0.20956758,0.20492125,0.19887982,0.18998484,0.17831618,0.162984,0.14797965,0.13205856,0.11749822,0.10659465,0.09970426,0.09488875,0.09296047,0.092590764,0.09333812,0.09487552,0.09665327,0.09912422,0.1015696,0.10395229,0.10686975,0.10909342,0.112743475,0.11531712,0.11803889,0.11951318,0.12103344,0.12100407,0.12154579,0.12005074,0.11719779,0.11420539,0.11036617,0.10564621,0.1017634,0.09766042,0.095360324,0.09316487,0.090560496,0.08809121,0.08755672,0.08561416,0.08518288,0.08377821,0.08430442,0.08355618,0.08305951,0.08468183,0.0869581,0.08824084,0.09007782,0.091346756,0.093216404,0.09452478,0.09575559,0.09676802,0.09846307,0.09989559,0.10129646,0.10248966,0.104865886,0.106054224,0.107658565,0.108444,0.108902104,0.109047495,0.108149044,0.1062536,0.104439385,0.10134827,0.098013744,0.09260955,0.0873377,0.08246633,0.07995412,0.077969864,0.08015339,0.07951645,0.07866755,0.07630598,0.07436625,0.07196105,0.06974602,0.06759143,0.06650664,0.06466865,0.06454898,0.064457595,0.064817525,0.06494093,0.065798625,0.0661525,0.06744491,0.068211675,0.06890366,0.068917915,0.06956447,0.068666406,0.06826403,0.066828415,0.06542083,0.063914515,0.06199852,0.05878653,0.05610591,0.053043187,0.050368678,0.04789824,0.046274286,0.0439152,0.040974885,0.038977936,0.038073875,0.037298612,0.037078362,0.036962043,50% water,22P09600100,23.65625,8.265060110334504,78.62089373549624,82.63714802075437,71.94218531349571,25.291545189504376,354.0
35,63,0.6129211,0.6122315,0.6111928,0.6100299,0.6116734,0.61435056,0.6168156,0.6211461,0.62064004,0.6246395,0.6303998,0.63367814,0.6382325,0.64292055,0.6483068,0.65265656,0.6565815,0.6599316,0.6631708,0.66500825,0.6667819,0.6669948,0.6659069,0.6625035,0.65502274,0.6362673,0.6142224,0.5918485,0.56879056,0.54819083,0.5279949,0.5086416,0.4949211,0.4819297,0.4704901,0.4597287,0.4561938,0.45402458,0.45426968,0.45699528,0.4637475,0.4732622,0.48088098,0.48824334,0.49469978,0.5006642,0.5045889,0.5095599,0.51143306,0.5114665,0.5117588,0.51348746,0.5198966,0.5224743,0.52380055,0.5277377,0.52595544,0.52470124,0.5202385,0.5127413,0.5031534,0.48982787,0.478469,0.4629155,0.44910374,0.43221986,0.4170116,0.4028881,0.39378512,0.38526195,0.37457916,0.35985208,0.34331575,0.32235736,0.30212918,0.27955556,0.260086,0.2433412,0.23005453,0.22179586,0.21833387,0.21450445,0.2123536,0.21053207,0.2093549,0.207666,0.20658241,0.20609282,0.2066569,0.20755099,0.2093333,0.20965394,0.21180993,0.21094315,0.21507572,0.21631016,0.21652417,0.21742241,0.21922016,0.22079206,0.22140624,0.2230489,0.22189693,0.2233202,0.22447494,0.22300108,0.22542575,0.22669771,0.22904454,0.23347227,0.23774135,0.24101427,0.24540976,0.24738553,0.24981302,0.25281644,0.25565392,0.25813875,0.26203364,0.26197067,0.26174104,0.2605461,0.2585557,0.25295085,0.24969389,0.24327989,0.23806821,0.23380888,0.23181435,0.22869,0.22774522,0.22480407,0.2231667,0.2214432,0.22061041,0.21924226,0.21825778,0.21740887,0.2165494,0.21544458,0.215182,0.21551855,0.21575497,0.21584685,0.21598397,0.21689993,0.21777974,0.21837762,0.22002752,0.21935222,0.2217378,0.22271341,0.2251123,0.2276042,0.22779562,0.22796349,0.22626358,0.22174919,0.21552789,0.20802963,0.19596148,0.18070504,0.16267098,0.14367817,0.128536,0.11889516,0.11290374,0.10749283,0.10526467,0.10432398,0.1053138,0.10722549,0.1096216,0.11249604,0.11520213,0.11778565,0.120110765,0.12284991,0.12524828,0.12834854,0.13089275,0.13291693,0.13484098,0.13571818,0.13466415,0.13306631,0.1303889,0.12684458,0.12323426,0.11897643,0.114435084,0.11026576,0.10715007,0.1039232,0.100724064,0.09839099,0.09782562,0.09590423,0.09448157,0.093592584,0.09330265,0.093749724,0.093293905,0.09374658,0.093919314,0.09607867,0.09850933,0.09925057,0.101748176,0.10386315,0.10601217,0.10712725,0.10861011,0.11032327,0.11140791,0.112307616,0.114178136,0.116413034,0.117718235,0.11914901,0.119688794,0.11964251,0.119451,0.11790037,0.11525324,0.111195214,0.10747156,0.10237619,0.09722047,0.09136103,0.08771533,0.08603459,0.08822936,0.088398576,0.08750907,0.08441606,0.082214385,0.07858405,0.075849906,0.07334019,0.07177681,0.0711056,0.07031818,0.07062662,0.07082563,0.070936486,0.0713212,0.07207987,0.07344043,0.074592076,0.07531345,0.075110786,0.075433806,0.07521512,0.07499623,0.073305905,0.07231478,0.070134565,0.06808758,0.06550948,0.062186055,0.058249593,0.055233575,0.051614538,0.049320184,0.045880593,0.04378418,0.041765735,0.03999591,0.038524337,0.03926535,0.038604997,50% water,22P01700600,23.59375,8.2008276418137,51.821686057669694,95.55626005950351,75.20320107084049,25.255102040816325,692.0
36,56,0.6203772,0.61945724,0.62093884,0.6198666,0.62109995,0.6224458,0.6251924,0.6283369,0.6298224,0.633142,0.6358914,0.6399536,0.64488876,0.647916,0.6517856,0.65631235,0.65958655,0.662699,0.6655137,0.66753125,0.6680455,0.6690922,0.6672648,0.6653794,0.65791905,0.6439359,0.6234367,0.59984195,0.57606757,0.5562569,0.537067,0.5216346,0.5086574,0.49384832,0.48068982,0.47035828,0.4650225,0.46287417,0.46410722,0.46804988,0.47575635,0.4848383,0.49508265,0.5024628,0.5095848,0.51486635,0.5187363,0.5212027,0.5235932,0.5244198,0.5262052,0.5292238,0.5325401,0.5349443,0.53789663,0.5381918,0.5387643,0.5367936,0.5318329,0.52591586,0.51746815,0.50467515,0.49080247,0.47392198,0.4596141,0.4429683,0.43070406,0.4206744,0.41358918,0.40562892,0.39516774,0.38147008,0.36477122,0.3459174,0.32633403,0.30595103,0.28725833,0.2683081,0.25614557,0.24570121,0.23920181,0.23419589,0.23213592,0.22840872,0.22618079,0.22455066,0.22346106,0.22281277,0.2230336,0.22436717,0.22620425,0.22799581,0.2303327,0.23329893,0.23591506,0.2382594,0.23948334,0.24107869,0.24248996,0.24419615,0.2452738,0.24630675,0.24702665,0.24931371,0.24958141,0.25035733,0.25270844,0.2560054,0.258876,0.26378012,0.26894075,0.2719801,0.2772156,0.27813435,0.28133696,0.2852636,0.28798628,0.2905777,0.29283732,0.29373825,0.29376823,0.2928007,0.28923312,0.28519952,0.27960438,0.27599972,0.26999655,0.26464638,0.26197478,0.25921518,0.25679606,0.25424176,0.25186408,0.25064865,0.2495371,0.24844362,0.24768288,0.246477,0.24596229,0.24610147,0.24533758,0.24541405,0.24585015,0.24642673,0.24722171,0.24761066,0.24858424,0.24903359,0.24927618,0.24934192,0.2510937,0.25197577,0.25510192,0.25681764,0.25864452,0.2577543,0.25661412,0.2514353,0.24531148,0.23667452,0.2249067,0.2061139,0.18483385,0.16338314,0.14638203,0.13195118,0.12225988,0.11560513,0.11288026,0.11160466,0.11293547,0.11562589,0.11872513,0.122621216,0.1264709,0.12995255,0.13361844,0.13747752,0.14152256,0.14513125,0.14815234,0.1506674,0.15261675,0.1529242,0.15287107,0.15099034,0.14800425,0.14341056,0.13866901,0.13304618,0.12766555,0.12301681,0.11858396,0.11462049,0.11104471,0.10807771,0.106622115,0.105098724,0.10400581,0.10324025,0.10365969,0.10444458,0.10549982,0.10741298,0.10967272,0.11191793,0.11407557,0.115999386,0.11811839,0.1194192,0.12151834,0.122857824,0.12472556,0.1260525,0.12767524,0.1292723,0.13126397,0.13284391,0.13486433,0.13607804,0.13696113,0.13691004,0.13658486,0.13449539,0.13161448,0.1273332,0.1222866,0.11704646,0.111061245,0.10499278,0.101303086,0.099387154,0.10131112,0.101655796,0.10001527,0.09742241,0.09453586,0.09117094,0.08850767,0.08537908,0.08347893,0.08216283,0.081386305,0.08046605,0.08125458,0.08185151,0.08265194,0.083188415,0.08492611,0.086590655,0.087599725,0.08768324,0.08765125,0.08764613,0.086676314,0.08505325,0.08316168,0.08062361,0.0780943,0.07383015,0.07034489,0.06569034,0.062099658,0.05855363,0.05641461,0.0527926,0.04987324,0.047309645,0.045421384,0.04436391,0.04411342,0.04378417,50% water,22P00100800,21.84375,8.13891657621591,93.84108877327299,112.89633232351916,85.18800180989446,24.286755518533948,407.0
