sample_id,n_patches,997.71nm,1003.27nm,1008.83nm,1014.39nm,1019.95nm,1025.51nm,1031.07nm,1036.63nm,1042.19nm,1047.75nm,1053.31nm,1058.87nm,1064.43nm,1069.99nm,1075.55nm,1081.11nm,1086.67nm,1092.23nm,1097.79nm,1103.35nm,1108.91nm,1114.47nm,1120.03nm,1125.59nm,1131.15nm,1136.71nm,1142.27nm,1147.83nm,1153.39nm,1158.95nm,1164.51nm,1170.07nm,1175.63nm,1181.19nm,1186.75nm,1192.31nm,1197.87nm,1203.43nm,1208.99nm,1214.55nm,1220.11nm,1225.67nm,1231.23nm,1236.79nm,1242.35nm,1247.91nm,1253.47nm,1259.03nm,1264.59nm,1270.15nm,1275.71nm,1281.27nm,1286.83nm,1292.39nm,1297.95nm,1303.51nm,1309.07nm,1314.63nm,1320.19nm,1325.75nm,1331.31nm,1336.87nm,1342.43nm,1347.99nm,1353.55nm,1359.11nm,1364.67nm,1370.23nm,1375.80nm,1381.36nm,1386.92nm,1392.48nm,1398.04nm,1403.60nm,1409.16nm,1414.72nm,1420.28nm,1425.84nm,1431.40nm,1436.96nm,1442.52nm,1448.08nm,1453.64nm,1459.20nm,1464.76nm,1470.32nm,1475.88nm,1481.44nm,1487.00nm,1492.56nm,1498.12nm,1503.68nm,1509.24nm,1514.80nm,1520.36nm,1525.92nm,1531.48nm,1537.04nm,1542.60nm,1548.16nm,1553.72nm,1559.28nm,1564.84nm,1570.40nm,1575.96nm,1581.52nm,1587.08nm,1592.64nm,1598.20nm,1603.76nm,1609.32nm,1614.88nm,1620.44nm,1626.00nm,1631.56nm,1637.12nm,1642.68nm,1648.24nm,1653.80nm,1659.36nm,1664.92nm,1670.48nm,1676.04nm,1681.60nm,1687.16nm,1692.72nm,1698.28nm,1703.84nm,1709.40nm,1714.96nm,1720.52nm,1726.08nm,1731.64nm,1737.20nm,1742.76nm,1748.32nm,1753.88nm,1759.44nm,1765.00nm,1770.56nm,1776.12nm,1781.68nm,1787.24nm,1792.80nm,1798.36nm,1803.92nm,1809.48nm,1815.04nm,1820.60nm,1826.16nm,1831.72nm,1837.28nm,1842.84nm,1848.40nm,1853.96nm,1859.52nm,1865.08nm,1870.64nm,1876.20nm,1881.76nm,1887.32nm,1892.88nm,1898.44nm,1904.00nm,1909.56nm,1915.12nm,1920.68nm,1926.24nm,1931.80nm,1937.36nm,1942.92nm,1948.48nm,1954.04nm,1959.60nm,1965.16nm,1970.72nm,1976.28nm,1981.84nm,1987.40nm,1992.96nm,1998.52nm,2004.08nm,2009.64nm,2015.20nm,2020.76nm,2026.32nm,2031.88nm,2037.44nm,2043.00nm,2048.56nm,2054.12nm,2059.68nm,2065.24nm,2070.80nm,2076.36nm,2081.92nm,2087.48nm,2093.04nm,2098.60nm,2104.16nm,2109.72nm,2115.28nm,2120.84nm,2126.40nm,2131.97nm,2137.53nm,2143.09nm,2148.65nm,2154.21nm,2159.77nm,2165.33nm,2170.89nm,2176.45nm,2182.01nm,2187.57nm,2193.13nm,2198.69nm,2204.25nm,2209.81nm,2215.37nm,2220.93nm,2226.49nm,2232.05nm,2237.61nm,2243.17nm,2248.73nm,2254.29nm,2259.85nm,2265.41nm,2270.97nm,2276.53nm,2282.09nm,2287.65nm,2293.21nm,2298.77nm,2304.33nm,2309.89nm,2315.45nm,2321.01nm,2326.57nm,2332.13nm,2337.69nm,2343.25nm,2348.81nm,2354.37nm,2359.93nm,2365.49nm,2371.05nm,2376.61nm,2382.17nm,2387.73nm,2393.29nm,2398.85nm,2404.41nm,2409.97nm,2415.53nm,2421.09nm,2426.65nm,2432.21nm,2437.77nm,2443.33nm,2448.89nm,2454.45nm,2460.01nm,2465.57nm,2471.13nm,2476.69nm,2482.25nm,2487.81nm,2493.37nm,2498.93nm,2504.49nm,Protein content,Moisture content,Water uptaking capacity,Water binding capacity,Oil binding capacity,Protein solubility,Peak viscosity (RVA)
1,62,0.9350059,0.93526506,0.93455637,0.93503934,0.93510276,0.93524265,0.93650377,0.93909854,0.93970597,0.94144964,0.94263023,0.94455194,0.9460621,0.94724846,0.94917595,0.95052785,0.9517125,0.95279676,0.95392025,0.95450544,0.955091,0.9550519,0.9547993,0.9534167,0.9505452,0.9445831,0.9368607,0.92781234,0.9191413,0.9096208,0.8999605,0.8909699,0.8832776,0.875353,0.8681084,0.862478,0.8597244,0.8593837,0.8607892,0.8639058,0.86835873,0.8740895,0.8791688,0.88341665,0.8870569,0.890874,0.8925978,0.8941504,0.89492023,0.89529914,0.8961288,0.89718014,0.89888,0.9005595,0.90182036,0.90237653,0.90252674,0.90146637,0.89959335,0.8960409,0.8914986,0.8852219,0.87824106,0.8691782,0.8606118,0.85053253,0.8423978,0.8357724,0.8295175,0.82209885,0.8136145,0.8016479,0.7865101,0.7666647,0.7438489,0.7183652,0.6951252,0.67240965,0.65408975,0.6392703,0.6304636,0.6245465,0.62205946,0.6199249,0.61915994,0.61910236,0.6207111,0.6225387,0.6255013,0.6276598,0.63109523,0.6344613,0.6373343,0.64180595,0.6447377,0.6475973,0.6509098,0.65335995,0.65574527,0.6576476,0.6609224,0.6621289,0.663638,0.6650183,0.6676261,0.66938156,0.6733051,0.67786306,0.68305343,0.68828356,0.6935696,0.69788146,0.703051,0.7066715,0.7098826,0.712985,0.71699506,0.7202514,0.72198516,0.72267187,0.7205392,0.7171799,0.71272135,0.70653737,0.69649017,0.68548197,0.6763426,0.669575,0.6674747,0.66465545,0.6616501,0.65803397,0.6542311,0.650624,0.6482589,0.6463238,0.64562374,0.64584994,0.64689434,0.6476557,0.64823383,0.64858955,0.65045935,0.6526023,0.6551727,0.65780973,0.66013134,0.6617116,0.66391945,0.6660347,0.6686733,0.6709844,0.67461216,0.6780969,0.67982686,0.67989683,0.6781774,0.6709243,0.6616949,0.64836144,0.6291175,0.59929484,0.5649198,0.5251837,0.49165562,0.4635246,0.4434409,0.4283704,0.42042515,0.41814065,0.42060018,0.42613554,0.43277052,0.44089174,0.4480315,0.45497888,0.4618942,0.46923944,0.47645855,0.48413736,0.49121898,0.49634552,0.49954236,0.5001892,0.49827915,0.49329627,0.48628253,0.47590494,0.46503457,0.45348078,0.44372582,0.43543124,0.43043664,0.4272229,0.4246781,0.42234343,0.42065194,0.41905814,0.417332,0.4164781,0.41651458,0.41753852,0.41963255,0.42169166,0.42444924,0.42603296,0.4281615,0.42907384,0.4298191,0.43069017,0.43046612,0.430679,0.43156096,0.43399802,0.43641353,0.43893638,0.44175395,0.4458438,0.44854516,0.45122325,0.45429677,0.45698878,0.45876965,0.45684174,0.4526873,0.4442511,0.43377236,0.42046967,0.4075911,0.3941597,0.38397327,0.37364954,0.370153,0.36818725,0.36953825,0.36869687,0.3664952,0.3651157,0.3652103,0.36635813,0.36826295,0.37049267,0.37205297,0.37335962,0.37556115,0.3785854,0.38106126,0.38261196,0.3856466,0.3871168,0.38878387,0.3890376,0.38792473,0.38451248,0.38013548,0.37329292,0.36682248,0.35928142,0.35236707,0.3435774,0.33479518,0.32538164,0.31690043,0.30855554,0.30390155,0.29738265,0.29179257,0.28703594,0.28501698,0.28338355,0.28337172,0.28346553,25.09375,7.475138753186009,83.91057353204025,96.31331847374733,75.3369609958,14.986986178423978,216.5
2,58,0.9385745,0.9380708,0.93793064,0.9382656,0.93836606,0.9390326,0.94044304,0.9424677,0.94364715,0.9453173,0.9466979,0.94819313,0.94953823,0.951151,0.9526454,0.9545331,0.955739,0.9567198,0.957637,0.958269,0.9587889,0.9588317,0.95864165,0.95772254,0.9548705,0.9492597,0.941373,0.9324485,0.9234451,0.91358745,0.90425026,0.8953874,0.88724685,0.87925553,0.87246287,0.8667196,0.8638721,0.86319005,0.8646878,0.86742556,0.8718463,0.87754714,0.88262886,0.8877913,0.89144266,0.89451677,0.89646083,0.89823496,0.8989783,0.9001249,0.90034986,0.9017226,0.90328705,0.9051318,0.90677685,0.9073135,0.9073854,0.9057843,0.9037482,0.9004563,0.89605266,0.88973296,0.8827758,0.8746344,0.8657399,0.85560405,0.84762096,0.84021324,0.83464414,0.82726884,0.8191546,0.8068334,0.79166245,0.77175164,0.7499031,0.7247178,0.7012595,0.6783327,0.6608418,0.64646053,0.6381935,0.6323273,0.6295837,0.6271781,0.6271694,0.6269314,0.6278865,0.629889,0.633175,0.63540745,0.6387186,0.6422799,0.64523935,0.6491138,0.6529472,0.6553811,0.65797794,0.66006505,0.66316533,0.6650425,0.66724664,0.66838956,0.67036957,0.67182434,0.6730463,0.67652833,0.6791457,0.683021,0.6888324,0.69366306,0.6986474,0.70384586,0.7086365,0.71235204,0.7156583,0.718898,0.72263676,0.72559386,0.72785145,0.7289026,0.7268355,0.72340715,0.7193612,0.71148753,0.70270455,0.6910833,0.68174994,0.6750022,0.67234766,0.6694679,0.6670035,0.6638564,0.66066706,0.65730214,0.6545162,0.65243924,0.6511441,0.6515991,0.6523503,0.652435,0.65309715,0.6534498,0.6546442,0.6570484,0.6601681,0.6620873,0.6652738,0.6671801,0.6691664,0.670782,0.673324,0.6765958,0.67988914,0.68297756,0.6852771,0.68516695,0.6828188,0.6764399,0.6662721,0.654427,0.6346808,0.6047376,0.57175726,0.53320396,0.49952003,0.4717602,0.45154524,0.436783,0.42861575,0.42614904,0.42855048,0.43423676,0.44168484,0.4492072,0.45674306,0.46343738,0.47064644,0.47780263,0.48590642,0.4934116,0.5002526,0.50490785,0.5083103,0.50847054,0.50697225,0.501835,0.49483132,0.48543257,0.47469148,0.4638205,0.45403334,0.4459129,0.44092208,0.43734568,0.4346086,0.43222517,0.43021187,0.42863303,0.42706642,0.42643908,0.4268744,0.42747003,0.42993194,0.43183792,0.43442667,0.43644688,0.4378398,0.4391076,0.44064927,0.44113448,0.44174895,0.44164157,0.44316828,0.44555083,0.447425,0.44998288,0.45324627,0.455963,0.45945907,0.46203977,0.46528876,0.46751675,0.46884096,0.4675132,0.46301273,0.45467395,0.44376075,0.43070167,0.4178241,0.40465716,0.39407092,0.38402578,0.38087648,0.37947163,0.3803573,0.3787225,0.37646198,0.37432355,0.37528038,0.37645954,0.37844,0.38077545,0.38205695,0.38361523,0.38586378,0.38885486,0.39131,0.39234817,0.39576924,0.39688104,0.3983227,0.39780924,0.39680886,0.39352417,0.38863733,0.3817441,0.37507752,0.36804444,0.36062127,0.35194468,0.34368843,0.33357656,0.32576936,0.3170872,0.312495,0.3053351,0.29947057,0.2959334,0.29345083,0.29165688,0.2919277,0.29133928,23.3125,7.085156901381636,92.1344870518542,96.44808743169398,84.08871745419479,18.218003949021718,334.5
3,58,0.9293486,0.9293339,0.9286416,0.92880404,0.9294171,0.9294157,0.93014705,0.93281263,0.9334166,0.9351393,0.9369792,0.9385104,0.9399502,0.9416376,0.94322866,0.94534785,0.9461911,0.9476166,0.9483416,0.9494139,0.94987166,0.95002836,0.9499699,0.9487984,0.94551957,0.9399527,0.9320667,0.922678,0.9134146,0.9032259,0.89348257,0.88457334,0.8757136,0.8674283,0.8604388,0.85427624,0.8516506,0.8503957,0.8519099,0.8553103,0.8602602,0.8655902,0.87124676,0.87621236,0.8800287,0.8831399,0.88505614,0.88659084,0.887553,0.88825154,0.88917947,0.89025676,0.89212424,0.89367026,0.8949965,0.89606786,0.89628065,0.895458,0.8929711,0.8894714,0.88520557,0.8783885,0.87060195,0.8621731,0.85281014,0.8429405,0.83415616,0.8260704,0.82043016,0.81320333,0.8051506,0.7928527,0.77814317,0.75816554,0.7357924,0.7108654,0.686097,0.66253734,0.64432037,0.62932587,0.6201807,0.6138325,0.6111991,0.60860074,0.60825753,0.60734296,0.6087671,0.6107297,0.6126604,0.61525035,0.6189016,0.62252086,0.6269314,0.63018435,0.6333878,0.6351874,0.637815,0.6405353,0.64317673,0.64565563,0.64716923,0.6485763,0.6506921,0.6522024,0.65391135,0.65639436,0.6594465,0.66410255,0.66960824,0.6745196,0.6796216,0.6845998,0.6898887,0.69365025,0.6975173,0.70077384,0.70443004,0.7075188,0.70989347,0.71049315,0.7086116,0.7060673,0.70046353,0.693622,0.6848014,0.6729764,0.66406095,0.6575959,0.65474045,0.6518533,0.6496061,0.6458949,0.64243203,0.63970065,0.6360533,0.6336037,0.633546,0.6344077,0.6340314,0.63457036,0.6351195,0.6351742,0.6368158,0.6393098,0.6426468,0.6448137,0.64762175,0.649778,0.6511601,0.65359557,0.6559011,0.6590929,0.6620827,0.66608316,0.6680919,0.6671257,0.6651144,0.6584324,0.64881825,0.63617873,0.61579293,0.5862253,0.5525681,0.51331025,0.48080978,0.45328367,0.4333911,0.41856635,0.4100561,0.40743965,0.40923154,0.41503412,0.42173815,0.42903614,0.43658876,0.4437188,0.4507603,0.4580335,0.46533978,0.4728226,0.47941852,0.48480505,0.48793805,0.4885487,0.48729816,0.48229027,0.47503865,0.4658118,0.45508885,0.44368273,0.43470532,0.42611384,0.4210439,0.41705588,0.41438565,0.41221946,0.40969506,0.4083472,0.40733963,0.40686485,0.40652835,0.4071227,0.40927923,0.41145542,0.41385865,0.41600043,0.4169808,0.41874686,0.42041546,0.4210992,0.42168808,0.42188847,0.423155,0.42548686,0.42849773,0.43043637,0.4340124,0.43700546,0.43978882,0.44223863,0.44586945,0.4478408,0.44902965,0.44688267,0.44282967,0.4350013,0.42433983,0.4106503,0.3979566,0.38582376,0.3752969,0.36516362,0.36167812,0.36033654,0.36133456,0.35991845,0.35745233,0.35600275,0.35661197,0.35763824,0.35948613,0.36151516,0.36351413,0.36430222,0.3669754,0.3693882,0.3715758,0.37303922,0.3757102,0.3772292,0.37869954,0.37804586,0.3771032,0.37334442,0.36893645,0.36266997,0.35602325,0.34827897,0.34130067,0.33316594,0.32425252,0.31533235,0.3062728,0.29905456,0.29361013,0.28687707,0.28151864,0.27743587,0.27485088,0.2727558,0.27284098,0.2724818,23.34375,5.797493447572615,88.16249188724717,90.19728833558617,73.1560200897433,15.87102854065697,363.0
4,58,0.9329314,0.93274665,0.93216956,0.93243814,0.93309313,0.93288386,0.9339497,0.93676883,0.9369421,0.9389785,0.94029915,0.94187164,0.9434138,0.9452533,0.94658065,0.94811904,0.94911134,0.95047456,0.9510523,0.9519782,0.95223236,0.9525945,0.95218396,0.951044,0.9482612,0.9427796,0.93497634,0.9256057,0.9162673,0.90633124,0.8970958,0.887616,0.87978977,0.8715729,0.8646304,0.858651,0.85616195,0.8550606,0.85623837,0.85951763,0.86436427,0.86983395,0.87493527,0.8796625,0.88328403,0.88593906,0.88831687,0.88985825,0.8908379,0.8916075,0.8923961,0.8938074,0.89559215,0.89736825,0.8985661,0.8994309,0.8993757,0.8979703,0.89608777,0.8923541,0.88824356,0.8816792,0.8749052,0.8658536,0.85732645,0.847525,0.8391104,0.8319577,0.8263605,0.81871045,0.8103567,0.79840976,0.7828425,0.76320344,0.7410952,0.7153232,0.6912143,0.6667217,0.6481512,0.63278234,0.6239782,0.6170535,0.6146234,0.61233926,0.6120366,0.6112567,0.6116559,0.6144254,0.61683404,0.6197128,0.6227499,0.6267748,0.63021135,0.6335995,0.6374666,0.6387625,0.6428674,0.64468634,0.6476596,0.6498927,0.65117645,0.6531273,0.6543374,0.65528274,0.6576038,0.6605116,0.6638481,0.6680181,0.6727259,0.6781708,0.68358374,0.68837786,0.6939423,0.6976063,0.70131135,0.7050983,0.7085111,0.7116119,0.71342635,0.7146547,0.71279454,0.7101403,0.70538414,0.6984346,0.68932486,0.67759633,0.6675526,0.6616306,0.65939474,0.6559338,0.6534966,0.65063095,0.6467925,0.6440455,0.6404122,0.6384806,0.63763607,0.6383029,0.63838357,0.63882303,0.6394797,0.6397174,0.641252,0.6428549,0.6463878,0.6489469,0.65152246,0.653979,0.6556321,0.65747696,0.66030097,0.6634207,0.66689837,0.6705014,0.6718949,0.67206454,0.6704033,0.6631979,0.6534915,0.6400123,0.62002677,0.5903848,0.5553212,0.51568,0.48208013,0.45451227,0.4335974,0.41806546,0.4100505,0.4065376,0.40845382,0.41440505,0.42174232,0.4292612,0.4369989,0.44461864,0.45138842,0.45868447,0.46734926,0.4751047,0.4819259,0.48677135,0.49009168,0.4912948,0.4898525,0.48462087,0.47761798,0.46830615,0.45791182,0.44689846,0.43725842,0.42924562,0.4237892,0.4197512,0.41721648,0.41435194,0.4121256,0.4102281,0.40872872,0.4084818,0.40859234,0.4097858,0.41132584,0.41389072,0.41615933,0.41861248,0.41990563,0.42165646,0.42344183,0.42462113,0.42505258,0.42526618,0.42760432,0.4297138,0.43214858,0.4346494,0.4387101,0.44084468,0.44459105,0.44767964,0.45039552,0.45306557,0.45403755,0.4523576,0.44800636,0.4395178,0.42927536,0.41600236,0.40312842,0.39032823,0.37951943,0.36910477,0.3649898,0.36377186,0.36475584,0.36327958,0.36100072,0.35956073,0.3594886,0.36125255,0.36307973,0.36526328,0.36707675,0.3677436,0.36995783,0.37226242,0.37416032,0.3759752,0.37948906,0.3804555,0.38217923,0.38119552,0.37945074,0.37573332,0.37120295,0.3644358,0.3573444,0.3492915,0.34251004,0.33369854,0.32497025,0.31582814,0.30744293,0.29934475,0.2948966,0.28797567,0.2824544,0.27861017,0.2760952,0.2740355,0.2740071,0.27420574,22.59375,7.231036467675311,95.47376330325626,92.2199677308952,64.18000944368129,26.492999461497043,342.0
5,57,0.9286337,0.92790544,0.9275744,0.9282144,0.9282391,0.92896014,0.9295129,0.9321376,0.93320537,0.93457985,0.936262,0.93777245,0.93914425,0.94063306,0.9426025,0.9441987,0.94552135,0.947073,0.94756377,0.94855875,0.9487678,0.94943166,0.9488979,0.94804716,0.94470423,0.9390496,0.93116516,0.92192066,0.913041,0.90306497,0.8936783,0.884205,0.87639385,0.8682315,0.86093783,0.8551731,0.8520212,0.8514809,0.85240376,0.85531163,0.8598918,0.8655362,0.8710238,0.8756484,0.8796572,0.8821875,0.8847837,0.8861065,0.8872689,0.88787204,0.8886346,0.89006126,0.89188015,0.8936342,0.89503044,0.8958211,0.8959608,0.89464355,0.89266866,0.88933605,0.8848407,0.87850296,0.87146926,0.8627882,0.85412776,0.84450686,0.83588696,0.8286507,0.82317954,0.81564486,0.80759335,0.7959515,0.7812395,0.76181734,0.73941857,0.7139123,0.6890218,0.66545737,0.64720625,0.63158894,0.6223314,0.61598426,0.6131613,0.6106661,0.6100265,0.60978526,0.6111742,0.61308193,0.6157934,0.61829495,0.6224177,0.62569624,0.629498,0.6329206,0.63647515,0.63863385,0.64114916,0.6438055,0.64667666,0.6487219,0.65031695,0.6525074,0.653141,0.654893,0.6568751,0.65956736,0.6630318,0.66708636,0.67228115,0.6776655,0.68321836,0.68843937,0.69381875,0.69816333,0.7015752,0.70511186,0.7085712,0.71276677,0.71394324,0.7153925,0.7138606,0.710854,0.70637465,0.70050865,0.6900823,0.6793685,0.66942596,0.6632075,0.66021514,0.65801877,0.6554644,0.6517051,0.6479995,0.64501935,0.64196265,0.63966274,0.63877964,0.63930756,0.6401696,0.64007056,0.64104664,0.64106023,0.6434412,0.6454577,0.6477256,0.65067273,0.6536679,0.6557864,0.6576516,0.6598858,0.6629344,0.665919,0.6694179,0.67305064,0.67517173,0.67496663,0.67293787,0.66613626,0.6565437,0.6435974,0.62372434,0.5938189,0.5597844,0.5207356,0.48707715,0.4584629,0.4377851,0.4222955,0.41395468,0.4104484,0.413265,0.4184674,0.42564365,0.4338799,0.44156462,0.44967234,0.4561954,0.46464533,0.4722678,0.4803501,0.48749775,0.49249166,0.49525905,0.49613643,0.49468094,0.48893845,0.48184872,0.47274715,0.4615757,0.45032817,0.44029742,0.43249178,0.4271204,0.42277876,0.4196575,0.41714948,0.4147895,0.41242963,0.4112542,0.41054064,0.41041514,0.41150004,0.413297,0.41616803,0.41904575,0.42129698,0.42356884,0.4251699,0.42665285,0.42775562,0.42869774,0.4293152,0.4312929,0.43393326,0.43620086,0.4391182,0.44261092,0.445749,0.44940287,0.45206556,0.45508,0.45752424,0.4589638,0.45700383,0.45265514,0.44359314,0.43378776,0.41975445,0.4060202,0.39296678,0.38209495,0.37188768,0.3688739,0.3667714,0.3683208,0.36651182,0.3644169,0.36195976,0.3626684,0.3642094,0.3659836,0.3682386,0.36986822,0.37071037,0.3737828,0.37622738,0.37861267,0.37991902,0.38310272,0.3844971,0.38571241,0.38459113,0.38366055,0.38014552,0.3750077,0.36890242,0.36181635,0.35442978,0.3473763,0.3389092,0.33020517,0.32072636,0.31231412,0.30370292,0.298953,0.29158926,0.286628,0.28230986,0.27917507,0.27734178,0.2771273,0.27702373,21.4375,6.903353057199217,82.79380928607087,95.61647204228534,80.63721306550505,17.41473703105367,319.0
6,57,0.93464303,0.93485343,0.9347412,0.935133,0.93569744,0.93595636,0.93698704,0.93947285,0.9405737,0.9420424,0.94368374,0.94523245,0.94653547,0.9480819,0.9494749,0.9513134,0.952428,0.9541153,0.95478016,0.95562553,0.95603114,0.955726,0.9557699,0.9548564,0.9520093,0.94678336,0.9391726,0.9303681,0.9209823,0.91145265,0.90255606,0.89354694,0.8860259,0.8783324,0.87084675,0.86531997,0.8624729,0.86140096,0.8623227,0.8652632,0.86987287,0.87515557,0.8806404,0.8851627,0.8892444,0.8920627,0.89426786,0.89590836,0.8967922,0.8975646,0.8985831,0.9001892,0.90155053,0.9032041,0.9049096,0.9053706,0.90549326,0.904348,0.90246964,0.8991152,0.89493966,0.8884908,0.88138175,0.87243205,0.863592,0.85384613,0.8455953,0.83877087,0.83339334,0.8259349,0.81785095,0.80616134,0.79122126,0.7712883,0.7484429,0.72365344,0.6996709,0.67672944,0.65913993,0.6447652,0.6367459,0.6304399,0.62929994,0.6265866,0.6269229,0.62663686,0.6281916,0.6314207,0.63494605,0.63662094,0.6407676,0.64466393,0.6481571,0.65182143,0.6559701,0.6580547,0.6608709,0.6625284,0.665442,0.66659987,0.66871345,0.6704248,0.67170537,0.6743375,0.6752351,0.67855144,0.68169576,0.6856755,0.69106656,0.69622415,0.7011808,0.7068151,0.710799,0.7154776,0.7179705,0.7214402,0.72527707,0.7282776,0.73066235,0.73042065,0.7289972,0.72542095,0.7209271,0.71439725,0.7050475,0.69336087,0.68471736,0.67826545,0.6753773,0.6722294,0.66945934,0.66647625,0.66323507,0.6596491,0.65631545,0.65421164,0.6532918,0.6533463,0.6538767,0.655036,0.65539396,0.65596145,0.6575221,0.65924865,0.6621902,0.66445696,0.6679374,0.66949123,0.67076623,0.6728082,0.6759014,0.6787722,0.6823451,0.68583274,0.6876475,0.68757546,0.6857533,0.6792097,0.66987944,0.6574033,0.63813317,0.60896003,0.574906,0.53663266,0.50353456,0.47616678,0.4572393,0.4442528,0.4368638,0.43503982,0.4379215,0.4437921,0.45127648,0.46007484,0.46742857,0.47510624,0.4817317,0.4899978,0.49778318,0.50525784,0.5108545,0.51614165,0.5184073,0.51773345,0.5150687,0.50922763,0.50182176,0.49084675,0.48001048,0.46783173,0.45772332,0.44894028,0.4436882,0.43928832,0.43647274,0.43303448,0.43103006,0.42870346,0.42758682,0.42721745,0.4275892,0.42829245,0.43071607,0.43341827,0.43623632,0.43867847,0.44042414,0.44290507,0.4444696,0.4448916,0.44576955,0.44614622,0.44775522,0.4505762,0.45326054,0.45596647,0.45923984,0.46225625,0.46542805,0.4684134,0.47162604,0.4739864,0.47462273,0.47271627,0.46833962,0.45983452,0.44847113,0.4345401,0.42183495,0.4077357,0.3977229,0.3877465,0.3847242,0.3826087,0.38342515,0.38191575,0.3791405,0.37696284,0.37798464,0.37885267,0.3817469,0.38342088,0.38550317,0.38621762,0.3891212,0.39169168,0.3950411,0.3956313,0.39849454,0.3999347,0.40130726,0.4004249,0.39994633,0.39657703,0.3921551,0.38611102,0.37897968,0.37121975,0.36384746,0.35518697,0.34610528,0.33657396,0.32799035,0.31963736,0.31492907,0.30779496,0.30255234,0.29829255,0.29566246,0.29419887,0.29354185,0.29328603,21.21875,7.341200322815583,87.17744605496472,90.81124355096958,80.85289567248333,17.735595045772744,342.5
7,58,0.9394325,0.93887454,0.93875885,0.9387531,0.9391469,0.93974745,0.9399737,0.9430698,0.94335824,0.94483805,0.9460695,0.94763356,0.948927,0.951262,0.952348,0.95411634,0.9555625,0.956903,0.9578408,0.9587229,0.959362,0.95923924,0.9590325,0.9581538,0.9552039,0.94931924,0.9412019,0.9316757,0.9226227,0.91284776,0.9035201,0.89412326,0.886173,0.87824136,0.87087953,0.8649187,0.8622266,0.8610847,0.8623589,0.865548,0.86996615,0.8759167,0.8813025,0.8857503,0.8892593,0.8931344,0.89513135,0.8966189,0.8980163,0.89879405,0.8987986,0.900297,0.902104,0.9038633,0.9053337,0.9061489,0.9059851,0.9050171,0.90319765,0.8997431,0.8954015,0.8891719,0.88175005,0.8727282,0.86384475,0.8534122,0.84539163,0.8380191,0.83260936,0.82552415,0.816574,0.8052347,0.79083776,0.77091515,0.7484771,0.7229897,0.69870883,0.6755481,0.6576538,0.6426286,0.6335528,0.62805194,0.625412,0.62310314,0.6238121,0.6234251,0.62447697,0.6264243,0.6297014,0.63168585,0.6358508,0.6393658,0.64256155,0.64599705,0.6493666,0.6526619,0.65527725,0.65707886,0.65950334,0.6621157,0.66448295,0.6655445,0.6675998,0.66910076,0.6715076,0.672949,0.677477,0.68019783,0.6861342,0.6907133,0.6971896,0.7020266,0.70687795,0.7105543,0.7136319,0.71723735,0.7205745,0.7242107,0.72642493,0.7265709,0.7247205,0.72219163,0.7174505,0.71053356,0.7019155,0.6899149,0.6804704,0.67369723,0.6710767,0.66743904,0.66544753,0.66125894,0.65879065,0.65527105,0.6522021,0.6498891,0.6492591,0.6493622,0.6507044,0.65097165,0.6514008,0.6516209,0.65385604,0.65590453,0.6585126,0.6616525,0.6639893,0.66613555,0.6677614,0.67021483,0.6729549,0.67591846,0.6795604,0.6831222,0.6848445,0.6849985,0.6832796,0.6761298,0.66700584,0.65408784,0.6348393,0.60546184,0.57177913,0.53280485,0.50028646,0.47303227,0.45238474,0.43740383,0.4292065,0.4265619,0.4290468,0.43484113,0.44200122,0.44988665,0.45710948,0.46477124,0.4716758,0.47903514,0.4869526,0.494352,0.5007874,0.5056405,0.5087558,0.5089742,0.5075637,0.5016305,0.49377444,0.48345143,0.47214133,0.45998132,0.45034721,0.44154403,0.4367993,0.43224305,0.42946357,0.42713153,0.42509043,0.42274642,0.42144132,0.4207145,0.420485,0.4216556,0.4236247,0.4264266,0.42854163,0.4308554,0.432624,0.4343375,0.43544856,0.43561813,0.4366059,0.437029,0.43808073,0.4406035,0.4420334,0.44557226,0.44947672,0.45231503,0.4551857,0.4581659,0.46134365,0.46423632,0.46493894,0.46301654,0.45910415,0.45042968,0.44006002,0.4259264,0.4128679,0.39974874,0.38842618,0.3785482,0.37483168,0.37324524,0.37408477,0.37329715,0.3706652,0.3690428,0.36999744,0.37076193,0.37265158,0.37431493,0.37647945,0.37763476,0.3806091,0.38348103,0.3854941,0.38734,0.38998106,0.39175487,0.39304706,0.3928489,0.39255494,0.38836962,0.3840357,0.37777993,0.37091094,0.3628915,0.3558339,0.3469925,0.33870363,0.32888594,0.3206007,0.31260622,0.30777943,0.30093923,0.29582888,0.2912949,0.2887842,0.28676978,0.28608936,0.28555205,23.8125,5.866576427757472,88.22564062005695,92.17786911961758,70.39500663789087,22.954586250224374,222.0
8,58,0.9417928,0.94107187,0.9407317,0.94066256,0.94110703,0.94170284,0.94281435,0.94501233,0.9458277,0.94706017,0.9486987,0.95038235,0.9519354,0.9536239,0.9549823,0.95671105,0.957773,0.95878285,0.959801,0.96060866,0.96115637,0.9614655,0.96093285,0.95978034,0.9570686,0.95182806,0.94404316,0.9351053,0.9257692,0.9165448,0.90676475,0.89789903,0.8901357,0.8822692,0.8751712,0.86955583,0.8666581,0.86607575,0.8672994,0.87027013,0.8749022,0.880685,0.8856952,0.89047796,0.89415264,0.8966442,0.89896315,0.90026766,0.9017099,0.90215725,0.9030713,0.9043735,0.9057023,0.9074295,0.90859586,0.9097004,0.90960693,0.90829945,0.90652335,0.90314746,0.89855814,0.8926003,0.88555294,0.87663,0.8679272,0.8584515,0.85015297,0.84357405,0.83753085,0.8303441,0.8220189,0.81011903,0.7956909,0.7761712,0.7542254,0.72901577,0.70569575,0.682171,0.66413784,0.6493764,0.6403147,0.6342327,0.631932,0.6297479,0.6292677,0.6280719,0.62989384,0.6321716,0.63502526,0.63781905,0.64128315,0.6439565,0.6472429,0.65171003,0.6543763,0.6575279,0.6610366,0.6633898,0.6663015,0.667108,0.67082506,0.67139983,0.6729817,0.67465436,0.6775009,0.6791816,0.6833056,0.6862904,0.6918974,0.69752157,0.7018925,0.7071446,0.71252555,0.7160669,0.71936077,0.72287714,0.72646683,0.7292219,0.7311025,0.73134935,0.730141,0.7268057,0.72315216,0.71480775,0.7063228,0.6936904,0.6846123,0.6779269,0.674768,0.6721696,0.66986096,0.66669744,0.6621436,0.65939474,0.65645504,0.6538218,0.6530936,0.65350276,0.6545249,0.6547401,0.65531385,0.6556864,0.6570085,0.6592321,0.6623884,0.66468036,0.6677902,0.6699648,0.6713226,0.67298806,0.6760154,0.67869735,0.6820804,0.6858007,0.68781567,0.6876299,0.68577516,0.67852664,0.6695498,0.6565716,0.63710254,0.607506,0.5744709,0.53466856,0.5008341,0.47317177,0.45254385,0.4376497,0.42954484,0.42646503,0.42869607,0.43516216,0.4422639,0.45035997,0.45725167,0.46495098,0.47223473,0.4793756,0.48714453,0.4947979,0.50143504,0.506164,0.5094887,0.5095112,0.5077569,0.50223523,0.49430284,0.48419213,0.4738759,0.46215144,0.45289725,0.44363415,0.4386202,0.43504173,0.43290922,0.43043828,0.4281956,0.42624778,0.4251173,0.42394894,0.4240877,0.42500043,0.42744628,0.4299398,0.43259257,0.4342478,0.43628764,0.4375805,0.43883714,0.4390111,0.43977308,0.43963313,0.4411614,0.44356745,0.44568613,0.44831803,0.45152575,0.4543261,0.4576723,0.46134052,0.46377844,0.4662512,0.4674877,0.46529463,0.46126097,0.45317507,0.4424736,0.4292664,0.41602504,0.4029318,0.39240062,0.38197276,0.37857005,0.37698835,0.37794822,0.37700152,0.37480444,0.37247574,0.37325448,0.37501603,0.37703484,0.37852538,0.38105944,0.38180828,0.38467377,0.38711378,0.39001688,0.3907788,0.39409631,0.39554697,0.3965901,0.3964116,0.39531907,0.3917113,0.38723278,0.38036534,0.3734762,0.36547607,0.35820973,0.34943604,0.34083772,0.33133033,0.3232174,0.31394625,0.30960113,0.30275607,0.29655543,0.2924683,0.28958422,0.28804314,0.2870325,0.28759077,23.71875,7.095068700797025,94.40966109839383,90.85953762549505,74.40890507168476,26.33593609764854,356.0
9,71,0.9334669,0.9325378,0.9324919,0.93256795,0.9327443,0.93283284,0.9334121,0.9363597,0.936597,0.9380115,0.9397038,0.94126654,0.9428121,0.94468427,0.9460124,0.94832385,0.94930184,0.950742,0.9514001,0.9524241,0.9528606,0.9529642,0.95224416,0.95114756,0.9486598,0.94303894,0.93576205,0.9267193,0.9175868,0.90820587,0.89907765,0.8899812,0.8822016,0.8743702,0.8674746,0.8616766,0.8591949,0.8585418,0.8593993,0.8628466,0.8667909,0.8724206,0.87740374,0.8818539,0.88555247,0.8883009,0.8905502,0.8920825,0.8930588,0.8939909,0.8944909,0.89541477,0.8972067,0.8990662,0.9003901,0.9010302,0.9007316,0.9000457,0.8982091,0.89460933,0.8904858,0.88470757,0.87766504,0.86930406,0.86041176,0.851141,0.84284186,0.8359696,0.8305216,0.8233918,0.81558263,0.803933,0.78916943,0.7698864,0.7490393,0.7237884,0.70035577,0.6773649,0.6597575,0.64491946,0.63592917,0.62926507,0.6263941,0.62441134,0.6231704,0.62292755,0.6242903,0.6262227,0.62940943,0.6311537,0.6344542,0.63770235,0.64130044,0.6446865,0.6479293,0.6500795,0.65374315,0.6552467,0.6580975,0.65989083,0.66257364,0.66319716,0.66557276,0.6670151,0.6683698,0.670207,0.6747853,0.67893326,0.6827651,0.6882009,0.6936872,0.6984825,0.70298624,0.70747817,0.71072865,0.71406376,0.7175063,0.7209636,0.72305274,0.7237152,0.72158796,0.71869296,0.71449554,0.707936,0.69842875,0.68722475,0.6776345,0.671782,0.66848713,0.6657152,0.6632736,0.660318,0.65692997,0.65364337,0.65072536,0.64827883,0.64807844,0.64788556,0.6490843,0.64921284,0.64941084,0.64960086,0.6514,0.65351516,0.65678996,0.65925306,0.6619279,0.6633875,0.66534483,0.66722107,0.6702399,0.6724591,0.67596436,0.6797868,0.6811167,0.68107283,0.6792977,0.6727938,0.6633407,0.6505408,0.63138,0.60190403,0.5679692,0.53004956,0.49657625,0.46858227,0.44790375,0.4324985,0.42387903,0.4202618,0.42212635,0.42776194,0.43461543,0.44212085,0.44999707,0.45710462,0.46442136,0.47181946,0.47965288,0.48776287,0.49489266,0.500228,0.5035496,0.5039511,0.5025468,0.4976974,0.49093002,0.48109114,0.47101283,0.45967135,0.45002514,0.4413678,0.43634948,0.43222392,0.42911303,0.42687812,0.42523152,0.42302546,0.42185205,0.42101058,0.42117578,0.42241743,0.42434943,0.42654848,0.42937592,0.43125123,0.43275404,0.43428993,0.43576473,0.43656304,0.43748447,0.43768716,0.438739,0.44105002,0.4434538,0.44651568,0.44946736,0.45257014,0.45562848,0.45912224,0.46163598,0.46467045,0.46516037,0.46363598,0.45948482,0.45132732,0.44100314,0.42748588,0.41430888,0.4014833,0.39083436,0.38036716,0.37675607,0.37538514,0.37608284,0.37474394,0.37235922,0.3705527,0.3714975,0.3725409,0.37461817,0.37615314,0.3780078,0.37922618,0.38145167,0.38396186,0.38614023,0.387103,0.3907823,0.39240527,0.3934356,0.393345,0.3917532,0.3884669,0.38369322,0.37710088,0.37019888,0.3634414,0.3556947,0.34746572,0.3392235,0.32955974,0.3213092,0.31293154,0.30778188,0.3012369,0.29606083,0.29206306,0.2889223,0.2876661,0.2876935,0.28708294,22.4375,6.930607171320986,98.86485502114485,95.09478927752289,71.71774238968209,26.986627176449467,320.0
10,58,0.9268705,0.9265277,0.9257405,0.9260292,0.9262226,0.925918,0.9271407,0.9296973,0.93052626,0.9323908,0.9335313,0.93496096,0.93643546,0.93827605,0.93959177,0.9414238,0.9429353,0.9439998,0.94457006,0.9456231,0.9454777,0.9459378,0.9456906,0.9446136,0.94215304,0.9363588,0.92842877,0.9191743,0.91030777,0.9006727,0.89114594,0.8818895,0.873867,0.86542165,0.8580096,0.8526053,0.8500942,0.8493133,0.8507636,0.85378844,0.8588153,0.8641924,0.8699777,0.87415767,0.8782193,0.88085544,0.88330793,0.88446885,0.8856605,0.8860154,0.886801,0.8882537,0.88970995,0.89168274,0.89290893,0.8932073,0.89321816,0.89218295,0.89012086,0.8867582,0.8829588,0.8770741,0.86986375,0.8613332,0.85247713,0.8428316,0.8351131,0.8279313,0.822351,0.81512105,0.80701876,0.79506016,0.7802664,0.7607936,0.7394773,0.71448463,0.6903745,0.66675806,0.64818573,0.63337696,0.62406343,0.61814415,0.61469245,0.61204445,0.6115467,0.61071706,0.6118804,0.6134838,0.61574376,0.61702156,0.62121224,0.62377924,0.6278516,0.6308163,0.6351756,0.63744056,0.64029574,0.64256674,0.6456049,0.6475086,0.64983594,0.6510465,0.65268517,0.6545485,0.6565764,0.6589366,0.6626909,0.6664811,0.6719003,0.67669404,0.6826737,0.6873703,0.69354445,0.6966708,0.7001987,0.70339084,0.70772946,0.71031535,0.7123203,0.7133673,0.7117895,0.708321,0.703954,0.6974503,0.6880821,0.6763919,0.66697204,0.66069686,0.6581583,0.6557634,0.65298563,0.6494444,0.6461693,0.6427907,0.6400195,0.6378709,0.63770676,0.6379572,0.6386212,0.6398592,0.6397339,0.6403096,0.6428227,0.6444583,0.64662796,0.65014553,0.65263987,0.65424687,0.65554035,0.65790623,0.6606989,0.6638091,0.667308,0.67138064,0.67295533,0.6729882,0.6709413,0.6645412,0.6545566,0.64159536,0.62295896,0.59269637,0.5586945,0.51958114,0.48550925,0.45709312,0.43604568,0.4209961,0.4116213,0.40816844,0.41050625,0.41601443,0.42277586,0.42972547,0.43769538,0.4453553,0.4521771,0.4595402,0.46690053,0.47461665,0.4812772,0.48661554,0.49032554,0.49108315,0.48953813,0.48449576,0.4775839,0.46778446,0.45732248,0.4458732,0.43561184,0.42735916,0.42226276,0.41824993,0.41600916,0.4133282,0.41145054,0.40962216,0.4084124,0.4074563,0.40768445,0.40886813,0.41050357,0.41206986,0.4150585,0.4165849,0.41807082,0.41935903,0.42100763,0.42162472,0.42185485,0.42196888,0.42387873,0.4261921,0.42863032,0.4309396,0.43465447,0.43743315,0.44074494,0.444018,0.4473784,0.44969612,0.45121157,0.4492475,0.44522005,0.43702394,0.4270146,0.41303128,0.40020257,0.38715583,0.37676078,0.367042,0.3636852,0.36202833,0.36321008,0.36190122,0.35933048,0.35747567,0.35814184,0.35937968,0.36112314,0.36321238,0.36468008,0.36606523,0.36847886,0.37117553,0.37333924,0.37455165,0.37778598,0.37933344,0.3809874,0.3801199,0.37927246,0.37582815,0.3708849,0.36484748,0.3580632,0.3507963,0.34401065,0.33523345,0.3270991,0.31768572,0.3098988,0.3017696,0.29711252,0.29000416,0.28500378,0.28080192,0.27864867,0.27740318,0.2781834,0.27928922,24.8125,6.60933248227904,95.95602904796105,95.42961365391275,80.9575052912235,21.808023694130316,230.5
11,53,0.92450285,0.9237426,0.9227568,0.9234021,0.9233285,0.9239024,0.92417943,0.92711633,0.9280896,0.9296036,0.9308163,0.93199843,0.933618,0.9353106,0.93674254,0.9381683,0.9394322,0.9407825,0.9414852,0.94220793,0.9425975,0.94282776,0.9425015,0.94155145,0.9383085,0.9328376,0.9252082,0.9159986,0.90657794,0.8970962,0.88761944,0.87835,0.8700328,0.8627778,0.8551864,0.8492215,0.8467368,0.84540415,0.8464888,0.8500563,0.85510993,0.8599999,0.86574984,0.87105346,0.8743346,0.8773265,0.87939394,0.8808509,0.88183653,0.88251907,0.88314974,0.8841723,0.8858628,0.8878521,0.8891045,0.8893992,0.8894652,0.88868403,0.8868531,0.8834716,0.8792561,0.872589,0.86518645,0.85693794,0.8481618,0.8387884,0.83053285,0.82374626,0.8181316,0.81104124,0.8025565,0.79090345,0.77538615,0.75562847,0.7341814,0.7087652,0.6846205,0.66005385,0.64227474,0.62733847,0.61802053,0.6120739,0.60936964,0.6068844,0.60741776,0.6065928,0.6088491,0.61054343,0.6128193,0.61524564,0.61936027,0.6224022,0.6259192,0.6297349,0.6338529,0.6355003,0.638599,0.64025956,0.64362526,0.64514464,0.647506,0.6495562,0.65070844,0.6516289,0.6537719,0.6565218,0.6602932,0.66296107,0.6696935,0.6745633,0.6799259,0.68437743,0.6893389,0.694083,0.69752795,0.7000991,0.70417905,0.70782703,0.7104652,0.7106179,0.7090731,0.7069558,0.70206237,0.69585335,0.6866119,0.6744698,0.6650046,0.66032755,0.6569488,0.6546601,0.6517805,0.6490139,0.6446565,0.6413622,0.6382992,0.63649654,0.63590264,0.6360562,0.6363913,0.63638973,0.6367682,0.63767123,0.639307,0.6416379,0.6446868,0.6469008,0.65016073,0.65218234,0.65356183,0.65649045,0.6587963,0.6616266,0.6659419,0.66934335,0.67124236,0.67151415,0.66942877,0.6627666,0.6527257,0.6400678,0.6201665,0.59105253,0.5574206,0.51869833,0.48465574,0.4561981,0.43496987,0.41986704,0.41094595,0.4079969,0.4102199,0.41605243,0.42306858,0.43102473,0.43922773,0.44642,0.45376545,0.46182203,0.46913227,0.47714204,0.4849841,0.49004954,0.49328902,0.49346417,0.49175125,0.48716617,0.48055464,0.46985698,0.45917052,0.44850218,0.43875396,0.43024844,0.42497098,0.4205494,0.418013,0.41462523,0.41280738,0.41086546,0.40917712,0.40876362,0.408885,0.40992245,0.41285762,0.41470823,0.41742688,0.41937512,0.42181733,0.42316628,0.42527977,0.42633784,0.42693633,0.42708248,0.4290647,0.43181598,0.43400568,0.43712878,0.44037807,0.44276392,0.4461204,0.4495036,0.45342907,0.4558882,0.4573382,0.4552213,0.45084086,0.4428686,0.43264753,0.41889077,0.4061617,0.39279723,0.38214287,0.3714661,0.36813164,0.36636066,0.36738253,0.36643612,0.36400127,0.36196756,0.3620397,0.36306414,0.36551514,0.36718446,0.36968887,0.37038922,0.37335768,0.37620813,0.37839323,0.37966013,0.38248754,0.3842185,0.38582045,0.38582453,0.38456428,0.3808335,0.37591994,0.3693253,0.36223942,0.3545094,0.34707466,0.3377086,0.3291758,0.31941894,0.31091028,0.30268568,0.29843464,0.29141796,0.28526178,0.28164798,0.2794069,0.27769393,0.27779818,0.27850965,22.5625,6.851389076500522,86.17798323027357,94.21272945013408,76.69763637470064,16.887452880990843,342.0
12,57,0.9306897,0.9312372,0.9310685,0.93146753,0.9310363,0.93171394,0.93333423,0.9351188,0.93597436,0.9379096,0.9391036,0.9405533,0.9418668,0.94370836,0.9454761,0.9473465,0.9482428,0.94960606,0.9509489,0.9516914,0.95197415,0.95233214,0.95207226,0.9507668,0.9479737,0.9427241,0.9346489,0.9255494,0.91626656,0.90666646,0.89689416,0.88836545,0.88063776,0.8723742,0.86474943,0.859681,0.8565184,0.85547173,0.85623384,0.85929626,0.8638679,0.86976427,0.87517715,0.8799685,0.8840039,0.88692653,0.88901985,0.8907555,0.89186484,0.8924664,0.8933151,0.8943039,0.89672494,0.8981925,0.89943403,0.9000933,0.90020645,0.8991753,0.8971762,0.89411545,0.88961375,0.88289905,0.87588006,0.8668307,0.85772526,0.84824824,0.83990264,0.8329648,0.8270483,0.8200698,0.8119043,0.7996255,0.7839465,0.763983,0.74211115,0.7163625,0.6915379,0.6689046,0.6510193,0.6360694,0.6270858,0.6213746,0.61921936,0.6181247,0.61733496,0.6180999,0.6191646,0.6217938,0.6240635,0.6274561,0.6311659,0.6348591,0.63888973,0.64211655,0.6459032,0.64813805,0.65045446,0.6534272,0.65637326,0.6586141,0.6603768,0.66177046,0.66375506,0.6649255,0.666943,0.66916126,0.67247254,0.6771208,0.6818199,0.68738586,0.6925938,0.69782174,0.7025261,0.70662636,0.70996857,0.7132242,0.71671194,0.71968484,0.72208333,0.7225847,0.7212906,0.7172442,0.7141646,0.706285,0.6970122,0.68571305,0.6762824,0.6699884,0.6675289,0.6644982,0.6613292,0.65809244,0.65492237,0.65188825,0.6482744,0.6460768,0.6459961,0.64622927,0.64665616,0.6471064,0.64763796,0.64799345,0.6502693,0.65241045,0.6549072,0.65753067,0.66080046,0.66238487,0.6645215,0.6666639,0.66948617,0.6724938,0.67575425,0.6793221,0.6813154,0.6814252,0.67936385,0.672549,0.66346765,0.65018535,0.6306224,0.60041034,0.56648767,0.52692163,0.49534142,0.46759728,0.44773763,0.4333622,0.42589772,0.42409256,0.426956,0.43380576,0.44136444,0.4493285,0.45744017,0.4642795,0.47154936,0.47897843,0.48674637,0.4944162,0.50096023,0.5053395,0.50778973,0.50751936,0.5053843,0.49866715,0.49069813,0.48071173,0.46935248,0.45668215,0.44665915,0.43792993,0.43295032,0.42829224,0.42478347,0.42279547,0.42062545,0.4188224,0.41720128,0.4166967,0.4169116,0.41770983,0.4199292,0.42257023,0.42536798,0.42777145,0.42973715,0.4317034,0.43337625,0.43404847,0.43450356,0.434514,0.4367924,0.43919575,0.44207174,0.44448107,0.44807082,0.451284,0.45465273,0.4574948,0.46064067,0.46324515,0.4639033,0.46221137,0.4578482,0.44879472,0.4377393,0.4236381,0.40987837,0.39650673,0.38604948,0.37557507,0.37238252,0.37099826,0.3717548,0.37111056,0.36822015,0.36638874,0.36694366,0.3674265,0.3694097,0.37189412,0.37331223,0.37441826,0.37758577,0.3800394,0.38193256,0.38351047,0.38666797,0.38805538,0.3900391,0.38975173,0.38912302,0.3858961,0.38092655,0.37331086,0.36715177,0.3589306,0.35144335,0.3433491,0.3345006,0.32485878,0.31674564,0.30836067,0.30351493,0.29660636,0.29131287,0.28651834,0.28368422,0.28207037,0.2809303,0.28108984,21.46875,6.895794301957486,92.34498622652518,94.82880293845074,98.8549348716353,14.004218273200502,308.5
13,62,0.93883926,0.93897176,0.93817616,0.93884635,0.9390849,0.93905437,0.94110286,0.9432814,0.9442344,0.94547606,0.94728625,0.9488255,0.9503036,0.95210785,0.9533824,0.95521665,0.9565753,0.9574236,0.9586156,0.9590987,0.9594997,0.95945704,0.95979434,0.9583491,0.95545673,0.9499371,0.94177675,0.93295956,0.9234685,0.9136593,0.90433013,0.8953584,0.8876649,0.8802103,0.8727825,0.86666495,0.86448085,0.86366075,0.86477876,0.8675109,0.8724548,0.8780367,0.88320804,0.8875848,0.89098597,0.8943611,0.89671963,0.89809847,0.8990557,0.8998231,0.9005719,0.9019866,0.9041232,0.90586597,0.9069469,0.90759814,0.90756553,0.9063902,0.904825,0.90106094,0.8967797,0.89027184,0.88331056,0.8742019,0.86566186,0.85599923,0.8474097,0.8404515,0.8346453,0.8276938,0.81932294,0.80756414,0.7916256,0.7717305,0.7503169,0.72419727,0.7001201,0.6768611,0.6583252,0.6435137,0.6353472,0.6286347,0.626693,0.62448144,0.6244329,0.6241063,0.6258622,0.62795657,0.6310441,0.63356483,0.6372627,0.6404462,0.64440256,0.64834505,0.6513036,0.65415585,0.65715814,0.65931296,0.6625568,0.6638134,0.6665058,0.66784674,0.66899216,0.67038697,0.67204195,0.674473,0.67899776,0.6829886,0.68788075,0.69348633,0.69809794,0.7035142,0.7082081,0.71186405,0.7155777,0.7188074,0.72309065,0.72562224,0.7277639,0.72833276,0.727553,0.7237232,0.71918863,0.712478,0.7038758,0.6913856,0.6826385,0.6761525,0.6732577,0.67026865,0.6676637,0.6641948,0.6602034,0.65689164,0.65419817,0.6516661,0.6508099,0.6509934,0.65183616,0.6527246,0.6528792,0.652411,0.65440774,0.6565543,0.6591157,0.66244966,0.66452456,0.6669291,0.66899544,0.67057365,0.67313415,0.67596316,0.6797852,0.68322,0.6849493,0.6848456,0.682646,0.67599106,0.66677964,0.65392846,0.6345444,0.6046684,0.57158864,0.53235805,0.4991132,0.4717515,0.45183048,0.43708178,0.42963716,0.42694208,0.42973244,0.43553287,0.4434613,0.4513952,0.45908737,0.46659607,0.47377223,0.48155028,0.488977,0.497101,0.5035167,0.5082256,0.5112371,0.5110615,0.5090291,0.5032691,0.49595514,0.48547485,0.47460496,0.46323007,0.4528166,0.44421583,0.43880066,0.434578,0.4314959,0.42864507,0.426983,0.42495835,0.4233528,0.4228603,0.4229648,0.4242037,0.4263441,0.42880836,0.431898,0.43396205,0.4358087,0.43770093,0.43927902,0.4402804,0.44111878,0.4415102,0.44359046,0.44587928,0.4482926,0.45063138,0.45402604,0.45723292,0.46077454,0.46376193,0.46699467,0.4687884,0.4696378,0.46793208,0.46390545,0.45524666,0.444907,0.4314251,0.41758445,0.40480423,0.39363784,0.38350293,0.3805463,0.37866098,0.3792675,0.37827456,0.3755787,0.37382808,0.37396145,0.37577257,0.37734303,0.37938517,0.3810566,0.3824641,0.3851236,0.3874471,0.38953507,0.39100182,0.39438206,0.39597613,0.3972283,0.39682877,0.39530945,0.39184296,0.3869756,0.38090152,0.37388575,0.36636934,0.35878953,0.35023493,0.34149402,0.33173734,0.32337964,0.3148698,0.31041098,0.30288285,0.29668874,0.29196393,0.28937858,0.2875985,0.2883465,0.2883811,21.78125,7.508620789970785,98.09988784504276,95.82913735267769,72.58647420667677,25.454137497756236,331.5
14,68,0.9390925,0.93903685,0.9381325,0.9387124,0.9389886,0.9396614,0.9410362,0.94338804,0.94400847,0.9459252,0.9471006,0.94869107,0.9498011,0.95197845,0.9534674,0.95482713,0.95584023,0.9576627,0.9582453,0.9592203,0.95941687,0.95947766,0.95974326,0.95856977,0.9555981,0.9499544,0.9424472,0.9332354,0.9244365,0.91466695,0.9055524,0.89666474,0.88915205,0.8806386,0.8738141,0.86806893,0.8649198,0.8640925,0.86547375,0.8681691,0.8728405,0.87888026,0.8838401,0.8883697,0.89225376,0.8951083,0.8975722,0.898893,0.89958525,0.900463,0.9012304,0.9026559,0.904758,0.9064096,0.9077399,0.9081131,0.9082165,0.9073848,0.9056194,0.9023846,0.897879,0.8914819,0.88433886,0.87570274,0.86766136,0.8575315,0.84919673,0.84187996,0.8364945,0.83019686,0.821748,0.8095311,0.7951198,0.7759347,0.753222,0.7275925,0.7034247,0.6799985,0.6623287,0.64755476,0.6382437,0.6321144,0.628959,0.6274743,0.62687767,0.6269164,0.62776256,0.6309911,0.63387275,0.6355651,0.63990486,0.6428421,0.64625967,0.64990103,0.6532631,0.65555394,0.65831274,0.6609823,0.66297305,0.6653376,0.6683091,0.66825217,0.6701487,0.6724299,0.67410463,0.67623377,0.6800109,0.68358505,0.6898206,0.6946962,0.6990279,0.70454144,0.709779,0.7132468,0.717169,0.72012466,0.7240617,0.7272645,0.72921216,0.73046136,0.72816324,0.726043,0.72182846,0.7144835,0.7057203,0.69455457,0.6841527,0.677902,0.6746353,0.67284894,0.6705127,0.6667513,0.66362405,0.6603011,0.6569172,0.65474105,0.65402544,0.65458876,0.6550944,0.6555737,0.65581584,0.6564617,0.6575299,0.6602914,0.662928,0.6659286,0.6682495,0.6705699,0.67261493,0.67475075,0.67763853,0.6804092,0.6844121,0.6874334,0.68925214,0.689507,0.68699276,0.6808054,0.67113686,0.6582689,0.6386842,0.6102334,0.57703626,0.53797114,0.5047261,0.47659487,0.4554001,0.44062158,0.43235964,0.42989147,0.43265137,0.4384232,0.4457641,0.4531827,0.461455,0.46859604,0.47579095,0.4830622,0.49086583,0.4988286,0.50550246,0.5098362,0.51304793,0.513668,0.5118414,0.50554,0.4981609,0.48778814,0.4771682,0.46545315,0.45529017,0.44637185,0.44140756,0.4370126,0.43352348,0.4311346,0.4292078,0.42704874,0.4257334,0.42512357,0.42511785,0.4255929,0.42752358,0.43064833,0.43294218,0.43572223,0.43750334,0.43883002,0.44037047,0.44113255,0.44201344,0.44258243,0.44433907,0.44678852,0.44913578,0.45201397,0.45539898,0.45865333,0.46162444,0.46482378,0.46764377,0.47044116,0.47113103,0.4698068,0.46470982,0.45693386,0.44599557,0.43231142,0.41834056,0.40505555,0.39445657,0.38434336,0.38075256,0.37951386,0.38078326,0.37961048,0.3769421,0.3750714,0.37499946,0.3767339,0.37913615,0.38083214,0.38290328,0.38383323,0.38692725,0.3893346,0.3915531,0.39275455,0.39650533,0.39789337,0.39952615,0.39935738,0.39820084,0.39497012,0.39011908,0.3837536,0.37685987,0.36903286,0.3621567,0.3534776,0.34503818,0.3347008,0.3257903,0.3185079,0.3137187,0.30674648,0.30166703,0.29761696,0.2949457,0.2935808,0.29418194,0.29471624,21.96875,7.1748432353166525,100.99336563317411,99.66193845512848,76.62099366132097,20.194758571172137,352.5
15,57,0.93332505,0.9326153,0.9325941,0.93284965,0.9332982,0.9330534,0.93445456,0.9371045,0.9375984,0.93900156,0.9402767,0.9425592,0.9431892,0.94503105,0.9466425,0.94813013,0.9495463,0.95054317,0.9517766,0.95242256,0.95240784,0.9531878,0.952472,0.9518324,0.9483886,0.943591,0.9361413,0.9274148,0.9183388,0.90932286,0.90001595,0.8908888,0.8833892,0.8752253,0.86838865,0.8627826,0.85994774,0.8590659,0.8606384,0.863952,0.86840755,0.8737477,0.8789243,0.8832326,0.88646084,0.88992184,0.8920822,0.8935027,0.8947753,0.8951972,0.8956028,0.89684474,0.898932,0.90076435,0.9018014,0.90239674,0.90246415,0.9017122,0.89970505,0.89652896,0.8921902,0.88569903,0.8783283,0.8698445,0.8614811,0.8524785,0.8440285,0.83679646,0.83158416,0.8247367,0.81625354,0.8052465,0.79024386,0.7705238,0.74919754,0.7247,0.7019984,0.680284,0.6634019,0.64960164,0.6410067,0.6356245,0.63327765,0.63047665,0.6302253,0.6298006,0.63126004,0.6328116,0.63576496,0.6384743,0.64181405,0.64512074,0.64880025,0.65208244,0.6549181,0.6579021,0.66027164,0.6626843,0.6646833,0.66660845,0.6697465,0.67062426,0.67211723,0.6738708,0.67513895,0.676913,0.6813846,0.6848796,0.690745,0.6951648,0.7004714,0.70504355,0.7101524,0.7135653,0.7165848,0.7191665,0.7242216,0.726138,0.7281159,0.72778857,0.7265275,0.72386014,0.71878886,0.71233195,0.70384216,0.6924172,0.6835338,0.6772287,0.6742586,0.6717518,0.6693381,0.6656988,0.6622997,0.65855265,0.6558962,0.6535091,0.65278894,0.65284455,0.6541467,0.6541165,0.65525067,0.6542533,0.6566328,0.6586218,0.6613518,0.6636729,0.6662706,0.6687664,0.67005384,0.6712525,0.67367387,0.6763505,0.67990017,0.6833372,0.6854007,0.6849648,0.68261904,0.67578536,0.66729116,0.65496385,0.6358193,0.60760427,0.57378936,0.5353421,0.5041876,0.47554964,0.45524636,0.4398864,0.4321925,0.4286382,0.43163893,0.4367598,0.44400588,0.45203587,0.46005487,0.4667046,0.47462302,0.48184776,0.48944402,0.496585,0.5043081,0.50887907,0.5118867,0.51219726,0.51114047,0.5055428,0.49916038,0.48996997,0.47974044,0.4679891,0.4583522,0.4502549,0.44649416,0.44260454,0.43914014,0.43738663,0.43623197,0.43444502,0.43268794,0.4319725,0.43207532,0.43292415,0.43497005,0.4373468,0.43963674,0.44128448,0.4432409,0.4447972,0.44638243,0.44687954,0.446691,0.4472768,0.4490156,0.45076936,0.45270514,0.4552848,0.4591528,0.4624229,0.4656732,0.46823534,0.47145164,0.47379342,0.47445434,0.47318462,0.4684687,0.46070963,0.45015258,0.43741703,0.42432117,0.4109705,0.4002471,0.39023507,0.38675204,0.38479513,0.38566908,0.3848983,0.38244897,0.380149,0.38111448,0.38161552,0.3839339,0.3860883,0.3885829,0.38902047,0.39169902,0.3949088,0.3963651,0.39855117,0.40088502,0.402676,0.40470967,0.40438294,0.40257967,0.39927953,0.39471415,0.38796276,0.38092926,0.37298745,0.36613372,0.3568021,0.34822592,0.3387639,0.3306216,0.32194197,0.31693166,0.30949423,0.3045318,0.2997247,0.29744542,0.29529673,0.2954626,0.2952631,22.53125,6.483902645945365,88.66435065143904,94.53518624452704,75.22733553665192,29.064351103931074,336.5
16,58,0.93174386,0.9316662,0.93098575,0.9313302,0.93115544,0.9315976,0.9319793,0.93467796,0.9355397,0.93684375,0.93789905,0.9394343,0.9410789,0.9430574,0.9447485,0.946197,0.9470937,0.9482178,0.94910836,0.9498666,0.9502581,0.95033616,0.95028144,0.94896257,0.94611394,0.94092226,0.9328023,0.9238223,0.91509676,0.90573215,0.8967889,0.88783956,0.87983686,0.8721976,0.8651515,0.85925514,0.85626364,0.8557493,0.85661244,0.8595114,0.86454856,0.870042,0.87545264,0.88000786,0.88345516,0.88641274,0.8887838,0.89029485,0.8910812,0.89206517,0.8928701,0.8940222,0.89572144,0.89774513,0.8989039,0.899126,0.899213,0.8982689,0.89650595,0.8930797,0.88879013,0.8826667,0.87555414,0.86747956,0.85898066,0.8496525,0.8414644,0.8348339,0.8295344,0.82219285,0.8145416,0.8035949,0.7894217,0.7699273,0.74853235,0.7232442,0.6998339,0.6763365,0.6583479,0.6434923,0.6347276,0.62778,0.6258664,0.62305284,0.62312126,0.622286,0.6235323,0.62628376,0.6287136,0.6310377,0.635125,0.6386639,0.6421324,0.6460632,0.64960015,0.6506361,0.65408957,0.65660155,0.6595963,0.6613721,0.663463,0.6646447,0.66618717,0.6682612,0.66953784,0.6722662,0.6752907,0.6795751,0.68447566,0.6899816,0.6950809,0.6998877,0.7050291,0.70830554,0.7119777,0.71547157,0.71893775,0.72238046,0.7248863,0.72459465,0.7234384,0.72035336,0.71602774,0.7091101,0.7002732,0.6893686,0.67929864,0.6735147,0.67087674,0.66749716,0.6652894,0.6615222,0.6582168,0.6552303,0.6521999,0.6496162,0.649318,0.64877397,0.6496529,0.6498729,0.64993834,0.6499718,0.65237594,0.65406084,0.6570829,0.66022635,0.66299796,0.6643025,0.6664726,0.66845286,0.671311,0.67370206,0.6776515,0.6811995,0.6827873,0.682485,0.68033475,0.67381495,0.6650118,0.65165055,0.63269764,0.60370016,0.56990576,0.5313251,0.49774587,0.4698429,0.4483676,0.43299395,0.42454803,0.4212309,0.4235732,0.4295537,0.43603343,0.44465286,0.45245767,0.4596181,0.46752638,0.47539908,0.48292774,0.49089837,0.49788573,0.502787,0.5062664,0.5064992,0.50505507,0.500305,0.49338174,0.484101,0.47412091,0.46255785,0.45285755,0.44423002,0.43917686,0.4352582,0.4324715,0.4300081,0.42783946,0.42587778,0.42446017,0.42341828,0.42380297,0.42444775,0.42708975,0.4294449,0.43201,0.43428135,0.4360324,0.43791902,0.4393275,0.44057864,0.4416927,0.4419788,0.44341275,0.44579676,0.4489101,0.450607,0.45394182,0.4576078,0.46014622,0.4634394,0.46662688,0.46885654,0.46923584,0.46744666,0.46300378,0.4544776,0.443734,0.43011403,0.417507,0.40365148,0.3933303,0.38281485,0.379269,0.37774965,0.37838972,0.37666488,0.3744464,0.37253365,0.37321946,0.37451822,0.37653983,0.37860948,0.3802325,0.38131624,0.3838094,0.38634044,0.38828677,0.39008373,0.3928392,0.39442202,0.39506918,0.3949852,0.3937705,0.39034486,0.3850409,0.37833816,0.37095144,0.36375463,0.35635638,0.34788263,0.33943093,0.32905665,0.32049003,0.31161776,0.30729032,0.29987857,0.2943338,0.290937,0.288788,0.28756884,0.2877983,0.28828394,21.5,6.602379301536318,94.68690155165925,93.47357300776527,77.3983341186096,23.228325255788906,340.5
17,58,0.9291318,0.92894036,0.9282172,0.92850727,0.92870617,0.9286179,0.9293385,0.9313579,0.9321137,0.93380046,0.9353138,0.9364482,0.93805885,0.9394512,0.94078267,0.94244295,0.9432448,0.94440067,0.94506776,0.94593596,0.9458966,0.94663453,0.9463067,0.9454652,0.9423858,0.93707097,0.9294673,0.920895,0.91218483,0.90280235,0.8940055,0.8850776,0.87771,0.8700979,0.86299765,0.8574879,0.855123,0.85450417,0.85567486,0.85889816,0.8631709,0.8686353,0.87357795,0.8777339,0.88141286,0.88424075,0.88627744,0.8878273,0.88869894,0.8896329,0.89005613,0.8913052,0.89302313,0.8943572,0.8955748,0.8965083,0.8968047,0.89553565,0.89352036,0.89058167,0.886422,0.88061476,0.8739599,0.86593807,0.85778695,0.8482275,0.8404062,0.8335758,0.82826316,0.82139933,0.81381696,0.8023564,0.7886198,0.76913226,0.74862254,0.72499007,0.702466,0.679483,0.66210693,0.64771,0.63868326,0.6322391,0.62933534,0.6274161,0.6265942,0.625625,0.6276643,0.6298747,0.6316457,0.63402325,0.63812244,0.6411338,0.6449195,0.6476771,0.6518568,0.65397656,0.65705717,0.65899086,0.6622616,0.6638403,0.6659419,0.66707253,0.6692318,0.6708266,0.67220217,0.67517096,0.6780727,0.6819773,0.6869445,0.6917177,0.6972527,0.70261645,0.7068507,0.71098965,0.71448594,0.7172247,0.721519,0.72405976,0.7260535,0.72722054,0.72500145,0.7215673,0.71785,0.7108434,0.7020492,0.69020116,0.68099,0.6744685,0.6721941,0.66984165,0.6672573,0.6633357,0.66049767,0.65717447,0.6541278,0.6520919,0.6520256,0.65173227,0.652733,0.65359503,0.6538259,0.6539492,0.6561345,0.6582805,0.6604354,0.6629838,0.6655426,0.66760087,0.6690256,0.6708194,0.6734086,0.67613006,0.6798081,0.68324417,0.68526185,0.6848718,0.68296623,0.676551,0.666723,0.6551052,0.63598436,0.60732865,0.5741692,0.5363093,0.5024637,0.4743498,0.4536692,0.43798757,0.4289823,0.42547166,0.42758983,0.43299127,0.44018894,0.44789112,0.4559763,0.46252048,0.47067982,0.4776432,0.48512512,0.49305627,0.5002516,0.50500906,0.50857437,0.50895655,0.50799465,0.5027169,0.49588776,0.48572022,0.47592634,0.46446663,0.45480478,0.44630355,0.44126904,0.43782735,0.43502474,0.4324409,0.4308422,0.42896563,0.42753738,0.42697817,0.4267029,0.4277734,0.4295979,0.43186766,0.43412268,0.43649083,0.43831092,0.43933177,0.440099,0.44070596,0.44071814,0.4409983,0.44282028,0.4449272,0.447177,0.449714,0.45322087,0.45601404,0.45919842,0.46230984,0.4656338,0.4682757,0.46938735,0.46828064,0.46382767,0.45601526,0.4451933,0.43164587,0.41838598,0.405043,0.39438653,0.38360238,0.38069707,0.37962055,0.3803987,0.37943685,0.37686354,0.37518162,0.3759947,0.37716967,0.37925285,0.38096774,0.38295892,0.38405082,0.38669175,0.3895414,0.39187318,0.39322168,0.39590216,0.39714533,0.39992908,0.39928696,0.39745343,0.39389026,0.38960207,0.38314667,0.37662905,0.36842686,0.36138588,0.35253486,0.3438394,0.33422711,0.32581794,0.31710756,0.3126878,0.30536234,0.30068594,0.29600763,0.2936017,0.29238814,0.29201815,0.29202688,24.78125,7.515997781112713,94.58075049423707,95.68457054162826,73.73467817905137,24.350206426135344,295.5
18,57,0.92970955,0.9297489,0.93005073,0.9305724,0.93091905,0.9315158,0.9329549,0.9354798,0.9364752,0.93794906,0.93931615,0.9409979,0.9426378,0.94450414,0.94595265,0.94757354,0.94937027,0.95038176,0.95122683,0.9522567,0.9525924,0.9527239,0.9524489,0.95111924,0.94861495,0.9430709,0.93490434,0.9251646,0.9158715,0.9062704,0.897175,0.8881309,0.8804058,0.87167543,0.86470664,0.85879916,0.85577357,0.854805,0.85589087,0.85841936,0.8632329,0.8692106,0.8748428,0.87908125,0.88378966,0.8862934,0.8886087,0.8906082,0.89179766,0.8927611,0.8938407,0.8951653,0.896838,0.8991085,0.90025806,0.90085745,0.9008575,0.89987254,0.89805114,0.89429,0.88993365,0.8834066,0.87592494,0.8664479,0.85735977,0.84703434,0.83857894,0.8313205,0.8253904,0.8182144,0.8097203,0.7974632,0.781639,0.7606497,0.7370268,0.71129334,0.6871114,0.6629487,0.64563775,0.6312282,0.62242377,0.61683613,0.61427724,0.6127051,0.61263466,0.61243516,0.6149656,0.6176033,0.61992997,0.6233258,0.62762636,0.6308944,0.6352736,0.6384556,0.64301515,0.6449404,0.64822555,0.6506262,0.6530204,0.65488887,0.6574092,0.65754545,0.6601261,0.6614746,0.66304713,0.66673934,0.6704236,0.6749796,0.67943025,0.68473405,0.68992615,0.6957509,0.70083314,0.70458984,0.7076987,0.7111951,0.7154214,0.7181952,0.72106475,0.720925,0.719329,0.71610457,0.71155465,0.70442224,0.69545674,0.68265665,0.67297816,0.6663506,0.6640005,0.66063315,0.65848696,0.65404254,0.6509422,0.64755845,0.64478076,0.64264905,0.6413399,0.64198333,0.64190334,0.64254344,0.6420853,0.64271206,0.6441908,0.6466849,0.64957035,0.65244424,0.6548218,0.65715396,0.6586821,0.660585,0.6633227,0.6662817,0.66979647,0.6735426,0.6756618,0.67555743,0.6733829,0.6665955,0.65700936,0.645043,0.62500364,0.5948609,0.5606965,0.52093935,0.48840064,0.46104306,0.44378725,0.43046758,0.42379594,0.42194653,0.42527997,0.431446,0.4389468,0.4473313,0.45505643,0.46160305,0.4686982,0.47573844,0.48316294,0.49054724,0.49707854,0.5011912,0.50351727,0.5036194,0.50072634,0.4952653,0.48694554,0.47713822,0.4652828,0.45247924,0.4416497,0.433245,0.428276,0.42326683,0.42085782,0.41785216,0.41533795,0.41326034,0.4122762,0.4115036,0.41143048,0.41202903,0.4141664,0.41710925,0.41992378,0.42261225,0.42472708,0.42740566,0.42820102,0.42941266,0.43052274,0.43126845,0.43378952,0.4351747,0.43801332,0.44031698,0.44411027,0.44770038,0.45149088,0.45420772,0.45644683,0.45993376,0.46024966,0.45843813,0.45421597,0.4448774,0.4336064,0.4195869,0.4063304,0.39304042,0.3823247,0.37210268,0.36826348,0.36670586,0.36642727,0.3658198,0.36451644,0.36131656,0.36197257,0.3641373,0.3659735,0.36781013,0.37032723,0.372257,0.37424624,0.376967,0.37913102,0.38024533,0.38340923,0.38554987,0.38723195,0.3862931,0.38545457,0.38192648,0.37752083,0.3709933,0.3646767,0.35663396,0.34988266,0.34142488,0.33275872,0.3236743,0.3149721,0.3062099,0.30164313,0.29443058,0.28898293,0.28520244,0.2821729,0.28037494,0.28045943,0.28051496,20.875,7.64462889822437,88.78180477240699,89.59889677949204,75.11976381461673,26.91033925686591,357.5
19,58,0.9392422,0.9386647,0.9388926,0.9393061,0.9392053,0.94012076,0.9410052,0.94326675,0.9440597,0.9455233,0.9468645,0.9483556,0.9501175,0.9516165,0.952782,0.955073,0.9558331,0.95725816,0.9578662,0.95887387,0.9592352,0.9593055,0.9592341,0.95813173,0.95529383,0.9503163,0.9426825,0.9337645,0.9247923,0.91540724,0.9062368,0.8974675,0.8896954,0.88164544,0.87463063,0.868791,0.86593544,0.8650514,0.86615795,0.8690178,0.8737793,0.879246,0.88429207,0.88870007,0.89257157,0.89545333,0.89809823,0.8995395,0.9006846,0.90106046,0.9020353,0.9034879,0.90524036,0.906851,0.90821415,0.90909976,0.90905523,0.9078325,0.90592945,0.90250206,0.89825773,0.8918907,0.8848394,0.8763577,0.8676973,0.8578133,0.8491099,0.842394,0.8368349,0.829731,0.8215902,0.8103783,0.7955346,0.7762728,0.75464,0.72917616,0.7058376,0.6821035,0.66425484,0.6497931,0.6419921,0.6361263,0.63404405,0.63199425,0.63170934,0.6319334,0.63324416,0.63585055,0.6390149,0.64243925,0.6456499,0.6498932,0.6530661,0.6571743,0.6606391,0.66261685,0.6659729,0.6674292,0.6710235,0.67250896,0.674247,0.6760392,0.6780008,0.6788529,0.68105924,0.68335843,0.68700147,0.69098264,0.69603485,0.70139366,0.7063533,0.7116828,0.7168914,0.7204481,0.72413045,0.72713184,0.7302713,0.73380053,0.73568416,0.7357325,0.73430085,0.73101914,0.7268849,0.7198115,0.71035695,0.69929934,0.6902392,0.6832241,0.68063253,0.6778001,0.67542946,0.6718317,0.66834956,0.66491055,0.662355,0.6595757,0.65865165,0.6586335,0.6597215,0.6601099,0.6607943,0.66068673,0.66251695,0.66417146,0.6675052,0.6699145,0.6724472,0.674422,0.67638487,0.6784502,0.68085605,0.68398315,0.68736327,0.69098085,0.6930188,0.6935378,0.6912247,0.6839514,0.6748584,0.6628305,0.6433215,0.6137775,0.57968843,0.54138947,0.50820994,0.48088473,0.46093512,0.4469064,0.43911004,0.43680838,0.44077638,0.44642627,0.45402187,0.46180588,0.46997082,0.4772603,0.48518014,0.4925831,0.5003881,0.50807714,0.51478887,0.51896405,0.5214723,0.521306,0.5193519,0.51273775,0.5051842,0.49471253,0.48372695,0.47088584,0.46147522,0.4530329,0.4473669,0.44275045,0.4397451,0.4368382,0.4348104,0.43282738,0.4314713,0.43079707,0.4309715,0.43205142,0.4340245,0.4368561,0.43934396,0.44207668,0.44402528,0.44565964,0.44733027,0.4481772,0.44861254,0.4494222,0.4512574,0.45358068,0.4564335,0.4589824,0.46228105,0.46535426,0.4690032,0.47204196,0.4750318,0.4772383,0.47803372,0.47617817,0.471312,0.46291548,0.45241478,0.43818825,0.42536017,0.41179872,0.40097836,0.39069125,0.38650584,0.38561997,0.3866818,0.38537818,0.38260508,0.38080037,0.38132817,0.38269556,0.38489413,0.38717186,0.38934106,0.3901403,0.3931669,0.3958207,0.39831805,0.3991869,0.40285113,0.4041995,0.40521544,0.40547478,0.4040919,0.40035838,0.39622128,0.38955307,0.3825938,0.37457567,0.36688417,0.35801607,0.34871286,0.33880097,0.3297746,0.32116574,0.3162726,0.30905592,0.3027783,0.2988139,0.2957067,0.29334486,0.29336184,0.29338664,21.8125,7.43075015540286,98.09796096650587,95.20606663562089,76.86033049609107,27.417429545862504,327.0
20,57,0.9386954,0.9384422,0.9377419,0.93837386,0.9380846,0.9386224,0.9400623,0.94234234,0.94286823,0.94485706,0.9457593,0.94726896,0.9484066,0.95039105,0.95181245,0.9533645,0.95481366,0.95590544,0.95652235,0.9572895,0.9578388,0.9582095,0.95756865,0.9565787,0.95403457,0.94798577,0.9403013,0.9308474,0.9216205,0.9121614,0.90283406,0.89386195,0.8854779,0.8771472,0.8702929,0.86425376,0.8615234,0.8609938,0.8621369,0.8651172,0.8695111,0.87558985,0.8810878,0.8856896,0.88911045,0.89222324,0.8943496,0.8956091,0.89687717,0.8976566,0.8981987,0.8995346,0.9014398,0.90274584,0.90426946,0.90537643,0.9052143,0.90396607,0.90222704,0.8989983,0.8947792,0.8888065,0.8814125,0.8729501,0.8643415,0.85418385,0.84641457,0.83925986,0.8337587,0.8266297,0.8185682,0.8076584,0.79332364,0.7729958,0.7519156,0.7269794,0.7032292,0.68001485,0.66204566,0.6473085,0.63831997,0.6320237,0.6288766,0.6275222,0.6270393,0.6263401,0.62786883,0.63041717,0.63281,0.63470966,0.6389091,0.64245594,0.6459061,0.64914185,0.6525732,0.6561537,0.6582792,0.66028905,0.66395986,0.6652114,0.66660166,0.6692383,0.6700418,0.67140746,0.6742481,0.6761304,0.6795429,0.682658,0.6891879,0.6935104,0.69900054,0.70296,0.7087945,0.71222085,0.71560216,0.7198745,0.722842,0.7265669,0.72786343,0.72831714,0.7272873,0.72471154,0.71916556,0.71282697,0.70411325,0.6924102,0.68265444,0.6757572,0.6736616,0.67119956,0.6694914,0.66457665,0.6611032,0.6580981,0.65561926,0.65269214,0.6522382,0.6518617,0.65257823,0.6531353,0.6541621,0.6536183,0.65573424,0.65828687,0.6607259,0.6639931,0.6660768,0.6683424,0.6696184,0.67282236,0.67486084,0.6775169,0.68143904,0.6846211,0.6873036,0.6867149,0.68465054,0.678078,0.66880953,0.65638787,0.6375814,0.60889745,0.57611585,0.5373116,0.50493985,0.47707626,0.45722026,0.44171178,0.4337965,0.43100455,0.433507,0.43964893,0.44664252,0.45513982,0.46277437,0.4702012,0.47730422,0.48512933,0.49248138,0.49982902,0.50650895,0.5115259,0.51379895,0.514536,0.51247936,0.50611746,0.49861413,0.48827767,0.47703245,0.4651485,0.45551562,0.44619745,0.44150636,0.4369323,0.4337337,0.43079916,0.4286838,0.42715052,0.42587852,0.4244042,0.42441264,0.4253977,0.42765093,0.4304786,0.43360552,0.4351824,0.4376281,0.43969145,0.44107315,0.44198784,0.44255996,0.4428523,0.44499484,0.4471166,0.44889128,0.4522245,0.45552722,0.45906162,0.4619643,0.46528533,0.46843785,0.470381,0.47202122,0.46998572,0.46555403,0.45740482,0.44660795,0.4326441,0.41942066,0.40592015,0.3952645,0.38458604,0.38114327,0.3799729,0.38048303,0.37934607,0.3767063,0.37536135,0.37556234,0.3769393,0.37942764,0.38126105,0.38343167,0.3841191,0.3870753,0.3893274,0.39257753,0.39427102,0.39675117,0.397922,0.39922917,0.39938694,0.3977136,0.39432076,0.3898539,0.38339907,0.37656605,0.36816016,0.36053774,0.35168898,0.3430269,0.33339852,0.3250593,0.3167079,0.31185937,0.30446804,0.29924348,0.29480574,0.2923702,0.29046524,0.29048637,0.29018822,22.125,6.815977443609015,87.35752839331025,121.79365267507907,76.3531563970033,25.528181654999095,345.5
21,58,0.9402679,0.93948424,0.93869007,0.93908197,0.9390038,0.93904185,0.94044626,0.94247895,0.94338524,0.94510156,0.94623834,0.94757164,0.94912344,0.9506773,0.9520252,0.9536711,0.9544718,0.9557236,0.9567812,0.95763975,0.95773816,0.9578385,0.95782053,0.95652443,0.9538273,0.9487133,0.94126797,0.93247855,0.92384475,0.91444993,0.9053732,0.89688516,0.8893679,0.8817638,0.8753059,0.8693697,0.8668703,0.8656934,0.8669094,0.8697517,0.8745955,0.8797703,0.8843311,0.8886802,0.8929347,0.89559186,0.8978851,0.89923775,0.9002161,0.90103275,0.9015987,0.9026405,0.9043131,0.90584886,0.9073196,0.90797925,0.90834427,0.90738577,0.9056121,0.9027592,0.8983353,0.8923813,0.8859489,0.8778132,0.8691914,0.86006266,0.8521806,0.8454641,0.8405779,0.8334101,0.82564163,0.8143296,0.80020475,0.78118694,0.76003814,0.73600966,0.71238637,0.68938434,0.6724988,0.6574603,0.64857763,0.6427449,0.6402551,0.6386894,0.63773215,0.63692534,0.63876885,0.64095634,0.6436268,0.64555645,0.6498466,0.65290517,0.657072,0.6599717,0.6634906,0.66624177,0.6694316,0.6716411,0.6739285,0.67568624,0.6785056,0.6799321,0.6813667,0.6821853,0.6838698,0.68656796,0.690842,0.6942055,0.6992933,0.70477605,0.7101538,0.7135806,0.7188817,0.72217536,0.7260126,0.72929287,0.7334218,0.7362312,0.738355,0.73847425,0.7367326,0.734426,0.7295135,0.72298586,0.7148181,0.70251405,0.69348943,0.68763506,0.68504834,0.68207264,0.67996156,0.6762654,0.67290854,0.66976964,0.66706717,0.6648141,0.6639419,0.6641174,0.66480005,0.6649513,0.66628706,0.6659987,0.66765547,0.66929376,0.6725467,0.67557126,0.67777675,0.6797446,0.68173534,0.6832545,0.68651557,0.6892381,0.6930108,0.6967644,0.69866323,0.6986661,0.69608736,0.6899155,0.6802825,0.66800225,0.64936113,0.6207505,0.58794045,0.5489249,0.5156631,0.48726025,0.46617198,0.45040464,0.44112968,0.43790913,0.44058454,0.44644457,0.45393997,0.46186846,0.47059274,0.47759306,0.4859095,0.49355668,0.5012532,0.50909495,0.51634854,0.52152705,0.52458435,0.5252431,0.5240214,0.51842684,0.5114757,0.50152856,0.4905215,0.4792098,0.46853852,0.46004358,0.45449376,0.45047224,0.44724616,0.44411474,0.4422926,0.44006133,0.4387529,0.43820912,0.4378652,0.4391118,0.4409065,0.44326186,0.44640338,0.4482816,0.45085305,0.45249748,0.454065,0.45495635,0.45565468,0.4563238,0.45812255,0.46008196,0.46266472,0.46567994,0.46864033,0.47229356,0.47554022,0.47880712,0.48244587,0.48493204,0.4856105,0.48416102,0.4793292,0.47096008,0.4600893,0.4458897,0.43196735,0.41818362,0.40734115,0.3961033,0.39254835,0.3911527,0.3920197,0.3907088,0.3881529,0.38632965,0.38685936,0.3880596,0.39051202,0.39253917,0.3939125,0.3952996,0.3981559,0.40111017,0.40311843,0.40474385,0.4076602,0.40935796,0.41074586,0.41085452,0.40898305,0.40555322,0.40062046,0.39392546,0.38732594,0.37902015,0.37146527,0.3621274,0.35332033,0.34326658,0.33365607,0.3252082,0.32022616,0.31292382,0.3077305,0.30332696,0.30064356,0.2990246,0.29847914,0.2988688,22.71875,6.823072906055555,90.75423278620903,119.29251120119476,78.32882848637684,25.247711362412495,272.0
22,58,0.9315034,0.93116724,0.9305048,0.9308053,0.9305941,0.930863,0.93227535,0.9349358,0.93567276,0.93700886,0.93793356,0.9394654,0.940855,0.94257027,0.943795,0.94568443,0.946961,0.9477128,0.94856584,0.9492196,0.9495915,0.9499475,0.949719,0.94870406,0.9459581,0.9405511,0.93306196,0.9242279,0.9149449,0.90507996,0.895839,0.8866128,0.8785837,0.87039924,0.8636874,0.85786855,0.8547351,0.85397285,0.854973,0.85794353,0.86241204,0.86797106,0.87306464,0.8777298,0.88142383,0.8844675,0.88638484,0.88784957,0.88874197,0.8895469,0.8904015,0.89164406,0.89347196,0.8953509,0.89668155,0.8976538,0.8974022,0.896674,0.89481306,0.89150447,0.8873681,0.8817772,0.87448186,0.86626923,0.85759324,0.8477118,0.8397491,0.83274573,0.82707334,0.81985533,0.8116305,0.8003197,0.785553,0.76593804,0.74435,0.7194409,0.6953899,0.67236346,0.65338445,0.6390755,0.62923706,0.6237196,0.6209524,0.6182607,0.61725444,0.6171982,0.6185672,0.62035215,0.62368906,0.62639624,0.6295186,0.6332082,0.6367384,0.64062285,0.6435724,0.64604366,0.64947826,0.6515089,0.65376806,0.6558834,0.65830076,0.6594075,0.6610843,0.6627814,0.66471887,0.6667448,0.6707758,0.6741631,0.67982584,0.68447244,0.6899856,0.6955507,0.700343,0.7043096,0.70758855,0.7109493,0.71443135,0.7184801,0.72052693,0.72093904,0.71926934,0.7165021,0.7129207,0.70533335,0.69599944,0.68509585,0.6750832,0.6691171,0.6666081,0.6638407,0.66152936,0.65826523,0.65451896,0.65133965,0.6479855,0.6459224,0.6453016,0.6451607,0.64612913,0.6464298,0.6468631,0.6474792,0.64888316,0.6516242,0.6546843,0.65694,0.65982175,0.6618667,0.6633928,0.66580856,0.6686851,0.6716906,0.67517275,0.6790017,0.68120635,0.6808575,0.67897034,0.67187107,0.66289127,0.650115,0.6307542,0.60150605,0.5676906,0.52876455,0.49467123,0.46663707,0.4456156,0.43022,0.42127427,0.41809174,0.41996145,0.42592877,0.43278983,0.4409955,0.44853872,0.45611516,0.4635696,0.471286,0.4795737,0.48705244,0.49427193,0.49925637,0.502663,0.50290114,0.5015902,0.4968236,0.48995465,0.48041126,0.4697846,0.4579667,0.4483003,0.43998772,0.43411756,0.42983058,0.42703047,0.4240434,0.42211777,0.42007604,0.4183474,0.41770047,0.41780367,0.41875696,0.42081594,0.42365092,0.4261425,0.42811376,0.43010083,0.43185002,0.43403044,0.43459105,0.43546784,0.43621302,0.437585,0.44027203,0.44306397,0.44572034,0.44911593,0.4520593,0.4557313,0.4588093,0.46209008,0.46473148,0.46599543,0.46410733,0.46016166,0.45191294,0.44113326,0.4272977,0.41429013,0.40063393,0.390011,0.37965876,0.37588713,0.37447017,0.37583458,0.3743365,0.37213433,0.36976132,0.37019855,0.3719026,0.3736949,0.3757368,0.37770766,0.3789351,0.38163963,0.38461715,0.38672823,0.38789475,0.39079288,0.3925648,0.39416265,0.39367366,0.3925646,0.38921976,0.38395908,0.37772027,0.37069494,0.36288697,0.35538572,0.34682184,0.33814403,0.3280793,0.31964764,0.3117397,0.30673742,0.2997647,0.29408494,0.28950876,0.28701186,0.2852261,0.28478956,0.28459334,22.0,6.054731436090055,104.60842297463581,95.62178988326848,74.92062756986334,21.525309639203012,278.5
23,63,0.9330852,0.93237257,0.9313716,0.93183875,0.93171597,0.93198,0.9325515,0.93579686,0.9362665,0.93768525,0.9383116,0.9400916,0.9415049,0.9428616,0.9444648,0.9457226,0.94672894,0.94773316,0.9489813,0.94992423,0.9501747,0.9499506,0.9498919,0.948834,0.94585717,0.94049394,0.9329766,0.9236546,0.9150531,0.9056902,0.8962345,0.8875395,0.87996256,0.87209666,0.8654394,0.8597574,0.8569563,0.8561757,0.85782504,0.8603319,0.86501,0.87024724,0.87568164,0.8799266,0.88344646,0.8864099,0.8880999,0.8901882,0.8905474,0.89110637,0.8920763,0.8934455,0.895187,0.89674234,0.8980531,0.89878666,0.89872897,0.8977331,0.89585036,0.89233124,0.88835204,0.88209623,0.875231,0.8672723,0.8592073,0.84978545,0.84225214,0.83520925,0.8294996,0.82264566,0.81456435,0.80327004,0.7886219,0.76946974,0.74809563,0.72407925,0.70037353,0.6776682,0.65971315,0.64585614,0.63712925,0.6302762,0.62738323,0.6254215,0.6248442,0.6247545,0.6254561,0.62734795,0.6308124,0.6329614,0.6370135,0.6403052,0.64357054,0.64791155,0.6510004,0.6535133,0.6566074,0.6582384,0.66126657,0.66372335,0.6651335,0.6671724,0.66820645,0.6705983,0.67221725,0.6747345,0.67832106,0.6812066,0.68642944,0.69225615,0.6974609,0.7026104,0.7078837,0.71104944,0.7144173,0.7175436,0.7214939,0.72503364,0.7271729,0.7277868,0.72554314,0.72268367,0.71885014,0.712211,0.7029373,0.69191504,0.6829718,0.6763872,0.6742377,0.6708921,0.66868854,0.6652542,0.6620479,0.6585165,0.6557511,0.6531657,0.6528996,0.6533438,0.65396357,0.6548059,0.6550605,0.65471286,0.656346,0.6583956,0.6613147,0.66426414,0.6668396,0.66810787,0.6706201,0.67221487,0.67530704,0.67849827,0.6818056,0.68572986,0.6869049,0.68727434,0.6847867,0.67816436,0.66864467,0.6559229,0.63623154,0.6063154,0.5733404,0.5331135,0.49990538,0.471543,0.4499814,0.4339102,0.42545193,0.42248467,0.4240123,0.42989224,0.43688083,0.44457215,0.45281267,0.45994884,0.46786213,0.4752892,0.48388952,0.49163282,0.49870223,0.50403535,0.5080566,0.509027,0.50746,0.5030885,0.49593043,0.48626274,0.47622794,0.4645028,0.45445427,0.4468654,0.4412427,0.43687105,0.43427753,0.43162572,0.43004155,0.42826796,0.42699718,0.42585364,0.4256658,0.42633247,0.42838234,0.43070838,0.4336444,0.43637514,0.43737388,0.43931028,0.44083023,0.4417115,0.44248056,0.44264567,0.4444381,0.44617838,0.44870248,0.45197943,0.4551518,0.4581625,0.4614563,0.46445435,0.4683075,0.4708598,0.47152948,0.47010595,0.4658875,0.45783252,0.44650507,0.4329277,0.41948882,0.4063698,0.39547017,0.38499165,0.38107795,0.379682,0.38055432,0.38010877,0.37719333,0.37568074,0.37626755,0.37743205,0.3793676,0.38152468,0.3832305,0.3842798,0.3868978,0.3893082,0.39182484,0.39351988,0.39632514,0.39771527,0.3987602,0.39942133,0.3975266,0.3945675,0.38923067,0.38264027,0.3757739,0.36774465,0.36065477,0.35160276,0.34272677,0.33327603,0.32446992,0.31589013,0.311731,0.30435097,0.29845768,0.2942481,0.2913748,0.28972137,0.28883636,0.2891975,23.375,6.7250804435459735,97.0653818587242,102.58625358311161,80.95738847483058,28.16684616765392,293.5
24,59,0.9322096,0.93245023,0.9322363,0.93269795,0.932793,0.93324625,0.9345835,0.9370373,0.9375026,0.93880343,0.9406655,0.94205225,0.9437822,0.94529384,0.9467429,0.94842386,0.9493445,0.950686,0.95172703,0.9531064,0.9527766,0.9535557,0.9527949,0.9521696,0.9488394,0.94332683,0.9363153,0.9266217,0.91756487,0.907781,0.8983655,0.88953793,0.8819261,0.87430966,0.8677455,0.86191255,0.8588012,0.8577205,0.85861504,0.862273,0.8667426,0.871998,0.8774078,0.8821793,0.88568604,0.8889778,0.89089084,0.8926076,0.89413893,0.89432764,0.8954481,0.8969233,0.8983015,0.900185,0.9012866,0.90204227,0.9022267,0.90085363,0.8987612,0.89572054,0.891824,0.88543355,0.8786597,0.87006813,0.8612493,0.8513219,0.84303856,0.8359959,0.830374,0.82343316,0.8151027,0.8038418,0.78930545,0.7705127,0.74785876,0.72220147,0.69867766,0.67543185,0.6577035,0.6436134,0.6360824,0.6303892,0.6284891,0.62548405,0.6266829,0.62673736,0.62816846,0.6301819,0.63401085,0.63647366,0.64000535,0.64386415,0.6473924,0.65135026,0.65486836,0.6565053,0.6596013,0.66199315,0.6643146,0.666436,0.6685553,0.6696916,0.67148745,0.6732366,0.6744994,0.6770361,0.681465,0.684086,0.68998677,0.6955061,0.7000843,0.7053486,0.70974314,0.71359205,0.7167811,0.7199683,0.72388965,0.7265597,0.72886044,0.7299633,0.7276416,0.7242071,0.7200222,0.71254164,0.7038326,0.6922202,0.6824535,0.67570114,0.67323923,0.66977537,0.667393,0.66361845,0.66073185,0.65760875,0.65481496,0.65211916,0.6518166,0.6518017,0.65200007,0.6530545,0.65273863,0.65356827,0.65529,0.65668154,0.65970075,0.6623287,0.6645677,0.66664946,0.6687767,0.6708722,0.6733246,0.67620933,0.68010443,0.68360424,0.68557924,0.6846359,0.6830359,0.6761939,0.66689885,0.654471,0.6351309,0.6063534,0.5731588,0.53410196,0.50153303,0.47400928,0.45482305,0.44085038,0.43333364,0.43145162,0.43396524,0.44016868,0.44816154,0.45653042,0.46432212,0.471238,0.47886544,0.48592508,0.4936968,0.50171196,0.50753736,0.5116,0.5139147,0.51378757,0.5115032,0.5052812,0.49715227,0.48752972,0.47640663,0.46412545,0.45422107,0.4456553,0.44032207,0.43617767,0.4330614,0.43012643,0.42889908,0.42627764,0.42483252,0.42411533,0.42381,0.42483437,0.42727607,0.43025118,0.43235415,0.43518963,0.43699968,0.4390006,0.4399584,0.44102478,0.44147435,0.44160235,0.4438784,0.4455182,0.44811296,0.4504797,0.45371148,0.45685154,0.4599456,0.4632853,0.4666419,0.469099,0.46968144,0.4679888,0.46401247,0.4551726,0.44409326,0.4300489,0.4165689,0.40280044,0.3922429,0.38154048,0.37792027,0.37680054,0.3774283,0.37670177,0.37323758,0.37166116,0.3725409,0.37468323,0.37614226,0.37806755,0.37976003,0.38075492,0.38327587,0.3862663,0.3886586,0.39014268,0.39384875,0.3946432,0.39643967,0.39604467,0.39530647,0.39190358,0.38646692,0.38033098,0.37359536,0.36537778,0.35795203,0.34884065,0.34065825,0.33039522,0.3220463,0.31297576,0.30845118,0.3016379,0.2960144,0.2920426,0.28965926,0.28815812,0.28861028,0.28877527,22.3125,7.1954365079365115,85.0220421740579,125.93599620206734,81.44109202198197,30.14135702746365,348.0
25,55,0.9443784,0.9439484,0.9435712,0.9433639,0.94313186,0.94416165,0.9448898,0.9474376,0.9477813,0.9497785,0.9504169,0.951787,0.9533117,0.95531154,0.9563892,0.95769215,0.9592813,0.9600158,0.9607247,0.9614749,0.961648,0.9616018,0.9616734,0.96063036,0.95760846,0.9520716,0.9444979,0.9350917,0.92637706,0.9170866,0.9076404,0.8988364,0.8912294,0.88348424,0.87682986,0.87115896,0.86842537,0.86794055,0.86917555,0.87232506,0.8768117,0.8821132,0.8873713,0.8914754,0.894961,0.8984532,0.9005124,0.9017062,0.90240675,0.9033129,0.90409476,0.905275,0.9072994,0.90874994,0.91046524,0.9110979,0.9113453,0.9098777,0.9080932,0.9047539,0.9005322,0.8944757,0.88724846,0.8787603,0.8698809,0.85989475,0.8526204,0.8465538,0.840574,0.8330759,0.825656,0.81345415,0.7985914,0.7797458,0.7577517,0.7321868,0.7081734,0.6859216,0.66775095,0.65347123,0.6453588,0.6394658,0.6365578,0.6344234,0.6349238,0.63440806,0.6360891,0.6387214,0.6417189,0.64405763,0.6487643,0.65130067,0.6554289,0.65860873,0.6628896,0.66468054,0.66742146,0.66924477,0.6728959,0.6740588,0.67633915,0.6776331,0.67993224,0.6806776,0.6826831,0.6855846,0.689317,0.6931019,0.6971977,0.7032881,0.7081078,0.71362835,0.7184337,0.72182643,0.72514355,0.7278726,0.7317207,0.7353624,0.73788595,0.7378156,0.73591375,0.73242396,0.7280353,0.7213142,0.71207106,0.70054716,0.69082165,0.6842061,0.6819377,0.6792439,0.676288,0.67335004,0.66974884,0.66671574,0.66368794,0.6613713,0.6608881,0.6611726,0.6618192,0.66141915,0.662577,0.66253036,0.66431606,0.6665921,0.6689863,0.6715315,0.67423415,0.6761536,0.678066,0.6802904,0.68280387,0.6856892,0.68991584,0.69273424,0.6950644,0.6947381,0.6923778,0.6845609,0.67703325,0.6641731,0.64305913,0.6134873,0.57950807,0.5401605,0.50772214,0.47944176,0.45965144,0.4453268,0.4380213,0.43550757,0.43921602,0.44480896,0.45190275,0.45996806,0.4678236,0.47537693,0.48247564,0.4902402,0.49849185,0.50641865,0.51258224,0.5169555,0.52036554,0.5203321,0.51779974,0.5120327,0.50420266,0.49321252,0.48258707,0.47076428,0.45958,0.4517066,0.4459627,0.44157037,0.43866295,0.43630978,0.43440127,0.43213665,0.43075937,0.4301831,0.43027538,0.43108988,0.43326414,0.43612114,0.4384801,0.44098347,0.4428504,0.44495368,0.44699422,0.4472457,0.44821793,0.4485337,0.4502398,0.452156,0.45458597,0.45711926,0.46032938,0.46378136,0.46724612,0.47038507,0.47361547,0.4756277,0.47654557,0.47446588,0.46961457,0.4602845,0.44936746,0.4354043,0.4225198,0.40877327,0.39808434,0.38757378,0.38446185,0.38288486,0.38401118,0.38284606,0.3807488,0.37890592,0.37853315,0.37980852,0.38179627,0.38309947,0.38565883,0.38741228,0.38982207,0.39247894,0.39500833,0.3960108,0.39913493,0.40104723,0.40200007,0.40227434,0.40059477,0.39700192,0.3924985,0.3858703,0.378798,0.37055892,0.3639205,0.3543915,0.3457628,0.3354264,0.3269204,0.3181192,0.3138957,0.30653763,0.30119514,0.29614812,0.29350078,0.2911862,0.2911182,0.29047912,22.46875,6.729755938695442,103.73896628495203,97.54747940231812,67.66571722128171,27.65751211631664,341.0
26,58,0.9441583,0.94298834,0.9421857,0.9420382,0.9419291,0.9429971,0.94387615,0.9459437,0.9467292,0.94760585,0.9486097,0.95021504,0.95169127,0.95345926,0.95510405,0.9561776,0.9573477,0.9583372,0.9591135,0.95976365,0.9603251,0.95992845,0.95994216,0.95868886,0.95604205,0.9505453,0.94307774,0.93385816,0.92477846,0.9151568,0.90584964,0.897015,0.8894274,0.88130534,0.8741958,0.86919415,0.86674476,0.86618316,0.86750627,0.87052333,0.8753072,0.8806262,0.8859996,0.8901487,0.89359397,0.8962288,0.89871335,0.9003098,0.90069526,0.90157914,0.90216684,0.90357745,0.9053205,0.90688443,0.90839326,0.90924853,0.90925777,0.9081515,0.9062959,0.9028849,0.89823884,0.8925976,0.8858632,0.87711674,0.86774564,0.8584698,0.8510767,0.8446554,0.839232,0.8308724,0.82369554,0.8118224,0.79748535,0.7786176,0.75700104,0.732595,0.7091892,0.6867072,0.66918844,0.6547915,0.6454561,0.6400043,0.637082,0.6350269,0.6346549,0.6344143,0.6355827,0.63776,0.6403847,0.6426971,0.6461458,0.64954424,0.6526538,0.6569868,0.6597601,0.6623237,0.6657714,0.667618,0.67068297,0.6726425,0.674567,0.6761596,0.6776431,0.6792029,0.68092847,0.6834567,0.68692744,0.69107926,0.69612885,0.7017758,0.70649755,0.7110611,0.7163894,0.71959716,0.7233335,0.7265347,0.7299704,0.73320544,0.73469806,0.7362596,0.7339996,0.72965264,0.72582656,0.71826017,0.70868826,0.6971685,0.68788326,0.6820055,0.6796918,0.6765893,0.6740594,0.6706092,0.66658634,0.6636724,0.66060627,0.6584722,0.65824246,0.65882564,0.6598729,0.6602917,0.6610526,0.6611661,0.6626872,0.664825,0.6674801,0.6698611,0.6728678,0.6745421,0.6762632,0.67861235,0.68125105,0.68387157,0.6879412,0.6915492,0.6931333,0.6930341,0.6902607,0.6826766,0.6750027,0.66193074,0.6419344,0.6120374,0.5778441,0.5389657,0.5063149,0.47779873,0.45770139,0.4432332,0.43511403,0.43203825,0.4339323,0.4399627,0.44721058,0.45469803,0.462463,0.46927536,0.47652626,0.4840328,0.49158198,0.4991062,0.5057465,0.51038176,0.51372904,0.5140619,0.5121474,0.50672954,0.49913892,0.48907775,0.4786904,0.46628544,0.45650452,0.44843033,0.44343656,0.43976012,0.43708667,0.4348591,0.43319708,0.4315567,0.43020317,0.42935205,0.42922962,0.43035126,0.4328658,0.43492976,0.436975,0.43907,0.44080043,0.44197628,0.442968,0.4436844,0.44352975,0.44404876,0.4451699,0.4469819,0.44945094,0.45193884,0.45514166,0.45761067,0.46150893,0.46478617,0.4678102,0.47018105,0.4712174,0.4692182,0.46478397,0.45545512,0.44468385,0.4310878,0.41825372,0.40533715,0.39432347,0.38381484,0.38112438,0.3807428,0.38076544,0.38073874,0.378379,0.37692487,0.377397,0.3788231,0.3805081,0.38269308,0.38401988,0.38560492,0.38834834,0.3907932,0.393416,0.39516768,0.3977027,0.40014112,0.40084445,0.40060794,0.3991861,0.39560634,0.39119595,0.384192,0.3773684,0.3691131,0.36217123,0.35324883,0.34449148,0.33506775,0.3263414,0.31836325,0.31373692,0.306643,0.30116564,0.29682982,0.29404,0.29229456,0.2921878,0.2915836,25.25,9.231178390704256,97.35010854870879,89.94008159102498,83.71767928169967,27.565517860348233,286.0
27,64,0.9349633,0.93359846,0.9334167,0.93336165,0.9338976,0.9345002,0.935432,0.9379338,0.93812835,0.93925226,0.9405278,0.94190156,0.9433766,0.945565,0.94705176,0.9483584,0.9490092,0.94982105,0.9505047,0.95133394,0.95153916,0.9517764,0.95121455,0.9501156,0.9475466,0.9413254,0.9335942,0.92442125,0.91524976,0.9049189,0.8954544,0.88624126,0.87822497,0.86970675,0.862358,0.8572345,0.8541894,0.8536199,0.85535264,0.85841787,0.862832,0.86839896,0.8736694,0.8781668,0.8817876,0.8853305,0.88690627,0.88847154,0.8892251,0.89023674,0.8905696,0.8922177,0.8943707,0.89561075,0.8973512,0.89791524,0.89742863,0.89697504,0.8947999,0.89095986,0.8866285,0.8802717,0.8730365,0.8643078,0.8550666,0.8451162,0.83763885,0.8309207,0.824972,0.81630254,0.8091861,0.7962315,0.7810631,0.76106787,0.73874414,0.7129223,0.68906873,0.66575783,0.647938,0.63372743,0.62355024,0.6184416,0.61474615,0.6122844,0.61152726,0.6119303,0.6132017,0.6146493,0.617957,0.62016565,0.624369,0.6266683,0.63039386,0.6352415,0.63763213,0.6406046,0.64340585,0.64616305,0.6487894,0.65071094,0.653074,0.65325254,0.6559382,0.656903,0.65926635,0.66138923,0.66558224,0.6687927,0.67392087,0.679713,0.6846358,0.6899787,0.6940476,0.6985936,0.7015971,0.70551634,0.709095,0.7125155,0.71522355,0.7151445,0.7133014,0.7102232,0.70571834,0.69872487,0.68925726,0.67816377,0.6687578,0.6630725,0.6599314,0.656255,0.65451974,0.6507346,0.64734995,0.64445734,0.64103496,0.6389692,0.6385259,0.6386759,0.63980794,0.64003646,0.64060926,0.64023304,0.6416314,0.6439472,0.6469939,0.6492628,0.65193343,0.65351766,0.6559286,0.65800273,0.66052234,0.66295666,0.6669884,0.6702933,0.6721431,0.67209136,0.66905755,0.6608511,0.6535,0.63971484,0.6196495,0.5895816,0.5548535,0.51573473,0.4829368,0.45556092,0.43494296,0.4199834,0.4118112,0.40912765,0.41168052,0.417458,0.42456806,0.43211472,0.43937033,0.44723314,0.45433477,0.46214464,0.4699292,0.47777447,0.4845565,0.48932135,0.4925985,0.49252224,0.4915352,0.48638153,0.47935545,0.47024143,0.45911855,0.4480924,0.4389817,0.43062836,0.4259299,0.4218527,0.41894972,0.41637856,0.4144742,0.41228527,0.4106707,0.41020173,0.4104753,0.41148448,0.4133583,0.41609037,0.4184246,0.42084748,0.42315114,0.4253187,0.42680097,0.4275333,0.42817318,0.42890495,0.4306556,0.4324345,0.43446794,0.4372416,0.44048446,0.44357616,0.44683242,0.45010304,0.4525702,0.45532116,0.4565916,0.4546628,0.4502173,0.44119966,0.43062097,0.41702726,0.40498394,0.3927467,0.38168743,0.37156802,0.3681035,0.36769527,0.36899704,0.36826968,0.36566642,0.3638888,0.36409634,0.3651203,0.3673007,0.36838996,0.370516,0.37183815,0.3744869,0.37705046,0.37885204,0.38011363,0.3826959,0.38407043,0.3854371,0.3849575,0.3836101,0.38014546,0.3755991,0.36907908,0.36165425,0.35365975,0.34674788,0.33775413,0.3294886,0.3199793,0.3115844,0.30323765,0.29869896,0.29201803,0.28678378,0.28257462,0.28040257,0.27872422,0.27823633,0.27869427,22.59375,7.5820227925882095,93.91421932222356,92.38355466760689,70.7412237979671,31.768084724465982,370.5
28,58,0.9337368,0.9323311,0.9315765,0.9314288,0.93153137,0.9324362,0.9331181,0.9355868,0.9361733,0.9374646,0.93849677,0.93977606,0.9411776,0.9432355,0.94462883,0.9459481,0.94735163,0.9482821,0.9491995,0.9495823,0.9499688,0.9500432,0.94969594,0.94879293,0.9455735,0.9401381,0.93239677,0.9230418,0.9135865,0.9037316,0.8940221,0.8853542,0.8775895,0.86949545,0.8626063,0.8572019,0.8545606,0.8544123,0.85546684,0.8585557,0.8634703,0.8693725,0.87460095,0.8783871,0.88171786,0.88530266,0.88723695,0.8888395,0.8896033,0.8903556,0.89084804,0.8919631,0.89400643,0.8961072,0.89748687,0.89806354,0.8981235,0.8973249,0.8951918,0.89185643,0.8871676,0.88106424,0.8743521,0.865096,0.85642505,0.8468716,0.8396355,0.83329856,0.82730615,0.819049,0.8124813,0.7998549,0.78565645,0.7662082,0.744955,0.71932614,0.6956823,0.6722865,0.6550561,0.64017546,0.63177204,0.6250315,0.6229348,0.6204084,0.6198386,0.6194737,0.6208345,0.623063,0.62563634,0.62799716,0.6314722,0.6342595,0.6387008,0.64144504,0.6450739,0.6474471,0.650566,0.65269995,0.6562239,0.6573522,0.6603992,0.66139627,0.66328365,0.6645105,0.6672404,0.6683291,0.67298514,0.6767814,0.68206275,0.68736386,0.69291747,0.6973003,0.7023562,0.70486844,0.708984,0.7120944,0.7165192,0.7191992,0.72151,0.7209881,0.7199397,0.7167434,0.7116127,0.70468426,0.69570076,0.6841244,0.6749728,0.66869795,0.6662999,0.6628347,0.66090465,0.6561444,0.65344226,0.6507387,0.6479273,0.6455245,0.6454638,0.6460558,0.64688194,0.64692444,0.647762,0.6481032,0.64976174,0.65222716,0.65458214,0.65725255,0.65952384,0.66129595,0.6631273,0.66496694,0.66836375,0.6702642,0.6755328,0.6784353,0.6802378,0.6797133,0.67752784,0.6691934,0.6623134,0.64904284,0.62860817,0.5993454,0.565052,0.52688944,0.49519783,0.4663834,0.44606444,0.43115455,0.42225444,0.4193029,0.42147857,0.42681327,0.43380967,0.44102627,0.44908482,0.45620832,0.46324736,0.47041616,0.47850668,0.48613948,0.4924741,0.49752462,0.5004641,0.50085497,0.49968004,0.49414957,0.48707122,0.47763112,0.46723336,0.4553436,0.4457419,0.43809944,0.43285117,0.42902339,0.4269228,0.42380613,0.4222365,0.42020166,0.41908202,0.4178858,0.41816115,0.4186933,0.42136002,0.42372966,0.42602772,0.4278367,0.42926842,0.43087277,0.43168843,0.4322415,0.43261963,0.43371117,0.43492675,0.4367535,0.43898943,0.44158226,0.4445528,0.44803476,0.4517576,0.45459896,0.457516,0.46017808,0.4609146,0.4595917,0.454766,0.44591498,0.43514955,0.42156494,0.4092304,0.39645392,0.3858028,0.3756377,0.3720903,0.37162638,0.37283164,0.37235844,0.3695894,0.3683964,0.36904275,0.37008893,0.37197465,0.37334007,0.37484998,0.37637872,0.3790543,0.38189334,0.38412482,0.38561195,0.38799208,0.39052415,0.3913088,0.39104798,0.38979432,0.3856539,0.38132453,0.37437588,0.3689794,0.36057597,0.35350132,0.34529674,0.33640993,0.3265576,0.31797725,0.30995822,0.30577737,0.29890677,0.29377067,0.2892301,0.28697369,0.2853421,0.28499126,0.2853335,24.40625,6.812876280543312,97.89857770484814,90.52845528455286,72.24792683871968,31.409082749955118,291.0
29,57,0.92485124,0.9236785,0.922706,0.9227294,0.92340934,0.9235334,0.9242151,0.9270453,0.9277581,0.9285171,0.9299444,0.9314492,0.9329338,0.93479276,0.93632436,0.93698454,0.9383098,0.9396959,0.94045395,0.94089675,0.94109416,0.94132733,0.94129735,0.9401496,0.93774676,0.93209845,0.9248867,0.91570413,0.9065467,0.89697516,0.88730264,0.8777411,0.87055767,0.8623737,0.85488147,0.8495917,0.84694993,0.84544957,0.8464115,0.85022056,0.85494876,0.8603215,0.86571324,0.87013924,0.87375593,0.8761227,0.87867033,0.8802393,0.8811611,0.882191,0.88259053,0.8838335,0.8865105,0.88808095,0.89008236,0.89055294,0.8899874,0.8889845,0.8869455,0.88336384,0.879174,0.8726686,0.8652657,0.8562534,0.84736043,0.83789337,0.8309058,0.8242819,0.81823385,0.8096996,0.8035217,0.79036963,0.7752243,0.7559036,0.7336998,0.7089073,0.6842551,0.6616373,0.6431437,0.6284504,0.61921453,0.6124283,0.6108344,0.60856,0.6075983,0.608112,0.60937643,0.6109157,0.61425734,0.6161101,0.6213781,0.6233152,0.6270361,0.6311236,0.6349692,0.6359637,0.64140284,0.64200556,0.64516324,0.6466979,0.6494858,0.6500585,0.651695,0.65373486,0.6554949,0.657537,0.66173494,0.6657809,0.67089224,0.67707014,0.6812761,0.6866712,0.6918046,0.6951562,0.6992632,0.70182234,0.7071276,0.709296,0.7119503,0.7123965,0.7108045,0.70752764,0.7042033,0.6965852,0.6877376,0.67702925,0.667517,0.66159594,0.6584836,0.656391,0.6539611,0.65027183,0.64791334,0.6443412,0.6413524,0.6395748,0.6388569,0.638934,0.63954085,0.63939476,0.6392981,0.6398455,0.6416558,0.6439315,0.64604956,0.6494849,0.65216243,0.65392345,0.6559423,0.65845156,0.66063154,0.6631454,0.6671617,0.6710188,0.6731719,0.67251575,0.67012644,0.6615141,0.6547903,0.64065886,0.6207084,0.59067875,0.5563782,0.5172822,0.48467195,0.4570384,0.43634117,0.42307448,0.41475993,0.4116667,0.41476715,0.4212966,0.4280262,0.4364181,0.44398642,0.45109272,0.4592088,0.467558,0.47494224,0.48337162,0.48956767,0.49457273,0.497622,0.49868298,0.49667138,0.4914472,0.48315263,0.47461405,0.4634836,0.45225808,0.4424347,0.4332691,0.4287871,0.42464662,0.42076844,0.41882703,0.41671768,0.41521814,0.412725,0.4117502,0.41194287,0.41323218,0.41591057,0.4183938,0.42117825,0.42369646,0.4259211,0.42790923,0.42868042,0.43019885,0.4309447,0.43296152,0.435014,0.43725854,0.4399407,0.44283518,0.4456604,0.4496523,0.45275915,0.45569158,0.45893133,0.46177334,0.46267933,0.4605006,0.45599645,0.44741693,0.43580377,0.42168748,0.410031,0.39689964,0.38498083,0.37464508,0.37222612,0.3713575,0.37364164,0.37174156,0.36907482,0.36652654,0.36682644,0.36739722,0.36977953,0.37159932,0.3743465,0.3741005,0.3777713,0.38083097,0.3830292,0.38500947,0.38765275,0.38926947,0.39025438,0.39042825,0.38832742,0.3843385,0.37923905,0.37257206,0.36572054,0.35801214,0.35003012,0.34124327,0.3322772,0.32317585,0.3142604,0.30564505,0.3007849,0.2930147,0.28759566,0.2835896,0.280293,0.27870896,0.27878153,0.2785545,20.375,7.175576092174751,89.53506886394395,102.84644459760358,70.76139014062181,29.299946149703825,310.5
30,59,0.928862,0.9286287,0.9278787,0.9282364,0.92863166,0.92850304,0.9301528,0.9322728,0.9334212,0.93561447,0.93654275,0.9388189,0.93989384,0.9415256,0.9423195,0.944415,0.9457432,0.9468726,0.94821274,0.9490596,0.9488925,0.9492055,0.9488468,0.9481535,0.94504684,0.93945295,0.93185204,0.9227891,0.9136496,0.9041266,0.89461714,0.88620883,0.8785236,0.87045836,0.86341524,0.8580824,0.8546698,0.8535962,0.8546337,0.8572399,0.8623394,0.8672276,0.87261343,0.87748647,0.8812703,0.8848063,0.88703936,0.8883544,0.88953733,0.89010304,0.8913334,0.8922411,0.8938239,0.8959366,0.89688444,0.8980272,0.8978126,0.8969579,0.89480245,0.891882,0.88768566,0.88141286,0.8741861,0.8655956,0.85693,0.8472161,0.839249,0.8323728,0.8268827,0.8201504,0.812027,0.8002276,0.78578675,0.7667935,0.745064,0.7197838,0.695901,0.672441,0.65477896,0.6397895,0.6320965,0.6253125,0.6234139,0.62115145,0.6217513,0.6212399,0.62360626,0.62568927,0.62813604,0.6311252,0.63493854,0.63885725,0.64162505,0.6466121,0.6491605,0.65198916,0.6556292,0.6572417,0.6607095,0.662398,0.66467965,0.66628516,0.66704154,0.6684693,0.6696446,0.6728574,0.6766068,0.6809094,0.6853746,0.69089365,0.6969954,0.70227456,0.706597,0.71031535,0.71423733,0.71671385,0.72016764,0.7236812,0.7257934,0.7265167,0.7239125,0.72112143,0.71778774,0.7099636,0.7003974,0.6890261,0.67856586,0.67257416,0.6700127,0.66714215,0.664036,0.6611357,0.6572903,0.65412736,0.6510915,0.64850307,0.6483312,0.6478691,0.6493873,0.6501006,0.6502146,0.6505991,0.6523574,0.6544593,0.65775543,0.6601162,0.6626414,0.6650408,0.66657984,0.66900694,0.67173094,0.67450166,0.6785358,0.6819405,0.68313754,0.68390155,0.6820996,0.67488074,0.666119,0.6535392,0.6344857,0.6056166,0.57164294,0.53349936,0.50131714,0.47409245,0.4548204,0.4407023,0.43376684,0.4318804,0.4347888,0.44004533,0.44727278,0.45603704,0.4633235,0.47095484,0.47808528,0.48540312,0.4929235,0.50065196,0.5054687,0.5102518,0.51310897,0.5119606,0.5092349,0.5033525,0.4956202,0.48515177,0.47355926,0.4607957,0.45117223,0.44316003,0.43693602,0.43265307,0.42989144,0.4270624,0.4242285,0.42255116,0.421175,0.42040431,0.42096436,0.42196584,0.42421558,0.4264823,0.428927,0.4312623,0.43359044,0.43523306,0.43706876,0.4379562,0.4382099,0.43857595,0.44036144,0.44254863,0.44451442,0.4474247,0.45064682,0.45368832,0.4569887,0.45989132,0.4639204,0.4660612,0.46692583,0.46555626,0.46154818,0.45236713,0.44166523,0.42747152,0.4142632,0.40066436,0.39049175,0.3802973,0.37698567,0.3752131,0.376153,0.3747253,0.3721561,0.3708806,0.37089887,0.37241876,0.37425137,0.37631562,0.37796834,0.37931615,0.38209403,0.38476488,0.38709968,0.38890412,0.3919054,0.39389217,0.39487886,0.39463878,0.39385605,0.390383,0.38583893,0.37874436,0.3719654,0.3641873,0.35658014,0.34771448,0.33928978,0.3293894,0.3218291,0.31260616,0.30820173,0.30053627,0.29602188,0.29183528,0.28829372,0.28743187,0.28628185,0.28640196,22.28125,6.5588426253327645,81.11929248057771,94.86485566448803,79.71147684975193,30.991742954586254,300.5
31,61,0.94399,0.94364345,0.9429958,0.9436988,0.94405484,0.9439395,0.9449891,0.9478553,0.948377,0.95048034,0.9513463,0.9529641,0.954427,0.9561951,0.9576222,0.95894444,0.96057296,0.9612636,0.9615073,0.96269506,0.96308863,0.96311915,0.962443,0.9615685,0.95850956,0.9535953,0.9469881,0.93745065,0.929152,0.91956294,0.91049004,0.90137863,0.89371324,0.886226,0.8792912,0.8734645,0.87065977,0.8695401,0.8705371,0.87355244,0.87853175,0.88367975,0.88903713,0.8927332,0.8970975,0.89998037,0.90207684,0.9036329,0.90438783,0.90542734,0.9058325,0.9070631,0.9093368,0.9105767,0.91199076,0.91296643,0.9129847,0.91166806,0.9101398,0.90688527,0.9027172,0.89662635,0.8898217,0.8813653,0.87263834,0.86334604,0.8554565,0.8483275,0.8430184,0.8359873,0.82785934,0.81652176,0.802088,0.782719,0.76121265,0.73641336,0.71272266,0.68987453,0.67200565,0.65747166,0.6486665,0.64343786,0.6408301,0.6385494,0.6386737,0.6385211,0.6408557,0.64307654,0.6459081,0.64894354,0.6528959,0.6555674,0.66012,0.6629747,0.66717666,0.6689037,0.6721761,0.6737417,0.6768869,0.6785892,0.6811342,0.68334985,0.68402654,0.68468076,0.6868398,0.6895879,0.6939832,0.6969385,0.70203525,0.7077126,0.7130338,0.71741474,0.72326094,0.7269207,0.7298611,0.73235095,0.735847,0.73952705,0.7418074,0.7417921,0.74087334,0.73746336,0.732924,0.7255426,0.7172713,0.7055268,0.6958735,0.6893555,0.6862725,0.68351877,0.68160987,0.6772536,0.6736207,0.67077196,0.66766465,0.6647266,0.6644736,0.6643806,0.6657958,0.6648876,0.6670313,0.6669314,0.6685946,0.67069805,0.67294043,0.6753653,0.67826426,0.6801414,0.68204075,0.6841372,0.6868566,0.68954074,0.6935029,0.6976578,0.69887435,0.6995475,0.6971661,0.6901332,0.68063843,0.66943616,0.65050685,0.6217624,0.5898024,0.55054283,0.5176123,0.4902505,0.4701324,0.45498896,0.44801986,0.44539762,0.44825923,0.45389026,0.46176085,0.46989423,0.47714925,0.4843583,0.49174702,0.49962503,0.50701857,0.5148573,0.5210843,0.52590036,0.5283377,0.52824265,0.5258643,0.5199746,0.51205456,0.5008777,0.4903801,0.47710317,0.46746922,0.45879102,0.4537362,0.44910675,0.44622466,0.44335052,0.44129533,0.43953633,0.43773502,0.437065,0.43761724,0.43859404,0.4408027,0.44282913,0.44622803,0.4485022,0.45031017,0.45218068,0.4535442,0.454629,0.45522493,0.4554609,0.4574278,0.45928672,0.46135318,0.46385503,0.46717322,0.4701156,0.47349128,0.47695357,0.47998405,0.48267978,0.48393565,0.48208505,0.47773412,0.46894884,0.4580244,0.44489878,0.43148786,0.41753128,0.40648782,0.39623082,0.3922941,0.39111206,0.39213833,0.39060494,0.38749042,0.3862868,0.38713214,0.38843548,0.3903224,0.3922273,0.3937798,0.39529538,0.3984494,0.4008314,0.40349472,0.40495455,0.4086908,0.4102022,0.41111708,0.41073847,0.40997332,0.40634763,0.40114093,0.39385703,0.38693744,0.3790608,0.37135947,0.36192614,0.35426337,0.3436759,0.33542508,0.32678962,0.32182163,0.31476763,0.3094321,0.30516946,0.30283827,0.30042195,0.30009222,0.2995859,22.65625,7.156620892594412,82.65435871336516,100.04534971717842,76.03271296877348,25.91859630227966,276.5
32,57,0.9354496,0.9346899,0.9345361,0.9345008,0.9345173,0.9351686,0.9372455,0.9387739,0.9397447,0.9421138,0.94331217,0.94498134,0.94611615,0.947844,0.94939375,0.9507221,0.95215774,0.95307136,0.95427996,0.9552225,0.95507175,0.95551825,0.9555704,0.95456517,0.95171547,0.9458531,0.9383557,0.92944014,0.9201273,0.9106009,0.90104604,0.89237845,0.8842662,0.8770772,0.8694378,0.8637856,0.86123306,0.8600099,0.86127687,0.86451447,0.8688848,0.8745124,0.8798394,0.8843891,0.88853383,0.8914201,0.89351964,0.89520913,0.89597404,0.8962965,0.89726996,0.8986778,0.9004288,0.90271217,0.90410763,0.9039966,0.904516,0.9030717,0.9015557,0.89751136,0.89386445,0.8874851,0.8802795,0.87205726,0.86251044,0.8529775,0.8444,0.8377459,0.8319479,0.82487214,0.8169724,0.80517226,0.78977776,0.77025247,0.7484686,0.7233342,0.69909096,0.675177,0.6580881,0.6430752,0.6333698,0.6271771,0.62503564,0.6227515,0.62252104,0.62226856,0.623843,0.6263413,0.62911487,0.6322291,0.63556516,0.6399294,0.6427325,0.646896,0.6501631,0.65251076,0.65723747,0.657658,0.66055256,0.662784,0.66578746,0.66668147,0.66844773,0.670035,0.67264766,0.674263,0.67900896,0.68141705,0.6882087,0.6932618,0.69741654,0.70204455,0.7081893,0.7112658,0.7148296,0.71840113,0.72205687,0.72533256,0.72752786,0.72819275,0.7259598,0.7235061,0.71928346,0.71201867,0.7035986,0.6917296,0.6824549,0.6751778,0.6722448,0.66989166,0.66798246,0.66461754,0.66036177,0.6575916,0.65415144,0.6516659,0.6511194,0.65153617,0.65231097,0.652456,0.65341026,0.6535576,0.65568066,0.65722483,0.66060436,0.6629938,0.66563964,0.6680644,0.66960555,0.67188966,0.67446995,0.67762506,0.6810254,0.68506026,0.6864712,0.68657494,0.68409336,0.6774108,0.6677737,0.65486807,0.63598514,0.6061603,0.57255757,0.5328101,0.499291,0.4714001,0.45131287,0.4361732,0.42799938,0.42524102,0.42805788,0.43389788,0.44100705,0.44972408,0.45756435,0.46552968,0.47286177,0.48100728,0.48859763,0.49657533,0.50327975,0.5089207,0.5114815,0.5122565,0.51019025,0.5046837,0.4975931,0.48738584,0.4762335,0.4640223,0.45464748,0.4455896,0.44029877,0.43621534,0.43245864,0.4302418,0.42770573,0.42585188,0.42433476,0.42355508,0.42376238,0.42479837,0.42654383,0.42963803,0.43152684,0.43437853,0.43666804,0.43924853,0.44055754,0.4414717,0.44260237,0.4429235,0.44532925,0.44760007,0.4497846,0.45307785,0.4563499,0.45994586,0.46296567,0.46627027,0.46907678,0.47151947,0.47230923,0.47033995,0.46661294,0.45719504,0.44632053,0.4325738,0.41910106,0.40633148,0.39501548,0.3846001,0.38129884,0.37954432,0.3805291,0.37848198,0.37634468,0.37404513,0.37479478,0.37604558,0.3784148,0.380633,0.38258702,0.3834592,0.38567626,0.38820755,0.38999617,0.39237863,0.3951682,0.39626968,0.39792305,0.39842397,0.39721787,0.39339358,0.38877088,0.38208437,0.37519377,0.3671024,0.35973144,0.35092765,0.34217736,0.33216733,0.3237762,0.31590387,0.3112641,0.30405852,0.29850215,0.29413682,0.29149723,0.2891397,0.2891472,0.28886628,21.125,6.712167930254767,84.71427761927234,97.64316003278341,86.199472771155,24.680039490217194,272.5
33,57,0.93397766,0.9343045,0.9336653,0.9338498,0.9338663,0.93390906,0.93513167,0.9377739,0.938612,0.93988264,0.94132185,0.9431715,0.94441473,0.9458498,0.94761586,0.9490162,0.9502616,0.95170176,0.9525399,0.95318365,0.9532369,0.95375407,0.9535007,0.952626,0.94985986,0.9444225,0.93757415,0.9286803,0.91948605,0.909912,0.90044653,0.89156073,0.88421994,0.876075,0.869239,0.8634691,0.8604834,0.8594923,0.8606987,0.8637301,0.86789274,0.8734921,0.878461,0.8829419,0.88712615,0.88975513,0.8916793,0.8935065,0.8943349,0.89535606,0.895983,0.8973215,0.8993162,0.90106124,0.9019387,0.90258837,0.9035181,0.9020927,0.90020895,0.89721406,0.892473,0.88651365,0.8799776,0.8710434,0.862511,0.85334975,0.84549755,0.8386382,0.83385193,0.8266864,0.81902057,0.8081882,0.79419905,0.77586067,0.7545327,0.730476,0.7060948,0.68315405,0.6644984,0.6507568,0.6419215,0.63577116,0.6343667,0.6318667,0.63163805,0.63211226,0.633554,0.6357459,0.63911366,0.641708,0.6457199,0.6491618,0.65329355,0.656628,0.6596317,0.66190094,0.6648562,0.66649556,0.6704805,0.67118,0.67351437,0.6743173,0.6775036,0.6783266,0.68006825,0.6823977,0.6860687,0.68993497,0.69560325,0.70110065,0.70542246,0.7098631,0.7159787,0.7178347,0.7210294,0.72581077,0.7284266,0.73087585,0.7331134,0.73363864,0.7322809,0.72923315,0.7250878,0.71856403,0.7094995,0.6988801,0.6886944,0.6821488,0.67963475,0.67702484,0.6742442,0.6711868,0.6679281,0.6648382,0.6620487,0.6600809,0.6585479,0.6588247,0.66016513,0.6593976,0.6603942,0.66046107,0.6629751,0.665377,0.6677078,0.6707399,0.6733979,0.6757777,0.6767219,0.67935413,0.6819122,0.684358,0.6881732,0.69174623,0.69402266,0.694023,0.69194764,0.68522656,0.67657554,0.6644893,0.64608335,0.61814857,0.5842721,0.5465175,0.512995,0.48485285,0.46470094,0.4500845,0.44152242,0.43830454,0.44172084,0.44738817,0.45436984,0.4628896,0.4711479,0.47821152,0.48648393,0.49431837,0.5023043,0.5092287,0.5155927,0.5205749,0.5226182,0.5234058,0.5214008,0.51578856,0.5072582,0.49733973,0.48681056,0.4746984,0.46419102,0.45555508,0.4506406,0.44564965,0.44204357,0.43915895,0.43678963,0.43484202,0.43352187,0.43259323,0.43302757,0.4335916,0.4359038,0.4388904,0.44132018,0.44410333,0.44623712,0.44751203,0.44986618,0.45100367,0.4524631,0.4527538,0.45386097,0.4569468,0.45914546,0.46220368,0.4651966,0.46820915,0.47219896,0.47549734,0.47828558,0.48124224,0.4820444,0.47996095,0.47568783,0.46729675,0.4559352,0.44253656,0.42884552,0.41533878,0.4041246,0.39263615,0.38895053,0.38721836,0.38753432,0.38688976,0.38484514,0.38238296,0.38316232,0.38479435,0.38756192,0.38955972,0.39150804,0.3925345,0.39521295,0.39796036,0.40082526,0.4025364,0.4059881,0.40637463,0.40833265,0.40747952,0.40599746,0.40228438,0.39814624,0.39073917,0.38369757,0.37576383,0.3681274,0.35874984,0.34969446,0.3401846,0.33103004,0.322972,0.31827658,0.30996358,0.30522794,0.30077928,0.29774907,0.296858,0.2975765,0.29763025,21.375,6.775867804171723,91.63619160082803,88.987905963778,74.1717386072765,28.238646562556095,337.0
34,58,0.92263496,0.92321074,0.922456,0.92284864,0.92295474,0.9229516,0.9243121,0.92708904,0.928293,0.929887,0.9313203,0.93298477,0.93480027,0.9362738,0.93808234,0.9396742,0.94091403,0.9420678,0.94286937,0.9436568,0.9442636,0.9443792,0.94425786,0.94295263,0.939936,0.9340661,0.9259101,0.91601384,0.9063804,0.8963652,0.8867593,0.8773432,0.8685974,0.8602636,0.85274595,0.8472212,0.8445143,0.84391123,0.8452632,0.84853745,0.85366106,0.85907435,0.8648359,0.8691095,0.8730937,0.8763944,0.8784962,0.8799962,0.88096696,0.88142437,0.88275135,0.88355625,0.8853541,0.8874108,0.88862,0.8894061,0.889506,0.88857687,0.88617224,0.882756,0.8782929,0.87167865,0.8649322,0.8558316,0.846643,0.836644,0.8280867,0.8208978,0.8151636,0.8076811,0.7991652,0.7868233,0.7713672,0.7512531,0.7288671,0.70265853,0.678418,0.6543913,0.6356485,0.62034076,0.61095655,0.6045722,0.6015047,0.5992349,0.5984956,0.5978328,0.5991013,0.60056996,0.60397464,0.6063256,0.60905266,0.6126644,0.61574745,0.61981595,0.62367904,0.62559354,0.6284209,0.63077915,0.63385075,0.63607395,0.63810647,0.63956434,0.6414478,0.6427814,0.6445492,0.647022,0.6505617,0.65394866,0.6596588,0.6650579,0.67026293,0.67557836,0.68072736,0.6849474,0.68791854,0.6917672,0.69594264,0.69881296,0.7007888,0.701233,0.69991505,0.69655895,0.69242513,0.6853354,0.67559606,0.66408014,0.65458524,0.64865,0.6457598,0.6433542,0.64043236,0.6365293,0.63335985,0.6297296,0.62670267,0.62503916,0.6244947,0.6249422,0.6256111,0.6257251,0.6261364,0.62672305,0.6290095,0.6304183,0.63367414,0.63612103,0.6390056,0.64097875,0.64261436,0.644631,0.6478263,0.6507913,0.6545517,0.65819824,0.65950584,0.6593931,0.6567203,0.65033007,0.6400165,0.62738514,0.60718286,0.5775255,0.54335785,0.50445,0.47109917,0.44286782,0.42251992,0.4073733,0.3987224,0.3950243,0.39715564,0.402466,0.4094387,0.41684285,0.42424387,0.43143806,0.43823448,0.44566715,0.45341146,0.46089745,0.46750903,0.47259134,0.47581524,0.47667885,0.47576526,0.47084486,0.46324748,0.45406657,0.44417548,0.43244678,0.42277178,0.4146887,0.40980983,0.4061979,0.40411866,0.40157902,0.4000427,0.39808074,0.39681506,0.39607975,0.39602038,0.39654836,0.3984241,0.40084484,0.40330416,0.40496808,0.4060737,0.4078425,0.40911508,0.4093937,0.4097049,0.4103191,0.41160882,0.41404262,0.41631812,0.4189644,0.42196608,0.42501163,0.42856523,0.43145102,0.43518347,0.43725413,0.43869448,0.4368531,0.43288666,0.42468,0.4143097,0.40081438,0.38814136,0.37539175,0.36486766,0.35502112,0.35205355,0.35083535,0.35166803,0.3506632,0.34840316,0.34660715,0.3462997,0.34756035,0.34971374,0.3511182,0.35289925,0.354016,0.35654944,0.3585357,0.36077303,0.36280224,0.36548197,0.3664055,0.3678937,0.3675025,0.3664321,0.36343202,0.35899445,0.35177517,0.34578234,0.33837068,0.33157218,0.32301855,0.31448042,0.30537885,0.29749578,0.28963104,0.28557396,0.27803645,0.2728809,0.26853117,0.26613975,0.26402467,0.2639401,0.26302755,24.78125,7.133449238712389,99.65741448665844,73.10250098978835,70.33806281869732,30.848142164781905,347.5
35,69,0.924293,0.92385244,0.9235339,0.92361116,0.9241217,0.9242572,0.9253427,0.92794096,0.9288736,0.9302354,0.93161213,0.9331893,0.93485594,0.93631405,0.9378208,0.9395295,0.9408082,0.9424832,0.94326305,0.9439068,0.9445025,0.944821,0.94446313,0.943586,0.9406729,0.93505514,0.9273547,0.91871434,0.90960854,0.90024686,0.8911686,0.88215137,0.8746775,0.86633384,0.859073,0.8534254,0.85129535,0.8500072,0.8509073,0.85370433,0.858909,0.8643264,0.86976534,0.87406904,0.8774819,0.8806231,0.8829026,0.8846203,0.8849857,0.88602924,0.8867508,0.8878583,0.88941884,0.8917688,0.8928109,0.89336604,0.8934943,0.892419,0.89095545,0.8873767,0.88289154,0.87645555,0.8698218,0.8610899,0.85213476,0.8431493,0.8346551,0.8274925,0.82209414,0.81514513,0.80639994,0.79584754,0.7812542,0.76187587,0.740604,0.715763,0.69192374,0.6685684,0.6498722,0.63530993,0.6263558,0.61934507,0.6170058,0.6142328,0.6131693,0.6129669,0.6145699,0.61667275,0.6199552,0.6225325,0.62678623,0.62919414,0.6325625,0.6356025,0.6400417,0.6434196,0.646734,0.6459609,0.6489971,0.6512386,0.6549698,0.65369207,0.6572096,0.65909266,0.65976536,0.6636864,0.6669408,0.66952145,0.67410797,0.6800628,0.6854304,0.69075286,0.69580716,0.69903415,0.7028153,0.70591545,0.70896226,0.71196425,0.71472543,0.7156804,0.7140929,0.71140677,0.7076552,0.7008681,0.6913791,0.68022966,0.671368,0.66551006,0.66160864,0.65974605,0.65737677,0.65393746,0.6503948,0.6473858,0.64462185,0.6420374,0.64149106,0.6419334,0.64234805,0.64139265,0.6424737,0.64301896,0.645388,0.647622,0.64955646,0.6526691,0.654456,0.6565302,0.6585294,0.6609298,0.6636095,0.6658623,0.66995907,0.6734446,0.67596877,0.6758615,0.67363465,0.6668076,0.6567695,0.6449537,0.62593985,0.5969273,0.5649516,0.5250905,0.49204254,0.4636156,0.44258067,0.42732677,0.4188051,0.41533715,0.4178595,0.4236766,0.43133348,0.43941993,0.44700614,0.4533161,0.46143794,0.46900386,0.47730812,0.48482585,0.4918086,0.49629548,0.5007226,0.5011292,0.4991116,0.49421677,0.48684025,0.47684827,0.4664145,0.4543352,0.4453172,0.43591937,0.43047485,0.42713267,0.42398506,0.420627,0.41937274,0.417085,0.4162414,0.4157976,0.41484502,0.41604945,0.41763073,0.4206205,0.42293677,0.42527846,0.42668712,0.4285143,0.42980444,0.4306879,0.43156075,0.43227622,0.43385074,0.43653303,0.43871516,0.44173294,0.44547537,0.44861853,0.45135388,0.45512372,0.45826322,0.46035087,0.4615873,0.4595029,0.455523,0.44763404,0.4362764,0.42267203,0.408832,0.39635772,0.38585183,0.37558317,0.3720874,0.370852,0.37215048,0.3702362,0.36843368,0.36554843,0.36588266,0.36698416,0.36966974,0.37120342,0.372912,0.374485,0.377638,0.37945855,0.3824175,0.38343453,0.3863082,0.38694513,0.38892776,0.38864252,0.38636407,0.38377234,0.37870878,0.3718725,0.36592865,0.35778624,0.35083994,0.34164175,0.33333847,0.32419777,0.3165359,0.3080672,0.3034496,0.29658708,0.29122415,0.28682745,0.28424442,0.2828791,0.28263476,0.28296345,22.375,6.997661330975383,85.19512243958113,96.31950844854069,77.51685727647633,28.146652306587683,360.5
36,63,0.91601944,0.91518146,0.91486424,0.91549903,0.9153544,0.916132,0.91623455,0.9194118,0.9200467,0.9217367,0.92275184,0.9242899,0.9256239,0.92778647,0.9288765,0.93036336,0.9319712,0.93309313,0.933812,0.93479294,0.93479884,0.9350355,0.9348299,0.9339836,0.9313258,0.92581135,0.91787356,0.90883636,0.89920825,0.88954616,0.8797179,0.8705119,0.86275995,0.8545953,0.8477819,0.842291,0.8390127,0.8389334,0.8395845,0.8434576,0.847816,0.8526515,0.8584645,0.8626783,0.86624193,0.869424,0.87218547,0.87377316,0.87410474,0.8749522,0.8758318,0.8771628,0.8791429,0.88074297,0.88172317,0.8830395,0.882253,0.8818247,0.87950623,0.87610155,0.8719727,0.8655027,0.8581834,0.84998184,0.8413085,0.8315941,0.82428396,0.8167962,0.81147456,0.8047159,0.7961417,0.78423595,0.769861,0.7503445,0.72840387,0.7028415,0.6788211,0.65597224,0.638402,0.6234096,0.61440456,0.60731643,0.6048112,0.6032092,0.60234267,0.6022728,0.60320604,0.60587263,0.6082972,0.61122406,0.6151501,0.6180168,0.62156844,0.62514794,0.6290244,0.6311877,0.6340836,0.636144,0.6390747,0.64133406,0.64286476,0.6445065,0.6460979,0.6475374,0.6490207,0.6520431,0.65573114,0.6593724,0.66413236,0.66937846,0.6748555,0.6797632,0.6858593,0.6893174,0.6925041,0.69633496,0.69970345,0.7032805,0.7051146,0.7060427,0.7039355,0.7016569,0.69708025,0.69029987,0.68126297,0.6701226,0.66027105,0.6542171,0.6519356,0.6483497,0.6461028,0.64173037,0.6385214,0.6357408,0.6331798,0.6302701,0.6297654,0.6286204,0.6299963,0.630216,0.63038456,0.6307025,0.6326014,0.6345745,0.63748574,0.63951594,0.6433437,0.64468265,0.64657956,0.6483103,0.65128994,0.65411675,0.65693617,0.6607853,0.66258764,0.6622642,0.66065276,0.6531136,0.643873,0.63167334,0.6115493,0.58293617,0.5503726,0.51159614,0.47803837,0.4505294,0.42996746,0.4151934,0.40567535,0.40312344,0.40548927,0.4107036,0.41808122,0.42525756,0.4333383,0.4400499,0.447712,0.4548037,0.46316928,0.47123954,0.47780624,0.48238355,0.48630634,0.48684597,0.48556647,0.48107827,0.4741282,0.46503645,0.45476705,0.44344598,0.4339099,0.4257731,0.4209178,0.41657817,0.4141134,0.4114822,0.4094955,0.40752485,0.40674412,0.40578383,0.40558553,0.4064418,0.408634,0.410671,0.41331813,0.41561362,0.41680074,0.41860938,0.42071232,0.4217665,0.42227152,0.42311043,0.4241133,0.42698133,0.42948282,0.43190458,0.43545404,0.43778688,0.44135046,0.44490397,0.44762805,0.44933808,0.4506388,0.44932446,0.44514197,0.4368336,0.4262815,0.4126951,0.4001058,0.38730133,0.3768294,0.36716926,0.3638286,0.3628377,0.3636232,0.36272722,0.35958,0.35785544,0.35804617,0.35884637,0.36128965,0.3634885,0.36534786,0.366297,0.3691412,0.37126973,0.37316298,0.37536082,0.37793216,0.37933442,0.3804102,0.3804089,0.37848467,0.37545067,0.36987072,0.36368272,0.35684666,0.34916222,0.34187984,0.33389986,0.3246081,0.3150446,0.30699307,0.29894474,0.29477906,0.2877835,0.2824774,0.27862054,0.27635324,0.27547994,0.2745651,0.27494135,22.125,6.946845638860358,95.62902718843313,85.9776032189825,75.10353866317172,29.15410159755879,356.5
37,61,0.93103814,0.9295143,0.92982805,0.93026006,0.9313362,0.9317094,0.9327258,0.93516976,0.9357705,0.93727195,0.9390687,0.9404545,0.94211864,0.943377,0.94498676,0.94665533,0.9476004,0.9490949,0.9497334,0.95042276,0.95065045,0.9507934,0.95043814,0.9493234,0.9468255,0.9411023,0.9333648,0.92368186,0.91395044,0.90399414,0.89412904,0.8854953,0.87768406,0.86970985,0.8627913,0.8568922,0.85401744,0.8529051,0.8538183,0.8569651,0.8620689,0.86769736,0.8727709,0.8778509,0.8816326,0.88513196,0.8870323,0.88901955,0.8896227,0.8900877,0.89133966,0.892441,0.8943404,0.89616394,0.8973361,0.8979014,0.89826465,0.89748704,0.895228,0.8919348,0.88729095,0.8809923,0.87377095,0.8650795,0.85598385,0.8461008,0.8377411,0.83100694,0.8250764,0.8179933,0.8091328,0.7967194,0.78129137,0.7608175,0.7379558,0.7129861,0.6886761,0.6651939,0.6472063,0.63278717,0.6240034,0.61873865,0.61605,0.6149344,0.6149057,0.6146565,0.6168211,0.619467,0.6217959,0.6247356,0.6292144,0.63283944,0.63651484,0.6400671,0.64382565,0.6467593,0.6495118,0.65162677,0.6544199,0.6564881,0.65857595,0.6598103,0.6609583,0.6626662,0.66468346,0.667216,0.67189825,0.6754091,0.68098927,0.6856481,0.69188595,0.6962974,0.701525,0.70560116,0.7088512,0.7123252,0.71568465,0.7192331,0.72133094,0.72226745,0.7198137,0.7176269,0.71227396,0.7055713,0.6967691,0.6843631,0.67456806,0.6686781,0.66542554,0.66249454,0.6596731,0.6563662,0.65261877,0.6494994,0.64656985,0.64423937,0.64341754,0.64371157,0.6442308,0.6448761,0.6452043,0.64593816,0.6475543,0.6498077,0.6525389,0.6552333,0.6577355,0.6600682,0.6615898,0.6641196,0.66663074,0.66959655,0.6733165,0.6767473,0.678769,0.67868054,0.67669916,0.66944915,0.66029257,0.6473559,0.6268637,0.59715366,0.56189203,0.5229342,0.48997796,0.4627403,0.4437499,0.42935443,0.42229998,0.4201129,0.42332625,0.42988586,0.43775344,0.44547147,0.45360017,0.4613809,0.46940362,0.4766714,0.48428893,0.49212927,0.49816394,0.5028463,0.5052252,0.50491595,0.50254226,0.49620712,0.48872352,0.47829044,0.46719235,0.45523113,0.44497028,0.43627036,0.43148428,0.42716026,0.42390418,0.42117763,0.41881302,0.41707212,0.4153519,0.4146065,0.41469198,0.41599452,0.41843817,0.42091078,0.42322126,0.42587858,0.4271611,0.42948323,0.43086833,0.4316546,0.4326082,0.43358955,0.4353713,0.43848538,0.44046342,0.44336683,0.44683608,0.45030463,0.45332655,0.4563933,0.45967293,0.462043,0.46290892,0.46126544,0.45654333,0.4474712,0.4370431,0.42308646,0.40979862,0.39607862,0.3852542,0.37471077,0.3714074,0.3692037,0.3703183,0.3686601,0.36656097,0.36440098,0.3647682,0.36605218,0.3684166,0.37028903,0.37229514,0.37339327,0.37598562,0.37854555,0.3807085,0.38191962,0.38514328,0.3865431,0.38836122,0.38776714,0.38646176,0.38286042,0.37815374,0.37149006,0.3644716,0.3561273,0.34872472,0.34011674,0.3312521,0.3217672,0.31315354,0.30419984,0.29928902,0.2918708,0.2861544,0.28166783,0.27882546,0.2768255,0.2760914,0.27558443,21.21875,7.179675994108982,96.42339449088176,98.48514892535431,81.2219421126041,29.70831089570993,264.5
38,63,0.93146163,0.9310214,0.931016,0.9309664,0.93097395,0.9321844,0.9325161,0.9351088,0.9362887,0.9378302,0.93905455,0.9410203,0.9425198,0.94409955,0.94529474,0.94711053,0.94882417,0.95008457,0.95060617,0.9516306,0.9516091,0.9522308,0.9519297,0.9510993,0.9482267,0.9424033,0.93461907,0.9251476,0.91541255,0.9061481,0.89621174,0.88710296,0.87883246,0.8709855,0.86330354,0.8574329,0.85445476,0.85355973,0.8547286,0.8577816,0.86256,0.8688389,0.87358254,0.87881446,0.8827249,0.8857289,0.8881769,0.88959515,0.8903009,0.8913101,0.8922007,0.89353234,0.8952532,0.8973564,0.89873564,0.8996334,0.8993592,0.8983396,0.8963003,0.8928369,0.8887178,0.881979,0.8746569,0.8654483,0.85622704,0.84597385,0.83795774,0.83057505,0.8244886,0.81687933,0.80915844,0.7965983,0.78106797,0.75995123,0.736765,0.7106041,0.6860571,0.6628798,0.6441002,0.62933594,0.6203406,0.6139291,0.61174583,0.6094972,0.6095494,0.6092824,0.611101,0.6134019,0.6164783,0.6194881,0.62280655,0.6270156,0.6299191,0.63325644,0.63815796,0.6396812,0.6438061,0.6457434,0.64883554,0.65062416,0.65347755,0.654817,0.65739524,0.6577159,0.66052675,0.66293323,0.6668174,0.6696779,0.67672074,0.6818068,0.6876184,0.6908565,0.69710743,0.69980973,0.70454574,0.7066759,0.71227944,0.7146821,0.71719056,0.71733344,0.71679807,0.7125908,0.7083241,0.70042175,0.6917354,0.6796323,0.67016524,0.66369426,0.6603444,0.656996,0.6551413,0.6516683,0.6478721,0.6447413,0.6413564,0.6380857,0.6380241,0.6393438,0.6400522,0.6400942,0.64011997,0.6408186,0.6429716,0.6452113,0.648172,0.6506393,0.6534867,0.65506023,0.6567038,0.65877146,0.66224134,0.66477257,0.66918975,0.67254597,0.674616,0.6741663,0.6725167,0.66562474,0.65604067,0.6422286,0.62200844,0.59122074,0.5562569,0.516541,0.48279962,0.4550121,0.43520498,0.4204564,0.4129623,0.41059786,0.41321775,0.41985458,0.42686296,0.43462974,0.44256788,0.4494985,0.4578125,0.46502772,0.47322452,0.47984576,0.4867543,0.4915771,0.49444574,0.4940973,0.49240807,0.48694685,0.47957274,0.4688631,0.4574813,0.44593653,0.43590775,0.42744395,0.4217801,0.41802707,0.4150151,0.41199386,0.40991265,0.40834093,0.40691167,0.4067242,0.40633142,0.40714264,0.40925804,0.41183513,0.41426942,0.4166543,0.41884404,0.42009982,0.4220667,0.4227489,0.42324334,0.42349964,0.42485693,0.42736894,0.43012452,0.43247634,0.43597955,0.4391503,0.44239402,0.44573689,0.44848752,0.45124322,0.45250893,0.45062256,0.44628447,0.4377404,0.42763296,0.41392595,0.40106505,0.3878048,0.37746727,0.36739153,0.36339945,0.36148223,0.36277467,0.36193055,0.35948604,0.35748073,0.35818523,0.35895008,0.36096218,0.3622017,0.3640966,0.36583936,0.3687761,0.37081382,0.37381706,0.3750823,0.37778828,0.37926087,0.38108125,0.38097715,0.37948868,0.3762691,0.3713418,0.36450565,0.357934,0.34977525,0.3428116,0.33416513,0.32572177,0.3152758,0.30657458,0.29867572,0.29425657,0.28697145,0.28222328,0.2767256,0.27584672,0.27355242,0.27408034,0.2733681,23.59375,7.310760295101293,101.3016150860644,93.9384502656165,74.52981678142143,29.382965356309455,280.5
39,58,0.9348122,0.9341477,0.9343579,0.9340495,0.93476236,0.93510485,0.93592644,0.93856996,0.9400358,0.94157255,0.9425979,0.9442488,0.9457467,0.94734204,0.9492899,0.9508827,0.95170665,0.9536445,0.95386654,0.95443547,0.95490617,0.95469755,0.95483685,0.95385563,0.95079017,0.94499266,0.9368763,0.92737675,0.91811657,0.9078231,0.89814174,0.88880444,0.88109136,0.8727082,0.86506057,0.85915613,0.8564661,0.85568655,0.857061,0.860368,0.86519885,0.8712878,0.87633145,0.88083535,0.8845848,0.8874446,0.89012825,0.89148486,0.89254856,0.8931419,0.894488,0.8953159,0.89737797,0.89855146,0.9002665,0.90109944,0.9012613,0.89990556,0.8978452,0.8941678,0.8896545,0.8830415,0.8758179,0.8672023,0.8578516,0.84764457,0.8388556,0.8317909,0.82576597,0.81825733,0.8092527,0.7970209,0.7811686,0.76080203,0.73671234,0.7108799,0.68602264,0.66219497,0.64399296,0.6289126,0.62073624,0.6138047,0.6118496,0.60969186,0.6083555,0.60887694,0.6105129,0.61171985,0.61595786,0.61868453,0.62264156,0.6258993,0.62945074,0.6332458,0.6371763,0.63949656,0.64245236,0.64411265,0.64685124,0.6495894,0.65117943,0.65352374,0.655889,0.655632,0.6597203,0.660748,0.66443413,0.6689663,0.6744528,0.6797849,0.68546224,0.68969226,0.6959035,0.69879913,0.7024945,0.70600665,0.71002275,0.71265066,0.715219,0.71591294,0.71383613,0.71054506,0.7064909,0.69938976,0.68944716,0.6777092,0.66837525,0.6622413,0.65953773,0.6566417,0.6544007,0.6498907,0.64634025,0.64310277,0.63980836,0.6374114,0.63677967,0.63704765,0.6379411,0.6376644,0.6392554,0.6381556,0.6407541,0.6427684,0.6457816,0.6481371,0.65138984,0.65309453,0.65496093,0.6563953,0.65977633,0.66290855,0.6659321,0.6700593,0.67151916,0.67203605,0.66995907,0.66254675,0.6528907,0.64036,0.6195662,0.5892461,0.55454946,0.5158675,0.4819771,0.45424122,0.4339252,0.41985318,0.41146398,0.4097494,0.41179803,0.41771072,0.42502177,0.43387598,0.44112942,0.4482301,0.45599884,0.4638309,0.47111624,0.47901124,0.48583418,0.4905761,0.49383658,0.49358484,0.49159044,0.48641124,0.47922486,0.46900034,0.45845222,0.4467404,0.43665212,0.42889345,0.423011,0.4192658,0.41658813,0.4137296,0.41125053,0.40957752,0.40841943,0.40813202,0.4081036,0.40875563,0.41106927,0.4133209,0.41567272,0.41756922,0.41953087,0.4214286,0.42332447,0.4243952,0.42497241,0.42555967,0.4276034,0.4295197,0.43229675,0.43497968,0.4386266,0.44115967,0.44488508,0.44780505,0.45081106,0.45305085,0.45414823,0.45262647,0.44797653,0.43955508,0.42933106,0.41660047,0.40283138,0.39023405,0.3795545,0.3687868,0.36552212,0.36388728,0.36463195,0.36312377,0.360911,0.35913026,0.36030746,0.36083424,0.36281002,0.36436233,0.36666498,0.36818558,0.37069148,0.3735646,0.37550813,0.37669438,0.3795198,0.3816227,0.3831929,0.38240623,0.38149294,0.3780599,0.3730649,0.36635435,0.3598283,0.35159385,0.34500685,0.33656812,0.32809517,0.3186709,0.3105716,0.30213857,0.29730025,0.2898504,0.28565514,0.2810096,0.27882028,0.2766221,0.27648836,0.27703294,22.90625,7.61491909524013,91.6291302500959,87.20651032369648,84.33162145063456,29.295458625022437,320.0
40,56,0.92374104,0.923535,0.9232204,0.92342544,0.92340857,0.92374396,0.9251689,0.9275031,0.9286041,0.92983794,0.93154323,0.9328857,0.9345656,0.93582857,0.9372639,0.9392233,0.9401835,0.9416815,0.94229865,0.9430418,0.9434383,0.943651,0.94338727,0.9425592,0.9398496,0.934682,0.92742395,0.9185194,0.9085096,0.8994316,0.89019084,0.8807841,0.8736516,0.8653912,0.85806143,0.85196143,0.84894985,0.84822905,0.849162,0.8522651,0.8568562,0.8625243,0.8676747,0.87237465,0.8758818,0.879208,0.8815717,0.88292956,0.8840459,0.8849715,0.8858607,0.88706994,0.8889054,0.89062226,0.8924265,0.892882,0.8929682,0.8919772,0.8899119,0.8864413,0.88175327,0.87517405,0.86828864,0.85965717,0.85036826,0.84021616,0.8316786,0.8244561,0.8190313,0.8116962,0.8035071,0.7918153,0.7764909,0.7567662,0.7343627,0.7080889,0.6832325,0.65860593,0.6402043,0.6254886,0.6159136,0.60936826,0.60669965,0.605035,0.60408664,0.60413706,0.6058998,0.6088867,0.6114234,0.61411744,0.6180583,0.621606,0.6251981,0.628916,0.633314,0.63490534,0.63794404,0.64043474,0.64276195,0.6447546,0.6470052,0.6485665,0.6500067,0.65128505,0.65308064,0.6559843,0.65957683,0.6633582,0.66906446,0.6742902,0.68027043,0.6855247,0.69075835,0.6948923,0.69865566,0.7014892,0.7061331,0.7091675,0.7124183,0.712505,0.71063143,0.70769703,0.7040421,0.69711983,0.68847275,0.67643946,0.6669903,0.66051745,0.65805316,0.6551993,0.6524533,0.6491116,0.64569956,0.6424663,0.6397974,0.63714266,0.6361043,0.63625336,0.63641983,0.63652486,0.6372333,0.6370865,0.6390103,0.6416065,0.64426154,0.64699984,0.65034246,0.65194523,0.65394074,0.6557716,0.6585689,0.6615614,0.6654785,0.6692475,0.67080826,0.6711527,0.66903675,0.66208065,0.6524656,0.6389785,0.6188746,0.5896908,0.5549765,0.515277,0.48238647,0.45430583,0.43426952,0.41991422,0.41194654,0.40973696,0.41243172,0.41933265,0.42601246,0.43434486,0.44244307,0.4500528,0.45819736,0.4648501,0.47290522,0.48083025,0.48770422,0.49270004,0.49538922,0.49597716,0.49371785,0.48778772,0.4806193,0.47064435,0.45903695,0.44734412,0.43751177,0.42855513,0.42293882,0.41762817,0.4144165,0.41148117,0.40927792,0.4072144,0.4054711,0.4049573,0.40532815,0.405339,0.407418,0.41056496,0.41396278,0.4158805,0.41820508,0.4203458,0.42229757,0.4236787,0.42499018,0.42569906,0.42838517,0.43059212,0.4333691,0.43639067,0.43985283,0.44294196,0.44667515,0.44967496,0.45235264,0.45494673,0.45570654,0.45370826,0.4488991,0.44059688,0.42956838,0.41574883,0.4021514,0.38860017,0.3781012,0.36736262,0.36384237,0.36239022,0.36318016,0.36252278,0.3596052,0.35738373,0.35726315,0.35889262,0.36044902,0.36294997,0.36426783,0.36561072,0.36875325,0.3712362,0.37365717,0.37503368,0.37771568,0.37982494,0.38136566,0.3810603,0.3794409,0.37615043,0.37194055,0.36449608,0.3578752,0.34972596,0.3423664,0.333728,0.32510686,0.31513885,0.30679345,0.29872724,0.29428416,0.28752396,0.28214365,0.27765986,0.27530456,0.27324337,0.27318907,0.27339137,19.75,6.750348404139094,87.01580931403399,92.04371224913876,90.15015806111694,30.28047029258661,361.0
41,57,0.92939353,0.9282371,0.9275781,0.9279495,0.92796737,0.92767364,0.9288033,0.9310366,0.93221617,0.9346309,0.93531525,0.9370049,0.9386833,0.94060504,0.94214725,0.94364786,0.94451916,0.94595826,0.9469154,0.94765306,0.9479016,0.9481139,0.9477556,0.946542,0.9432807,0.93777364,0.92992175,0.9200845,0.9110962,0.9011694,0.89174175,0.8820133,0.8746362,0.86632574,0.8591975,0.8532842,0.85052204,0.8501354,0.851212,0.85427713,0.85922295,0.8644785,0.8703386,0.87474364,0.87822723,0.8811337,0.8834145,0.8849807,0.8861784,0.88698673,0.8871866,0.888422,0.8899778,0.8921472,0.8929604,0.89381754,0.8940982,0.89310575,0.8907378,0.88732463,0.88306355,0.8766396,0.8699399,0.86100614,0.8523669,0.8426433,0.8341854,0.8269894,0.8215443,0.8143519,0.80619234,0.7943691,0.7790933,0.7588097,0.7373144,0.7120526,0.6890134,0.66508037,0.64759564,0.6327183,0.6230973,0.61686826,0.6141287,0.6118084,0.61114717,0.6106882,0.6120111,0.61368287,0.61618173,0.61805284,0.62241936,0.6255909,0.6294925,0.63267624,0.6366715,0.6385578,0.64158,0.64403087,0.6464145,0.6490281,0.6511104,0.65190226,0.654236,0.65560925,0.65801674,0.65983415,0.66359484,0.66751486,0.6729057,0.6779759,0.68377304,0.68829715,0.6935121,0.69692594,0.7011112,0.7042488,0.70797145,0.7106513,0.7136135,0.71331537,0.7119516,0.7093085,0.70448244,0.6978085,0.68889475,0.6765841,0.6675184,0.6611378,0.65824306,0.65558237,0.653242,0.6494758,0.64573336,0.6430769,0.6400292,0.63771033,0.6370132,0.63725674,0.63825023,0.6387999,0.6389241,0.6394533,0.64123,0.6431359,0.6460757,0.6489174,0.65166485,0.65368825,0.6552154,0.65740025,0.659822,0.6628746,0.6662469,0.6699871,0.6714149,0.6709881,0.66926205,0.66201365,0.6519223,0.63918084,0.6194774,0.58966917,0.55544424,0.5152466,0.4822911,0.45350397,0.43320024,0.41750968,0.40876198,0.4059217,0.40789807,0.4130966,0.4201991,0.42796242,0.43527701,0.44229925,0.44997016,0.45700893,0.4651845,0.47283804,0.4795839,0.48513472,0.48863256,0.4896785,0.48885214,0.4832378,0.4766681,0.46708298,0.45673454,0.44495577,0.43573117,0.4277748,0.42294586,0.41906357,0.41673326,0.41482562,0.41320962,0.41125736,0.40997598,0.40949118,0.40927744,0.4102809,0.41192007,0.41388145,0.41613263,0.41832227,0.41962346,0.42082512,0.42226028,0.42264497,0.4230556,0.4234016,0.42509454,0.42676714,0.42942664,0.43229806,0.4352671,0.43819493,0.4411899,0.44453287,0.44788772,0.45010835,0.45111084,0.44958788,0.44524384,0.43722022,0.42713985,0.41329366,0.40016627,0.38795537,0.37720528,0.36708075,0.36337125,0.36164904,0.36287075,0.3621331,0.35974494,0.3575198,0.35814834,0.35941476,0.36135453,0.36345315,0.36492568,0.36623728,0.3685583,0.371322,0.37301797,0.37460238,0.37769073,0.3793475,0.3805584,0.38032833,0.37905562,0.3756268,0.37085605,0.36393243,0.3574855,0.34916472,0.34252328,0.3337664,0.32520002,0.31613448,0.3075471,0.29910266,0.29490185,0.28786004,0.28233096,0.27820706,0.275522,0.27357137,0.27327102,0.27307588,24.375,6.919486381589062,95.48434120778771,85.23473488189745,75.0798255611337,28.80183091007001,280.5
42,57,0.92614853,0.92515266,0.9250143,0.925,0.925236,0.9257478,0.9259341,0.92914283,0.929635,0.93134916,0.9329112,0.93433845,0.9358995,0.9376253,0.938656,0.94034064,0.9419496,0.94335514,0.94326603,0.9439427,0.9450024,0.9451481,0.94448185,0.9433837,0.94104576,0.93532133,0.92751235,0.91787314,0.9084579,0.89837646,0.8890347,0.87985665,0.8718226,0.8642304,0.8572594,0.8509993,0.8483039,0.8482782,0.8490136,0.8523133,0.85742766,0.8629306,0.86791146,0.87306577,0.8763014,0.87886417,0.8811017,0.88260996,0.8835335,0.8840749,0.88488126,0.886124,0.8883971,0.88994527,0.8909164,0.89187616,0.8919732,0.8908968,0.8889712,0.884979,0.88098395,0.87430465,0.86763394,0.858878,0.8500261,0.84008205,0.83170605,0.8249342,0.8195267,0.81209767,0.8037944,0.79211974,0.77699554,0.7575354,0.7353225,0.71052814,0.68699896,0.66396093,0.6470623,0.63128805,0.6226419,0.61564016,0.6131109,0.6103985,0.61040676,0.60931575,0.61138356,0.6131302,0.6164053,0.6179482,0.6217022,0.6253735,0.6287823,0.63261354,0.63631994,0.6388022,0.6412542,0.6428816,0.6464035,0.64799494,0.64993334,0.6518276,0.6534153,0.65505475,0.6559978,0.65914965,0.6627397,0.66627467,0.67089117,0.67646736,0.6817322,0.68686604,0.6917466,0.6955209,0.6988666,0.70180964,0.70552063,0.70893955,0.71056664,0.7111777,0.70956767,0.70627207,0.70197666,0.6951723,0.68597424,0.67469245,0.6654146,0.6599646,0.65605783,0.6545149,0.65134156,0.64819473,0.6447735,0.6414702,0.63808995,0.6365402,0.6355581,0.6360401,0.6364329,0.63672817,0.63700074,0.63762003,0.6393199,0.6409662,0.6443703,0.64656323,0.6495914,0.65138227,0.6530505,0.6552432,0.6578877,0.66104436,0.6641103,0.66764987,0.6696092,0.66940796,0.66703117,0.6602819,0.6506165,0.6377671,0.61821353,0.5888994,0.55483377,0.51646996,0.48295447,0.4550893,0.43435538,0.4189849,0.41046956,0.4072435,0.40935296,0.4150205,0.4216843,0.4292945,0.43710148,0.44398484,0.45162588,0.45878708,0.46651828,0.47438508,0.48132232,0.4867657,0.48979902,0.49063885,0.48999906,0.4850018,0.47833747,0.46925515,0.45904905,0.44734952,0.43766207,0.42983466,0.42505908,0.42110443,0.4178875,0.41541177,0.4134658,0.41210794,0.41100565,0.41037047,0.40985715,0.41064647,0.41292128,0.4152639,0.4178093,0.41981882,0.4212125,0.42300168,0.4243979,0.4248581,0.42530346,0.42583975,0.4275931,0.42970723,0.4319518,0.43458098,0.43804014,0.4405164,0.44358957,0.4468438,0.44979578,0.45247787,0.4529851,0.45140404,0.44740513,0.4393345,0.42926097,0.41535133,0.40259174,0.38997972,0.3795637,0.3696569,0.36651397,0.3645952,0.36552656,0.36430705,0.3614602,0.3599541,0.36072737,0.3622409,0.3642959,0.3653584,0.36784366,0.36867675,0.37135884,0.37363243,0.3755582,0.3772642,0.38030297,0.3819136,0.38328868,0.38275674,0.38160026,0.37773034,0.3731578,0.3665994,0.35968655,0.3515362,0.34497875,0.33587867,0.32793236,0.31828094,0.30923617,0.3024007,0.29803896,0.29037452,0.2857089,0.2814433,0.27822584,0.2772466,0.27806503,0.27794203,23.3125,7.376246438746445,107.43042580391385,80.16446844629407,71.02384893018804,28.79734338538862,326.0
43,66,0.9192957,0.9191215,0.9189173,0.91911376,0.9192598,0.91955334,0.9197997,0.9226157,0.9235382,0.9250915,0.92629933,0.927877,0.92959595,0.931108,0.9324709,0.93382704,0.93517685,0.9365436,0.93723726,0.9382223,0.9383677,0.9387596,0.939042,0.9377693,0.93514246,0.9299406,0.9225772,0.9132407,0.90430504,0.8944831,0.88479245,0.87583816,0.8678503,0.85971725,0.85304445,0.8468151,0.843935,0.8426803,0.8439435,0.8467779,0.85126317,0.8570082,0.8622652,0.8670562,0.87053674,0.8737583,0.876191,0.87718606,0.87860775,0.8792709,0.8799649,0.88140607,0.8833904,0.88506347,0.88627756,0.88691014,0.8872565,0.8860427,0.8839586,0.8805108,0.8763299,0.869415,0.8626887,0.85406506,0.8453837,0.8356819,0.82775044,0.82041156,0.8153985,0.8079675,0.79984593,0.78851736,0.7734306,0.7538487,0.73177683,0.70677614,0.68236905,0.6584645,0.64038515,0.62504524,0.6160873,0.6090521,0.60658896,0.6041564,0.60314685,0.603358,0.6046863,0.6064143,0.6087748,0.6115521,0.61588156,0.6193273,0.6225776,0.62600553,0.62955546,0.63151026,0.6344877,0.6369082,0.639209,0.6408281,0.6433925,0.64426136,0.6458295,0.6468418,0.6493482,0.65136343,0.6551286,0.65911865,0.6640849,0.66924125,0.6747445,0.68056226,0.6853939,0.68968976,0.6929125,0.696257,0.700197,0.7041076,0.7062568,0.7070524,0.7053112,0.70262396,0.6989429,0.6920207,0.6832683,0.6719495,0.6624466,0.6562276,0.6538143,0.6510704,0.64838886,0.64529103,0.6417722,0.6388633,0.6352346,0.6327723,0.63224214,0.6321281,0.63286346,0.63276905,0.6333374,0.6335118,0.63559866,0.6372827,0.6406992,0.64361584,0.64584076,0.6479077,0.65001774,0.6520433,0.654955,0.65803707,0.66148615,0.6650739,0.66717577,0.66647613,0.66462624,0.6579505,0.6484336,0.63556445,0.61650705,0.5872053,0.553695,0.5152135,0.48170447,0.45379627,0.4331688,0.41751212,0.40961558,0.40593594,0.40840906,0.41372597,0.4206788,0.4283829,0.43652397,0.44476426,0.4519046,0.4597864,0.46746105,0.47566923,0.48239067,0.48744842,0.49050772,0.49105057,0.48943266,0.48460877,0.477822,0.4679887,0.4573539,0.44570193,0.43627515,0.42790985,0.42281258,0.41849685,0.41484246,0.41214114,0.40960354,0.40794665,0.40610093,0.40520757,0.40543377,0.4061532,0.40822637,0.41083878,0.4137213,0.41617715,0.41804385,0.41993165,0.42217523,0.4232353,0.4240787,0.42536572,0.42696893,0.42935157,0.43225253,0.43522513,0.43882602,0.44163924,0.44498205,0.44794092,0.45135438,0.45353892,0.4543596,0.45265806,0.44810522,0.43996042,0.4294397,0.41557258,0.40222695,0.38923317,0.37824678,0.36807817,0.3645722,0.36320245,0.36441842,0.36305228,0.36051244,0.3583573,0.35897005,0.35992193,0.36198753,0.3640591,0.3660766,0.36727846,0.36958694,0.37253356,0.37453073,0.37560266,0.37840563,0.3801447,0.38116035,0.38101676,0.37931854,0.375812,0.3709491,0.3646537,0.35809654,0.3501612,0.343322,0.33449322,0.32615203,0.3166144,0.30785495,0.30002332,0.29563713,0.2887078,0.2830194,0.27907395,0.2757669,0.27386564,0.27370614,0.27400157,20.96875,6.897658194783071,88.86208768015437,88.67905094864324,71.61051591331523,29.091276252019384,378.0
44,57,0.9328606,0.9332069,0.9323348,0.9331051,0.93347377,0.93388593,0.9345331,0.9374149,0.93797445,0.9400061,0.94087946,0.94278294,0.9440912,0.9458239,0.9475998,0.94908243,0.9504225,0.9517516,0.95238423,0.9535186,0.95355797,0.95375085,0.95379794,0.9526155,0.9501146,0.94447756,0.93672574,0.9270233,0.91727644,0.9072503,0.89815164,0.88906085,0.8807652,0.8726604,0.86534065,0.8595205,0.8562182,0.85524404,0.85677207,0.8595814,0.8644132,0.87017274,0.87546,0.88036025,0.8842279,0.8875122,0.8899305,0.891994,0.89289093,0.8936548,0.89466465,0.89584124,0.8976531,0.89997643,0.90091944,0.9012899,0.9019152,0.900795,0.8983283,0.895004,0.88990396,0.8833923,0.8756708,0.8662001,0.8574901,0.8472202,0.83914864,0.8319309,0.82635415,0.8186213,0.81042993,0.79788584,0.7818104,0.762218,0.73965263,0.71346796,0.6888404,0.66472435,0.6468282,0.6320958,0.6236595,0.6177125,0.61470187,0.6125969,0.61314434,0.6127341,0.6142969,0.61631334,0.61952984,0.6224782,0.6269852,0.63051987,0.6341241,0.637421,0.6416371,0.644425,0.64715767,0.64921117,0.6516706,0.6537484,0.6558577,0.6575111,0.65851176,0.6602818,0.662009,0.66552126,0.66875756,0.6728111,0.67809546,0.6839366,0.68862027,0.69420946,0.69912565,0.7034564,0.7072865,0.7110755,0.7142366,0.71752423,0.7198839,0.72083527,0.7187654,0.71608937,0.7112924,0.7043881,0.6957634,0.6837218,0.67429245,0.6674938,0.66469765,0.6619757,0.6591943,0.65570927,0.6523571,0.6492312,0.64597046,0.64333844,0.64298344,0.6428875,0.6434721,0.64406574,0.6441145,0.6440897,0.64639056,0.64856124,0.6511461,0.65371263,0.65639544,0.6589142,0.6609063,0.66293204,0.66573226,0.6690798,0.6726042,0.6759609,0.67830354,0.6777315,0.6756012,0.6690139,0.6598503,0.64648473,0.626217,0.5960929,0.56102383,0.52219415,0.48893517,0.46177536,0.44170722,0.42806923,0.42108035,0.41939014,0.4223112,0.4278818,0.43605357,0.4443954,0.4518144,0.46003145,0.46735469,0.4749468,0.4830631,0.49016547,0.49686176,0.5019542,0.5043504,0.5043659,0.5018224,0.4960701,0.48791236,0.4772115,0.46672595,0.45440346,0.44386238,0.43548262,0.4301518,0.4259961,0.42204902,0.419263,0.4164381,0.41480953,0.413499,0.41260552,0.41290653,0.4136412,0.41594142,0.41931888,0.42198926,0.42432022,0.42630398,0.42850062,0.43030345,0.43140048,0.43220174,0.4329248,0.43506342,0.4372532,0.44013068,0.44286716,0.44610465,0.44978154,0.45307833,0.45601538,0.4592141,0.46144357,0.46231318,0.46032646,0.45604378,0.44708532,0.43643397,0.42279443,0.409599,0.39566234,0.38528907,0.37459785,0.37094072,0.36988384,0.37043864,0.3697377,0.3674003,0.36532897,0.36524442,0.36582518,0.36826006,0.36954266,0.37187505,0.37336117,0.37616864,0.37838465,0.38106275,0.38238814,0.3857366,0.38686922,0.38880217,0.38828748,0.38731658,0.3832901,0.37952548,0.37287933,0.36634207,0.35810578,0.35121042,0.3422019,0.333606,0.3243801,0.31597364,0.30753607,0.30361378,0.29646522,0.2902699,0.28607672,0.28317457,0.28160095,0.28113094,0.2813838,21.21875,7.012021699737325,85.957698955468,91.04633289415898,80.3004005340454,27.491473703105367,331.5
45,63,0.93604267,0.9366958,0.93604743,0.93725574,0.9365308,0.9375073,0.9389362,0.9409553,0.9421896,0.9436851,0.9454634,0.94632924,0.9478144,0.9497442,0.9508638,0.9522042,0.953912,0.95482194,0.9557445,0.95676196,0.9568722,0.9570539,0.95712024,0.95596766,0.9532513,0.9478834,0.9404732,0.93139935,0.92188555,0.91223586,0.90322924,0.89412576,0.8853054,0.87736803,0.8702444,0.8651596,0.8614832,0.86082053,0.8623264,0.8655055,0.8704993,0.8758811,0.8814337,0.8860242,0.8900081,0.89337814,0.8956816,0.8966632,0.8976655,0.8981292,0.89926064,0.9005685,0.90204996,0.90355366,0.90524113,0.9056619,0.90604913,0.90442526,0.90253067,0.8992709,0.89488614,0.8885962,0.8812138,0.87207884,0.8632726,0.8534452,0.8446087,0.83713806,0.8318001,0.8239062,0.8151954,0.80311084,0.7870299,0.76684153,0.74506694,0.7195132,0.6959871,0.67233026,0.6540923,0.6396845,0.6303474,0.62406206,0.6220711,0.61957,0.61916804,0.61932284,0.62142503,0.62427306,0.62601244,0.6293074,0.6325604,0.6355716,0.640738,0.6439891,0.6470873,0.6499221,0.653232,0.65461683,0.65820247,0.66037345,0.6626886,0.6637193,0.66674995,0.66802245,0.669467,0.6711942,0.6767063,0.6794293,0.68512034,0.6906747,0.6960413,0.7011537,0.7062284,0.7088318,0.71322924,0.71629536,0.72086567,0.72315705,0.7261399,0.72627175,0.72406644,0.72143835,0.71667486,0.7091347,0.7001858,0.6883335,0.67856133,0.6719164,0.6687981,0.66610056,0.6638125,0.66026783,0.65618736,0.65330106,0.6505496,0.6478816,0.64725304,0.6475529,0.6483769,0.648595,0.649107,0.6500171,0.6519157,0.6534421,0.6561173,0.65897673,0.6613898,0.66385126,0.66542804,0.66761416,0.6702678,0.6734241,0.6769035,0.68020654,0.6823243,0.68204546,0.6799036,0.6731898,0.66349185,0.65020186,0.6297551,0.59944636,0.56484586,0.5247843,0.49178356,0.4643383,0.44387585,0.42882782,0.42165804,0.41893566,0.42162508,0.42695338,0.43521953,0.44308227,0.4506805,0.45788434,0.4648735,0.4724906,0.48078465,0.48845518,0.49513382,0.5009546,0.5039966,0.50304776,0.50182414,0.49558866,0.487866,0.47797102,0.46759862,0.45580956,0.44597262,0.43687588,0.43210357,0.42799467,0.42423397,0.42217016,0.4208376,0.4183349,0.41741735,0.41672277,0.41662514,0.41790578,0.41984364,0.4211454,0.42351434,0.42581028,0.42811853,0.42902577,0.43153992,0.43222415,0.43250293,0.43335724,0.43460572,0.43730402,0.439998,0.44258583,0.44596916,0.4487906,0.45203817,0.455836,0.4580749,0.46062315,0.46176904,0.4605075,0.45646888,0.44811255,0.43665183,0.42301247,0.40929696,0.39571273,0.38510555,0.37503332,0.37129837,0.36948168,0.37071773,0.3694688,0.36705232,0.3649593,0.3650529,0.36663094,0.36952046,0.37141067,0.37358323,0.3750901,0.37711918,0.37984303,0.38152424,0.38321617,0.3862127,0.38840303,0.38934433,0.38901561,0.38823432,0.38425487,0.37954015,0.3714949,0.36538094,0.3573842,0.35005462,0.34110427,0.33233017,0.32251492,0.31349966,0.3062188,0.30127826,0.2951858,0.28796756,0.28345823,0.28187197,0.27969432,0.27963287,0.27931207,22.875,7.34114175791736,86.66225599446317,84.28520388719511,73.60025502301691,29.039669718183447,335.5
46,58,0.9406333,0.9401283,0.9393643,0.9398494,0.93961453,0.9400468,0.9403662,0.9430994,0.9439119,0.9450924,0.9463911,0.9482703,0.9493009,0.9514346,0.9522775,0.9539706,0.95512426,0.9565369,0.9571141,0.95743155,0.95802057,0.9579378,0.9579267,0.9569677,0.9537362,0.94813794,0.9400259,0.93081784,0.9215516,0.9115536,0.90154004,0.89225286,0.8841814,0.87613034,0.86852235,0.8630737,0.8599118,0.8593127,0.8609423,0.8634256,0.8684458,0.87421703,0.87958604,0.88453776,0.8881564,0.8911941,0.8937123,0.8951374,0.8960494,0.89682543,0.8974429,0.89873374,0.9004483,0.9019128,0.9037202,0.90424633,0.9044229,0.903425,0.90107477,0.89801186,0.89351135,0.88752866,0.8795584,0.87085295,0.8622326,0.85263914,0.84464425,0.8373398,0.8313187,0.824143,0.81577003,0.80393565,0.78913164,0.7691334,0.74677795,0.72201145,0.69817907,0.67527676,0.6569765,0.64231217,0.6335089,0.6272044,0.6240059,0.6217605,0.62155247,0.6208396,0.62272215,0.62446415,0.6273798,0.62930906,0.6335963,0.63693434,0.64039934,0.6436714,0.6472627,0.6495024,0.6525013,0.6546743,0.65756094,0.65983397,0.6618733,0.66336155,0.66601366,0.6664397,0.6685418,0.671101,0.67419505,0.6788832,0.6838307,0.6894729,0.693812,0.69919956,0.7045777,0.70854264,0.7120639,0.7147135,0.7185204,0.7217028,0.72429574,0.7245437,0.72292566,0.71936536,0.71472377,0.7083212,0.6985822,0.6870705,0.6779188,0.6718804,0.6685355,0.6657671,0.663213,0.6592612,0.65621954,0.65325344,0.65002704,0.64791346,0.64726096,0.64771295,0.6481463,0.64875484,0.6492307,0.6490835,0.65148497,0.653201,0.6559165,0.65910435,0.6615714,0.6631894,0.66558325,0.66706645,0.66983026,0.6728866,0.67608035,0.6801501,0.6816939,0.6812513,0.6787561,0.67199296,0.66238064,0.649018,0.6290822,0.5992128,0.56524664,0.52570844,0.4927668,0.4641859,0.44388092,0.42863637,0.42062914,0.41738087,0.41980088,0.42564458,0.43308675,0.44027543,0.44807214,0.45524812,0.46262133,0.47005916,0.47728547,0.485447,0.4919564,0.49713987,0.5003907,0.5009796,0.49949193,0.49445593,0.4871244,0.47833952,0.46740437,0.45572788,0.44651,0.43745786,0.4329298,0.4291923,0.4264891,0.42414334,0.42234147,0.42032558,0.4194491,0.4187082,0.4185685,0.41928482,0.42163676,0.42403623,0.42613542,0.4281525,0.42971635,0.43125695,0.43318892,0.43292463,0.43316537,0.4338463,0.43572807,0.4377722,0.44014913,0.4423157,0.44549742,0.44875324,0.45243767,0.45457023,0.45763785,0.4604595,0.46146828,0.45986304,0.45527017,0.44740528,0.43672705,0.4236657,0.41019002,0.39699095,0.38659292,0.3765509,0.37296823,0.3717019,0.37192556,0.37129363,0.36900163,0.36736047,0.36742342,0.36885256,0.3712572,0.37275273,0.37466878,0.37590182,0.37822896,0.38065752,0.3827529,0.3845048,0.3878693,0.38881373,0.39014012,0.3902456,0.38869965,0.38489896,0.3804785,0.37426,0.36745444,0.35926035,0.35218424,0.34377936,0.33512747,0.32552642,0.3168118,0.30871305,0.30427688,0.29748645,0.29258794,0.28869027,0.28639752,0.28486124,0.28557074,0.2851877,24.0,7.043071779913876,98.99563606380804,80.38977834512258,73.86577670839367,25.994884221863224,372.0
47,70,0.9355086,0.9352217,0.9348017,0.93473244,0.9358016,0.9354931,0.9361482,0.9388368,0.94003713,0.941195,0.942889,0.9439975,0.9456873,0.94763625,0.9490173,0.9506066,0.9516845,0.95280117,0.9534963,0.95417184,0.9546147,0.95472896,0.9545604,0.953688,0.9503422,0.94500095,0.9373538,0.92809755,0.9186178,0.9089615,0.8993467,0.89015603,0.8821675,0.8740914,0.8669276,0.8610451,0.85853934,0.8573743,0.8581473,0.8615458,0.86645246,0.8720157,0.87717783,0.8820941,0.8856575,0.88878036,0.89088905,0.89251935,0.893243,0.89419603,0.8949543,0.89619637,0.89829546,0.89972866,0.90107936,0.90184045,0.9020967,0.9009236,0.8987692,0.89514786,0.8906975,0.8841441,0.8771876,0.8685856,0.8600023,0.850572,0.8425616,0.83576304,0.83007395,0.8231001,0.81536466,0.80337644,0.7881276,0.76881945,0.746998,0.7218332,0.69787776,0.6750842,0.65685034,0.64199734,0.6329413,0.6271656,0.6244206,0.6224221,0.62188256,0.6213877,0.6232381,0.62479943,0.628458,0.6306828,0.63472545,0.63839453,0.64158654,0.6451478,0.64941335,0.6509817,0.65384746,0.65631473,0.6592088,0.6614833,0.663216,0.6645567,0.6658096,0.6670122,0.6698437,0.67179704,0.6754593,0.67933595,0.6844647,0.68945014,0.69547945,0.7001261,0.70483613,0.70869356,0.7124177,0.71566355,0.71950644,0.7227261,0.72469556,0.726419,0.7238426,0.7206897,0.7169429,0.71029437,0.70136976,0.6886184,0.6799611,0.67356074,0.67089313,0.6681348,0.6655737,0.661813,0.6586906,0.6562011,0.65312314,0.6502631,0.6495899,0.6502197,0.6506007,0.6505825,0.6516088,0.6522588,0.65383005,0.65603757,0.6589463,0.66192997,0.6642811,0.66617405,0.6680293,0.6703426,0.6730695,0.6760175,0.67987376,0.68352365,0.68571025,0.68526757,0.6829572,0.6761324,0.66708755,0.6541723,0.6346768,0.6050549,0.5711303,0.53236485,0.4985526,0.47027522,0.44935453,0.4337574,0.4253881,0.42253035,0.42503512,0.43105567,0.43859828,0.4467525,0.45456684,0.46248066,0.47051316,0.47793347,0.48602754,0.4936993,0.5006156,0.50569856,0.5092242,0.5092597,0.5079563,0.5027795,0.4953466,0.48505133,0.47414201,0.46201628,0.45163313,0.44311622,0.43766552,0.43332916,0.4301858,0.427629,0.4257347,0.42337865,0.4221544,0.4211112,0.4213365,0.42248708,0.42444602,0.42690516,0.42962933,0.43153232,0.4338308,0.4355592,0.4373272,0.43837965,0.43946326,0.43984616,0.4415058,0.44392264,0.44700345,0.4494024,0.4529584,0.45619985,0.4600453,0.46304524,0.4665227,0.4688779,0.4697783,0.46769625,0.46331978,0.45543846,0.44391888,0.4300734,0.41673684,0.40281034,0.39162436,0.38055468,0.37699932,0.37587234,0.37665418,0.3754791,0.37318143,0.37109944,0.3719489,0.37324053,0.37511605,0.37728232,0.37919685,0.3800546,0.3829071,0.385966,0.38796628,0.3889612,0.3926847,0.39359346,0.39548054,0.39500475,0.39318717,0.3893916,0.38466978,0.37804854,0.37137425,0.36378318,0.35620677,0.34653896,0.33851165,0.32909316,0.3207819,0.31247276,0.3074488,0.30069244,0.29575807,0.29112166,0.28846112,0.2874055,0.28777397,0.28761727,21.75,7.2389006869241115,96.43962139659388,83.69253240307441,76.65723785100323,26.434661640639025,345.0
48,65,0.93268555,0.9317596,0.9316718,0.9319942,0.9321009,0.93235767,0.9324373,0.9352478,0.9356153,0.9370713,0.93850756,0.93999493,0.9410472,0.9430833,0.9446259,0.9461881,0.94754094,0.948313,0.94928735,0.9503939,0.9509506,0.95082045,0.94998515,0.9496248,0.9465182,0.94079185,0.9331403,0.9235979,0.9141792,0.90447485,0.8951975,0.8856363,0.8775617,0.86932826,0.8628012,0.8569288,0.8536246,0.85295147,0.8541647,0.8573392,0.8621387,0.86786395,0.8732693,0.87751144,0.8812046,0.88445175,0.8864207,0.8881031,0.8889987,0.8896611,0.8906704,0.89166665,0.89340544,0.895314,0.8966535,0.8973317,0.8978169,0.89641786,0.89410675,0.8907852,0.8864249,0.87951684,0.8728589,0.8638986,0.85506403,0.845233,0.8369744,0.83047116,0.8254958,0.8173958,0.80992675,0.7974457,0.7822247,0.7623913,0.7403029,0.71539867,0.69145066,0.6678374,0.6500151,0.63500524,0.62560964,0.61924887,0.61659896,0.61395174,0.61372626,0.6133673,0.6139021,0.6160378,0.6199522,0.6223062,0.62640166,0.6295549,0.6333593,0.6367442,0.63984454,0.642822,0.64588964,0.6475307,0.65086544,0.65235996,0.6547991,0.65674114,0.65818715,0.6598915,0.66175914,0.6639074,0.66788006,0.6717815,0.6771494,0.68212026,0.68769884,0.6923269,0.69818103,0.7016051,0.7051657,0.70895684,0.7122352,0.7162732,0.7189108,0.71948695,0.7179289,0.7151598,0.71073425,0.704052,0.695249,0.68316925,0.6740377,0.6674503,0.6648797,0.6623137,0.6602459,0.65675795,0.65286815,0.6500026,0.6462445,0.6438281,0.6432612,0.6432864,0.6443584,0.6440246,0.64530224,0.6452848,0.6467223,0.6491658,0.65191996,0.65413237,0.6569391,0.6589048,0.6607382,0.6625788,0.6658905,0.668107,0.6722895,0.6758658,0.6776336,0.6776474,0.6754869,0.667921,0.6583675,0.6454907,0.625282,0.5954409,0.56055546,0.5215494,0.4873442,0.4585601,0.43749714,0.4226579,0.41410246,0.41084704,0.41350716,0.4195844,0.4258729,0.43381393,0.44150513,0.44871676,0.45676118,0.4646456,0.4724924,0.48045105,0.48762888,0.49288315,0.49651986,0.49702674,0.49616772,0.4918452,0.48486105,0.4755808,0.46514243,0.4532438,0.4436287,0.4355067,0.43035305,0.4259785,0.42322147,0.420369,0.41847944,0.41665232,0.41527784,0.41454428,0.41468292,0.41548678,0.4178394,0.4202678,0.42244098,0.42519444,0.42679554,0.42878193,0.4307515,0.43176073,0.43234944,0.43328097,0.43460825,0.4377673,0.44010234,0.4425144,0.44630748,0.4491527,0.45258155,0.4560205,0.45847327,0.461093,0.46268433,0.46033177,0.45648134,0.44772664,0.43726003,0.42368102,0.41020614,0.39689267,0.38566148,0.37493902,0.3721886,0.37094748,0.371841,0.37060022,0.36791152,0.36602288,0.36593056,0.36729342,0.3694031,0.37153876,0.37378716,0.37448305,0.37662423,0.37937975,0.3818776,0.38327366,0.38687873,0.38748112,0.38910168,0.3887169,0.38722497,0.38421828,0.37892306,0.3724519,0.36594605,0.3577835,0.35095876,0.34203017,0.3340407,0.32359493,0.31573862,0.3072185,0.30265206,0.29574063,0.290116,0.285621,0.28331086,0.28166887,0.28151378,0.28097844,23.0,6.817436298030588,84.30404934832355,87.38345482285129,74.9049023059732,28.505654281098547,270.0
49,69,0.9240194,0.9236796,0.9237064,0.923079,0.9231658,0.923913,0.92444944,0.9269937,0.92785805,0.92912936,0.93088984,0.93224156,0.9334422,0.9351605,0.93627083,0.9382169,0.9397645,0.9410467,0.94177294,0.9424895,0.94270265,0.9427099,0.942957,0.9423655,0.9399675,0.93460244,0.92701447,0.91850567,0.90814877,0.89869815,0.89026046,0.88070023,0.8732587,0.8651148,0.85792196,0.85237443,0.84888566,0.8482912,0.8494568,0.8520407,0.8570633,0.86250013,0.8680231,0.8722615,0.8758728,0.8786241,0.8812671,0.8826285,0.8835043,0.884086,0.88532287,0.88669497,0.8889003,0.8900882,0.8910778,0.8917924,0.8926165,0.891395,0.88951993,0.8862312,0.8817714,0.8754461,0.86829466,0.86014175,0.8512949,0.8418255,0.8336387,0.8267679,0.8219127,0.8140791,0.80664515,0.7947275,0.7795019,0.7602558,0.738832,0.7131729,0.6897458,0.6665079,0.6481894,0.6335385,0.62442386,0.61764383,0.614779,0.6126115,0.6118438,0.61162174,0.61280435,0.6153944,0.6175467,0.6202136,0.62399113,0.6275001,0.63151395,0.6347258,0.6386339,0.64020383,0.6434836,0.6462443,0.6491581,0.65107083,0.65291,0.6542184,0.65610206,0.65759003,0.6588832,0.6618722,0.6654885,0.6692054,0.6738577,0.67947507,0.68494225,0.68970925,0.69556963,0.69932884,0.70257545,0.70572025,0.7100532,0.7132671,0.7147606,0.7156198,0.7146332,0.71070266,0.7071254,0.7001052,0.6918659,0.68016744,0.6706043,0.66423,0.66190743,0.66000915,0.656183,0.6540409,0.6499051,0.64677894,0.6434124,0.64107907,0.64030564,0.64039874,0.6414777,0.6418359,0.6421865,0.642494,0.6439631,0.64612806,0.6491982,0.6518234,0.65424764,0.65642464,0.65836966,0.6601343,0.6630428,0.666023,0.66970015,0.6732962,0.6751975,0.6751679,0.67282015,0.6661268,0.6567534,0.64428025,0.6251568,0.59632283,0.56246626,0.5229873,0.49050212,0.4619406,0.44115293,0.4258725,0.4178933,0.41477978,0.417022,0.42347193,0.4305794,0.43812937,0.44599754,0.45343295,0.4611913,0.4686116,0.47711772,0.4846787,0.49164045,0.496653,0.4996488,0.50022197,0.49864763,0.4936787,0.48658407,0.4767474,0.46638745,0.4548445,0.4448716,0.43623182,0.43059397,0.42600328,0.42290932,0.41963613,0.4178084,0.41553742,0.4143644,0.4140314,0.41317523,0.41433847,0.41644806,0.41909224,0.42191195,0.42451,0.42649168,0.4282148,0.429999,0.43064225,0.4319926,0.43302852,0.4350314,0.43775362,0.44016376,0.44321692,0.44659665,0.44993967,0.45349795,0.4561144,0.45970848,0.46137497,0.46246362,0.46019667,0.45575812,0.44761747,0.43620548,0.42251128,0.40922183,0.39581013,0.3854714,0.3750828,0.37106955,0.37049153,0.37192148,0.37032625,0.36780483,0.36573657,0.36626166,0.36763775,0.3691923,0.37088686,0.37331638,0.37475377,0.3770442,0.37999007,0.38115287,0.38260964,0.385595,0.38762474,0.3889959,0.38884366,0.38720965,0.38245213,0.37868002,0.372007,0.36516392,0.35765675,0.35105062,0.34316987,0.3337675,0.32408327,0.31502074,0.30695736,0.30255938,0.2956859,0.29099527,0.2870232,0.28383255,0.28236574,0.28168094,0.28175592,21.375,6.864966195228463,88.85428922135196,90.83239456645381,73.97968574459844,30.078531681924243,362.5
50,62,0.9155568,0.91546506,0.9147605,0.9154048,0.91561,0.91571987,0.9164538,0.9189152,0.92014766,0.9209245,0.9224591,0.9242127,0.92544067,0.927439,0.9284177,0.92991924,0.93108857,0.93256474,0.9329003,0.93362457,0.9341049,0.934252,0.93414044,0.93351257,0.9307803,0.92505777,0.91731864,0.90859157,0.8997159,0.89010537,0.88077307,0.8714601,0.863722,0.85524446,0.84848446,0.84296155,0.8403827,0.8398224,0.8411651,0.84427404,0.8489126,0.85437995,0.8596189,0.86418784,0.8680748,0.8709959,0.8732763,0.8746209,0.8758744,0.8761107,0.87687516,0.87820643,0.87982607,0.88180983,0.8830682,0.8838554,0.8841871,0.8830848,0.8807071,0.8777938,0.8737479,0.8673333,0.86059725,0.85154283,0.8429841,0.8334613,0.825425,0.81856644,0.8127171,0.8055691,0.79757476,0.7850731,0.77013874,0.7500938,0.7290437,0.7035494,0.67965895,0.65647143,0.63856184,0.6238514,0.6144633,0.60871434,0.6047711,0.6026514,0.60215175,0.6016799,0.6024285,0.6045625,0.6071207,0.6089965,0.61334765,0.61636233,0.6196499,0.6233064,0.62660366,0.62818575,0.63190615,0.6338468,0.6371227,0.639105,0.6409427,0.6423621,0.644145,0.64593655,0.6482397,0.65015167,0.65413105,0.6573607,0.6630212,0.6685736,0.67367905,0.67870337,0.6838649,0.6871951,0.69074714,0.6942528,0.6981762,0.7006931,0.70391953,0.7037668,0.70276976,0.69880545,0.6940086,0.68751097,0.6786176,0.6663668,0.6566905,0.6511309,0.64746124,0.64491254,0.6424491,0.6388953,0.6352718,0.6319685,0.6291348,0.6271094,0.62672067,0.62658405,0.62738943,0.6281958,0.6283327,0.6288842,0.63072425,0.6328269,0.6355124,0.6386097,0.64065915,0.6425743,0.64423805,0.64640266,0.64954734,0.6519082,0.6550065,0.6584936,0.66058874,0.6604208,0.6579064,0.65096915,0.6414224,0.6283855,0.6091938,0.5798521,0.5463756,0.50799024,0.47489908,0.4463136,0.42568958,0.41067076,0.40127504,0.39839464,0.40086842,0.40598857,0.41259104,0.42005247,0.4275592,0.43444946,0.44210362,0.44872093,0.45611268,0.46367562,0.47032648,0.4765311,0.47960228,0.4798643,0.478935,0.47426042,0.46779102,0.45843226,0.44817224,0.43671572,0.42752078,0.4189101,0.41413665,0.4099213,0.40775204,0.40541354,0.40378374,0.40215144,0.40106463,0.40035146,0.40049407,0.40091664,0.4029256,0.40524438,0.4077192,0.40923756,0.41034228,0.41206908,0.41321048,0.41394752,0.41410428,0.41453236,0.41542524,0.41745642,0.41967213,0.4218735,0.42527378,0.42831874,0.43165016,0.43488324,0.4373786,0.4402852,0.44113773,0.4394078,0.43561324,0.42673463,0.4165205,0.4035512,0.3910104,0.37864625,0.3685937,0.35888666,0.35597417,0.3547785,0.35490027,0.35374933,0.35228574,0.35003567,0.35007212,0.35156173,0.35338646,0.35556275,0.35684273,0.35821733,0.360657,0.36243007,0.36518568,0.36697412,0.37009752,0.3711682,0.37307894,0.37234658,0.3711996,0.3674339,0.3629133,0.35731775,0.3510015,0.3431638,0.33693537,0.32800296,0.3199619,0.3105271,0.30253887,0.2939154,0.28960854,0.28304288,0.27788952,0.27349788,0.2707882,0.26933807,0.26928654,0.2687318,25.375,7.634587516910996,96.23549018941867,56.60112144817412,71.92386592174681,30.04038772213248,327.0
51,60,0.92397374,0.9241418,0.9241595,0.9248619,0.92446756,0.925145,0.92612255,0.9290568,0.93014306,0.9314102,0.93270427,0.9340701,0.93562865,0.9372688,0.9385966,0.9401171,0.9412832,0.94258386,0.94353807,0.9440065,0.9445929,0.9451689,0.94472265,0.9435648,0.9409188,0.93579507,0.9282293,0.9192551,0.9099004,0.9002594,0.89119416,0.8820712,0.87470406,0.86653614,0.85959184,0.85366297,0.85119176,0.85034645,0.8512145,0.8539578,0.8587464,0.86406183,0.8696522,0.87440836,0.87827015,0.8813898,0.8840042,0.88521826,0.88628244,0.88673174,0.88791466,0.8893106,0.89123416,0.8926538,0.89404505,0.8951016,0.89526975,0.8943353,0.89236504,0.8891918,0.884632,0.87862045,0.8713209,0.8625716,0.8531716,0.843434,0.83483183,0.82834905,0.82286626,0.8156639,0.80754375,0.7956735,0.7804963,0.76029766,0.737739,0.71206355,0.68809605,0.66560143,0.6479419,0.63461226,0.6262069,0.6212038,0.6197013,0.6178553,0.6175226,0.6182903,0.6203375,0.62181556,0.6258405,0.6283816,0.63296807,0.6349534,0.63920486,0.64305305,0.6462995,0.6493499,0.65234303,0.6540128,0.65697825,0.6592355,0.662257,0.66273195,0.66454613,0.6659307,0.6682197,0.6700592,0.67468226,0.67793214,0.6832657,0.68839645,0.6934084,0.69885963,0.70368266,0.706309,0.7099922,0.71321625,0.7169685,0.71861756,0.7220402,0.7222589,0.72006947,0.71662503,0.71217734,0.7054529,0.6953274,0.6830929,0.67383754,0.66721225,0.6651267,0.66214114,0.65942574,0.6560161,0.6527812,0.6495107,0.64691186,0.645215,0.64422333,0.6441135,0.64543676,0.6458249,0.64628136,0.6465557,0.6484913,0.6508498,0.6527333,0.65601826,0.6582017,0.6601768,0.6620803,0.66429913,0.66657996,0.6701179,0.67332244,0.67664117,0.67851394,0.6782354,0.67656755,0.67049134,0.66095793,0.64889467,0.629742,0.60181195,0.56811655,0.5301052,0.49787402,0.4729091,0.45413586,0.44030923,0.43331552,0.43148258,0.4347543,0.44070485,0.4481318,0.4564153,0.46407542,0.47152627,0.478422,0.48545504,0.49280143,0.49918833,0.50550276,0.51008964,0.51184255,0.51079094,0.50787234,0.501861,0.4929372,0.48259252,0.4709066,0.45830804,0.44818735,0.4393466,0.43361354,0.428863,0.42603993,0.42336732,0.42156067,0.41923535,0.4172673,0.41658524,0.41713887,0.41854513,0.420622,0.42331278,0.42674345,0.42885405,0.43057021,0.43177766,0.43360204,0.4341052,0.4347488,0.43466485,0.43721944,0.43920696,0.44146276,0.44444197,0.4478972,0.45102322,0.45396727,0.45676947,0.45998746,0.46220234,0.46335596,0.4614364,0.45657176,0.4488315,0.43779838,0.423827,0.41069278,0.3977261,0.38714352,0.37610027,0.37304935,0.37128067,0.37190312,0.37035322,0.3682511,0.36696976,0.36794114,0.36943042,0.37205753,0.37302557,0.37517405,0.37583238,0.3791506,0.3823762,0.38468617,0.3861778,0.38907188,0.390672,0.3922348,0.3924635,0.39130533,0.3881414,0.3835707,0.37701678,0.37073863,0.3631603,0.35563892,0.34766132,0.33920172,0.3295316,0.31943956,0.31167322,0.3066097,0.29957652,0.29362333,0.28913033,0.28702503,0.2849638,0.28547904,0.2853434,21.9375,7.486782440906891,88.58322739874316,95.73277433467004,82.97615407562088,31.20490037695207,283.5
52,69,0.9413814,0.94101655,0.94171405,0.94190705,0.94184935,0.9423293,0.94333625,0.9453949,0.9464212,0.94831467,0.94946545,0.951213,0.9525677,0.9543112,0.9553775,0.95686257,0.9582319,0.95943403,0.96041644,0.960987,0.9612246,0.96159565,0.9612792,0.9601234,0.9573233,0.9515704,0.944174,0.9351857,0.9262419,0.91643965,0.90726817,0.89847517,0.8908068,0.8826265,0.8756232,0.8703579,0.8673202,0.8660751,0.86712545,0.8702321,0.8750028,0.8801067,0.8854358,0.88997567,0.89384514,0.89691925,0.89896256,0.90023446,0.9018395,0.9024074,0.90316826,0.90408355,0.9061353,0.9078504,0.9089719,0.90981793,0.9097208,0.9088322,0.90685916,0.903288,0.89869285,0.89242417,0.8852823,0.8765428,0.86810803,0.85846347,0.8499189,0.8428642,0.83742833,0.82988954,0.8215952,0.8089993,0.7933512,0.7730988,0.75168395,0.7256418,0.70215964,0.678558,0.66087455,0.6465949,0.63750434,0.63201445,0.6301812,0.62789994,0.62784266,0.6278453,0.62935305,0.63165045,0.63488466,0.6375952,0.64229023,0.6456114,0.64921916,0.65349793,0.65706784,0.65979445,0.6624309,0.66479754,0.6673686,0.6697918,0.6718024,0.67282426,0.6749381,0.676367,0.6786694,0.68093574,0.6845573,0.688517,0.6939124,0.69960356,0.70471007,0.709692,0.7145529,0.7182996,0.7211876,0.725285,0.7288115,0.7319782,0.7342024,0.73442006,0.7325249,0.7302348,0.7251793,0.71886516,0.70954597,0.6970038,0.6877785,0.68118167,0.6781254,0.6753167,0.6725768,0.6692927,0.6656785,0.6625435,0.6592715,0.6566542,0.6559695,0.6565435,0.6574241,0.6575534,0.6584084,0.65864575,0.6601546,0.66263705,0.66578805,0.6678777,0.6706073,0.6725677,0.67414474,0.67689496,0.67952967,0.68197966,0.6863076,0.6897676,0.69131947,0.6919529,0.6889905,0.6820276,0.6728803,0.6599706,0.63976693,0.6093935,0.5747571,0.5349047,0.5014365,0.47313643,0.45270246,0.43739948,0.42993408,0.427809,0.43095526,0.43698654,0.44473535,0.4529332,0.4609801,0.4685248,0.47627324,0.48399532,0.49167907,0.4995344,0.50687635,0.5118773,0.51488984,0.5149316,0.51324433,0.50760674,0.4998796,0.48939496,0.47807676,0.46582788,0.4560771,0.44678324,0.44153062,0.43777728,0.4350735,0.43163264,0.43013608,0.4282592,0.42722565,0.42640662,0.42559785,0.4268312,0.42863977,0.43149275,0.43471318,0.43686408,0.4390456,0.44070023,0.44250607,0.44296253,0.4438253,0.4450364,0.4466557,0.44881466,0.45162514,0.45461738,0.4581957,0.46125937,0.4647353,0.46816507,0.47206706,0.47392577,0.47447503,0.47286928,0.4681236,0.45928288,0.44827348,0.4343418,0.42095202,0.4070729,0.39582253,0.38511407,0.38174933,0.37969762,0.38045543,0.37892193,0.37713835,0.37486136,0.3757071,0.37756467,0.37954336,0.3819636,0.38283417,0.3844892,0.38721585,0.38953635,0.39209244,0.39415023,0.39657217,0.39788383,0.39980143,0.39875847,0.39789125,0.3946234,0.38978946,0.3824569,0.3767104,0.36785907,0.36098355,0.35198525,0.3432846,0.33328843,0.3243041,0.31579864,0.3109059,0.30375862,0.29718804,0.29275858,0.2902009,0.28798687,0.2881808,0.28817782,22.5,6.9983794809526465,84.55759329851573,91.87347550848023,92.73336296672595,25.382337102854063,340.5
53,61,0.9359555,0.93578863,0.93513143,0.93547046,0.93565696,0.93616486,0.93717974,0.93967354,0.94046664,0.942603,0.94381785,0.94529676,0.94711006,0.94852483,0.950179,0.95162493,0.9525182,0.95384026,0.9549632,0.95559627,0.9565652,0.9561634,0.9560416,0.95542836,0.95252055,0.9468696,0.93847716,0.92921907,0.9199742,0.90981007,0.89950854,0.89066833,0.88351774,0.8754291,0.8680326,0.8627337,0.85963,0.8586631,0.86012626,0.86249685,0.8671751,0.873713,0.8788619,0.8824849,0.8861799,0.8896105,0.89148164,0.8932115,0.89438295,0.89499927,0.895702,0.8962433,0.8980942,0.9000101,0.9010191,0.9019698,0.90187967,0.9007981,0.8990178,0.8957795,0.89156437,0.88463664,0.8775269,0.86947787,0.8607195,0.8508392,0.84284306,0.8356569,0.8305636,0.8235487,0.8153795,0.803599,0.7888448,0.76887214,0.74640393,0.7208133,0.69674534,0.67327213,0.6545139,0.6398541,0.63143677,0.62506,0.6221939,0.62063456,0.62039995,0.6202754,0.62171066,0.6238699,0.62696517,0.6296117,0.633327,0.6365583,0.6407721,0.64451456,0.64850414,0.6499641,0.6537523,0.6550399,0.6573535,0.6600459,0.6617917,0.66300756,0.66439724,0.66679096,0.668504,0.670926,0.67475796,0.67905045,0.68369555,0.68949944,0.69437784,0.69938934,0.7045992,0.7089492,0.7127527,0.7159176,0.7194416,0.72335505,0.7253152,0.7259407,0.7249116,0.7219129,0.71698284,0.71078205,0.7021675,0.6902771,0.6808548,0.6736486,0.67136925,0.668227,0.6657282,0.6626966,0.6587994,0.6561272,0.65218556,0.6499868,0.64914316,0.6490587,0.6507259,0.65059686,0.6510337,0.65133667,0.6530479,0.6553633,0.6584471,0.6606833,0.6637578,0.66532993,0.66763234,0.66978914,0.67262185,0.6753032,0.6790263,0.6829218,0.68471074,0.6850536,0.6826135,0.6756316,0.66588736,0.65299547,0.63350767,0.6034918,0.5690361,0.52986205,0.49672088,0.46820357,0.44791043,0.43295318,0.42518935,0.42266023,0.4253754,0.4312327,0.4393111,0.44713026,0.45480925,0.4623162,0.47039753,0.47761434,0.48500237,0.4935733,0.49988186,0.50512487,0.5083817,0.5076643,0.50634354,0.500944,0.49366534,0.4832759,0.4722595,0.46068794,0.4505482,0.44174922,0.43660122,0.43197477,0.42874867,0.42625308,0.4241916,0.4217134,0.42047197,0.42009836,0.41997045,0.42083037,0.42233446,0.42587787,0.42852727,0.4308128,0.4331354,0.4349904,0.43639752,0.43761116,0.43842027,0.43854856,0.44055063,0.44281346,0.44544566,0.4481178,0.4516945,0.45506382,0.45849353,0.46163672,0.46507657,0.4668771,0.46773392,0.46595943,0.46201342,0.45356143,0.44274178,0.42846194,0.41501606,0.40146568,0.39067507,0.3801761,0.37642616,0.37523615,0.37635654,0.37468308,0.37235853,0.3704889,0.3710885,0.37190828,0.3742203,0.37610945,0.3784775,0.37938333,0.38197178,0.38495907,0.38702083,0.3885893,0.39152634,0.39290375,0.39454758,0.39427167,0.3929547,0.3897687,0.38471556,0.37821764,0.37155262,0.36376822,0.35619652,0.34711108,0.33818862,0.32846493,0.31966835,0.31128892,0.30591813,0.29863542,0.29270032,0.2884478,0.28555474,0.28409317,0.28407663,0.28366712,21.75,6.9621975203687185,87.19705661927524,85.43999591181252,86.22364581989194,24.778765033207677,262.5
54,65,0.93404084,0.9337604,0.9337776,0.93372583,0.93385994,0.9341987,0.93498206,0.93724775,0.93800896,0.93967056,0.94120395,0.9423779,0.94369245,0.94521767,0.94679713,0.94824433,0.9491863,0.9506052,0.95127726,0.9521251,0.952268,0.95229995,0.9523236,0.9513403,0.9488218,0.94321793,0.93540657,0.9265584,0.91776735,0.9080159,0.8987802,0.8894377,0.8814925,0.87354755,0.8663292,0.86102796,0.8584375,0.85755235,0.85868305,0.861951,0.8663299,0.87193865,0.87722874,0.88159215,0.8854449,0.88862205,0.8905671,0.8924825,0.8931845,0.8937993,0.89430785,0.895775,0.89748776,0.8992826,0.9006267,0.9010093,0.9011461,0.9001337,0.8981329,0.8946569,0.89004135,0.8837796,0.8766856,0.8676611,0.85921323,0.8496976,0.84147274,0.83397007,0.8292599,0.8222186,0.81340146,0.80151,0.7865601,0.7667444,0.7448791,0.71984595,0.69608647,0.6724184,0.65460616,0.639772,0.63213164,0.6255432,0.6223712,0.62036335,0.62004125,0.6197617,0.62172836,0.6237214,0.6260129,0.62898856,0.6323979,0.6361134,0.6398324,0.6434456,0.6473674,0.6492679,0.6523936,0.6539502,0.65755886,0.65976226,0.6611706,0.66243815,0.66521215,0.66617763,0.66805375,0.66998017,0.6746727,0.67786694,0.6828933,0.688831,0.69392323,0.69916236,0.7036896,0.707271,0.7110043,0.71431947,0.7177875,0.72110176,0.7233537,0.7233442,0.72137547,0.718682,0.71352106,0.7071289,0.698236,0.6866609,0.6772467,0.6707927,0.6679435,0.6649004,0.6622351,0.6593961,0.6549479,0.65205216,0.64903605,0.64624006,0.6457231,0.6460211,0.64701235,0.64749324,0.6479554,0.6477092,0.65014756,0.6518446,0.65529525,0.65748936,0.6596687,0.6617874,0.66375875,0.6654295,0.66840386,0.67125595,0.67439514,0.6786343,0.6804476,0.6801292,0.6780887,0.67062926,0.66143113,0.64857,0.6283977,0.59874713,0.5647477,0.5256858,0.492589,0.46420097,0.44372624,0.42884457,0.4209159,0.4178849,0.42059702,0.42624524,0.43303296,0.44100043,0.4495236,0.45723194,0.46387,0.47118968,0.47921824,0.48677373,0.49341312,0.49840373,0.502003,0.50210947,0.50072765,0.49562424,0.48844874,0.47901934,0.46858966,0.45692655,0.4477099,0.43956983,0.43446314,0.43072116,0.42850375,0.42579776,0.42366225,0.42170358,0.42081988,0.4202295,0.41987997,0.42079467,0.4232676,0.42507377,0.42781714,0.43022096,0.43161988,0.4333714,0.43486944,0.4354955,0.43607026,0.43625385,0.4378709,0.44000864,0.4425657,0.44520694,0.44812977,0.45113575,0.4547184,0.4575363,0.46076185,0.46302372,0.4644293,0.46230215,0.4585186,0.45056084,0.44001192,0.4257873,0.41305217,0.4000313,0.3890053,0.37923345,0.3752071,0.37423545,0.37493044,0.3734411,0.3714152,0.3696612,0.37051868,0.37127596,0.3735105,0.37555856,0.3771627,0.3782541,0.3809211,0.38352695,0.3859195,0.38719893,0.38985038,0.39116514,0.3922115,0.39184546,0.390796,0.38678038,0.3823476,0.37566003,0.368702,0.36115766,0.35432622,0.3446222,0.33555895,0.32639015,0.317882,0.30920345,0.3050116,0.29736745,0.291831,0.28789794,0.28478873,0.28294492,0.28329486,0.2834475,23.09375,6.87770314888959,97.48767666524981,93.57598509653377,74.66372809011249,26.068928379106083,353.5
55,68,0.92469424,0.92475593,0.9244054,0.92394257,0.9244396,0.92436844,0.92546064,0.9281329,0.9287121,0.930316,0.9318482,0.9335656,0.9351989,0.9368512,0.9379772,0.9394486,0.9408067,0.94240105,0.94278735,0.9433314,0.9441182,0.9446026,0.9444355,0.9434965,0.94072115,0.9354949,0.92786765,0.91927886,0.9101321,0.90045184,0.890746,0.8818505,0.8747041,0.8670573,0.8598696,0.85428745,0.8516704,0.85109663,0.85171866,0.8547424,0.8593383,0.8648221,0.87017703,0.8747073,0.87875575,0.88132614,0.8836355,0.88485795,0.8859627,0.88684136,0.8877568,0.8888423,0.8904525,0.8922781,0.89371955,0.89430606,0.89433765,0.8927311,0.89073515,0.8874793,0.8829509,0.8768281,0.86971974,0.8612958,0.85255384,0.84247124,0.8347419,0.8280976,0.822904,0.81576407,0.80773485,0.79573077,0.78079647,0.76011467,0.73802185,0.71328455,0.68928635,0.66670704,0.6484393,0.6333009,0.62441325,0.61794174,0.61541927,0.6126366,0.6120498,0.611671,0.6137477,0.61531687,0.6184781,0.62123364,0.62457156,0.62813455,0.6317341,0.6353826,0.6393951,0.6414517,0.6441648,0.6459367,0.6495381,0.6514697,0.6533694,0.65423816,0.656975,0.6584956,0.6595054,0.6627251,0.6658092,0.6700442,0.6752959,0.6806762,0.6859317,0.6909491,0.6962799,0.6999576,0.70333904,0.7064142,0.7100643,0.71381485,0.7159567,0.7164372,0.7145885,0.71180093,0.7075538,0.7011652,0.6924945,0.6803334,0.6715521,0.66521454,0.6623014,0.6593462,0.65702385,0.6538816,0.65019655,0.6471708,0.64440566,0.64168906,0.6410144,0.6411789,0.64236236,0.6424068,0.64255434,0.6431313,0.6447205,0.6468476,0.649588,0.6524552,0.6547228,0.6568506,0.6584175,0.66070175,0.66383433,0.6663246,0.670058,0.6737374,0.67525744,0.67487997,0.6722905,0.6655253,0.6551684,0.64273167,0.6224148,0.5925024,0.55904883,0.5204903,0.4872734,0.4588018,0.43876022,0.42359883,0.41448528,0.41152292,0.4132194,0.41825962,0.42583883,0.43346086,0.44093686,0.44821188,0.45621586,0.46382117,0.47216955,0.4792829,0.48608842,0.49161652,0.49531782,0.49593782,0.4950539,0.49020004,0.48383573,0.47472245,0.46451086,0.4534857,0.44358644,0.4355963,0.43100852,0.4269959,0.42373475,0.42087772,0.41924053,0.41739023,0.41578376,0.41529363,0.41548565,0.41627932,0.4181301,0.42083248,0.42299813,0.42572677,0.42757905,0.42918485,0.43059975,0.43184528,0.43255472,0.43261063,0.43442976,0.436507,0.4391843,0.44155404,0.44538385,0.44804472,0.4512339,0.45400375,0.4575389,0.4592437,0.46040803,0.45878994,0.45407847,0.44591677,0.4356268,0.42249432,0.40938574,0.39625502,0.38556024,0.37536734,0.3720196,0.37074304,0.3715322,0.37083173,0.3679778,0.36630568,0.36714754,0.36782187,0.3702252,0.37237692,0.37396413,0.37480164,0.3779224,0.3802514,0.38272327,0.38379765,0.38657618,0.38785177,0.38911787,0.3888645,0.38729376,0.38326868,0.3787419,0.37196898,0.3657171,0.3574618,0.3504377,0.34224215,0.3336923,0.32406646,0.3166499,0.30874333,0.30386192,0.2970649,0.2922665,0.28780967,0.28595588,0.28490913,0.28531075,0.28573525,23.25,7.055229596213206,87.81080538260696,94.45787675268059,84.03389825146844,30.038143959791775,312.0
56,58,0.9229496,0.92275065,0.92272687,0.9230836,0.9227499,0.9231992,0.9246308,0.9267303,0.92774415,0.9297501,0.93091583,0.9325625,0.9341334,0.9360553,0.93742883,0.9391888,0.94012976,0.94141877,0.9421042,0.94311076,0.9432174,0.94366753,0.943304,0.9422427,0.9391413,0.93356276,0.92582583,0.91624534,0.90690494,0.8976042,0.8876009,0.87881887,0.87073475,0.8627274,0.8552698,0.8500783,0.8470941,0.84618896,0.84769714,0.85077524,0.8554678,0.861223,0.86595345,0.8709495,0.87428796,0.87732184,0.8796368,0.88128734,0.8822074,0.882949,0.88340414,0.88464177,0.8864255,0.8880459,0.8896675,0.8900219,0.8902755,0.8889591,0.88713384,0.8833825,0.87915653,0.87247086,0.8654744,0.85696495,0.8479693,0.83806986,0.8300941,0.82316804,0.8179869,0.8108252,0.8027512,0.790303,0.77511966,0.75461316,0.73195857,0.70659846,0.6818934,0.65838075,0.6409811,0.62593794,0.6170441,0.61092657,0.60764647,0.60553336,0.6045648,0.6045612,0.60554445,0.6071223,0.61045444,0.61225307,0.61601114,0.61947465,0.62328404,0.6274475,0.63020897,0.6326382,0.636065,0.63782847,0.6399331,0.6423754,0.64410484,0.6453695,0.64789325,0.6495373,0.6505959,0.65263104,0.6572553,0.6609313,0.66604966,0.67127264,0.6767504,0.6821238,0.68689847,0.6914436,0.69368863,0.6968695,0.7013227,0.70448095,0.70660734,0.7062798,0.7052109,0.702251,0.6977492,0.6912394,0.6812674,0.67030066,0.6608431,0.6541235,0.6513378,0.6488616,0.6465374,0.6424188,0.63901764,0.63637745,0.63276625,0.6312703,0.6306746,0.63015294,0.6311906,0.6310173,0.6313834,0.6323354,0.6339947,0.63559514,0.6389053,0.6414727,0.6445602,0.6461599,0.64771193,0.65031207,0.653329,0.65565544,0.6596819,0.66295135,0.66428924,0.6643108,0.66242903,0.65560627,0.64528656,0.6317775,0.61210054,0.5824348,0.54812384,0.50886387,0.47490838,0.44715723,0.42661917,0.41015613,0.40129012,0.39806834,0.40061218,0.40590054,0.41251224,0.4206177,0.42813474,0.4352536,0.4426163,0.45075285,0.4581596,0.46584564,0.47268647,0.4785153,0.4818014,0.4827958,0.48173264,0.47732595,0.4703154,0.46106723,0.45063537,0.43936893,0.42993885,0.4215654,0.41682488,0.41268212,0.4099257,0.40771848,0.40572202,0.40354383,0.4023957,0.40210778,0.4018411,0.40300375,0.40462464,0.40696925,0.40932965,0.41167563,0.41319853,0.41442785,0.4161181,0.41688806,0.41773525,0.41797304,0.41987175,0.42199263,0.42466265,0.4276872,0.4308246,0.43330592,0.43636218,0.43986535,0.44291863,0.4452821,0.44664168,0.44469225,0.44010597,0.43218035,0.42152685,0.40818685,0.39502418,0.3819579,0.3711336,0.3616205,0.35800067,0.3565752,0.35757715,0.3561449,0.3541753,0.35181707,0.35242105,0.35323176,0.35531163,0.35724136,0.35849285,0.36000973,0.3627555,0.3649204,0.3669997,0.36826542,0.37157977,0.37287942,0.37419605,0.37315908,0.37171757,0.36815366,0.36403453,0.35754785,0.35090178,0.3436255,0.33621347,0.32788748,0.31989425,0.31098226,0.3023081,0.29420912,0.2896746,0.28321207,0.27754483,0.27383485,0.27135268,0.2697335,0.2706471,0.27033457,23.34375,7.236983066268386,105.79454556735979,61.251475202869024,77.66699787151012,28.050170525937894,391.5
57,65,0.9242227,0.92387724,0.9232962,0.92371845,0.9237392,0.9240078,0.9241897,0.9266597,0.9267678,0.92836386,0.9299662,0.9316853,0.93306285,0.9348693,0.9357326,0.9376963,0.93890923,0.9401685,0.94082236,0.9416319,0.9415643,0.9420448,0.9417549,0.9411298,0.93820035,0.9328902,0.9256406,0.9169416,0.9083374,0.89857787,0.8898114,0.880864,0.87331617,0.8656224,0.8587109,0.852912,0.8503948,0.8494674,0.85022557,0.85318255,0.8572154,0.8627635,0.868001,0.8725588,0.8764492,0.8787769,0.8810181,0.8826045,0.8836519,0.88425887,0.8851111,0.8863287,0.8880024,0.8899124,0.89090186,0.891904,0.89199615,0.8910824,0.8888576,0.8857292,0.8814717,0.8753917,0.8683244,0.860222,0.8518682,0.8425581,0.8344742,0.8275252,0.822565,0.8158997,0.8081126,0.79686755,0.78303206,0.7639538,0.7421028,0.71783066,0.69402444,0.6710492,0.6530422,0.63815844,0.62936616,0.62287045,0.62014484,0.61832756,0.61761606,0.617197,0.6187298,0.62129074,0.6237786,0.62679243,0.6305462,0.63378966,0.63710225,0.64161974,0.644499,0.6468538,0.649948,0.6521542,0.6542523,0.6563928,0.6584604,0.6597235,0.6611973,0.66288996,0.6648474,0.6664836,0.6704833,0.673999,0.67955875,0.6855302,0.6902016,0.69460344,0.6997427,0.7038558,0.7072846,0.71059376,0.7141239,0.71742266,0.7194679,0.72026616,0.71878123,0.71631366,0.71247447,0.7059512,0.6970983,0.6858262,0.6768875,0.67025137,0.66739917,0.66439193,0.66196454,0.6588532,0.65542495,0.65229666,0.6495988,0.6469854,0.6464001,0.64606744,0.64694285,0.64724886,0.647251,0.6477573,0.6497155,0.65159607,0.6548344,0.656996,0.6599983,0.66181177,0.6640035,0.6663189,0.6685201,0.6713729,0.6752601,0.67882985,0.68078685,0.68062854,0.678419,0.67230046,0.6627981,0.6500617,0.63174236,0.60325485,0.569901,0.5305971,0.49764898,0.47008562,0.44942278,0.434375,0.42578998,0.42260933,0.42471325,0.4301501,0.43765277,0.4456018,0.45344496,0.46062237,0.4686771,0.47586995,0.48384938,0.49250874,0.49873438,0.5036771,0.50752664,0.507288,0.5059241,0.5010527,0.49416512,0.4841863,0.47404623,0.46273708,0.45318592,0.44440997,0.43873242,0.4347027,0.4314189,0.42864573,0.42641,0.42459726,0.42286167,0.4225394,0.42256573,0.42400908,0.42531157,0.42835,0.43096656,0.4333639,0.43519372,0.43715262,0.4394223,0.4408471,0.44155508,0.44303364,0.4444169,0.44686157,0.4496824,0.45200777,0.45541435,0.45841044,0.46159956,0.46465868,0.46758264,0.46931195,0.47097856,0.46924984,0.4655234,0.45683554,0.44563007,0.432663,0.41866803,0.4057761,0.39515716,0.38492954,0.38113496,0.37939024,0.38057518,0.37905955,0.37655836,0.37512204,0.3749954,0.37641102,0.37841177,0.37999052,0.382209,0.38307685,0.3857543,0.38838553,0.39073378,0.3925231,0.39514542,0.39671308,0.39804965,0.3980239,0.39631414,0.3930481,0.38767463,0.3810256,0.3742307,0.36651576,0.3592083,0.35071573,0.34142578,0.3319161,0.32324928,0.31489193,0.31071693,0.30340582,0.2971592,0.29281572,0.29065078,0.28897643,0.28994036,0.28986752,21.15625,6.4551158301158384,83.76996933191687,77.46932730313877,79.63295239290284,28.772661999641002,366.5
58,68,0.9342965,0.9340277,0.9335493,0.934134,0.93396133,0.9346665,0.9355944,0.9381605,0.9391918,0.94054896,0.9419309,0.9435821,0.945278,0.9470118,0.94834393,0.9502326,0.95144105,0.9525857,0.95340794,0.95432055,0.9545615,0.9549587,0.95441574,0.9533932,0.95061564,0.9444299,0.93636996,0.9266658,0.91683143,0.90676695,0.8973143,0.887836,0.8798033,0.87146914,0.8643409,0.85832894,0.8550968,0.8543619,0.8554063,0.8585881,0.8635428,0.86970073,0.8751955,0.8797791,0.8837161,0.88687986,0.8895137,0.8911247,0.8921956,0.8928756,0.89382505,0.8948035,0.8968361,0.898046,0.9000888,0.90103024,0.90074384,0.8999243,0.897665,0.89408857,0.88939047,0.88271326,0.8759441,0.8663422,0.8575475,0.8473781,0.838771,0.8312663,0.8251989,0.8171085,0.80865765,0.79638153,0.78045285,0.75970775,0.737409,0.7106923,0.68546045,0.66144216,0.6431118,0.6288155,0.6197591,0.61470354,0.61232424,0.6104874,0.61054915,0.61038405,0.61246955,0.61493677,0.6175474,0.6203372,0.6239176,0.6280375,0.6318367,0.6352338,0.63912463,0.64210534,0.64477915,0.6465305,0.6496761,0.65175307,0.65386343,0.6547086,0.6563036,0.65850294,0.6607857,0.66305566,0.66682714,0.67081225,0.67607546,0.68191624,0.68724597,0.69221914,0.69790673,0.7017529,0.7053274,0.7083265,0.711825,0.7155175,0.7175938,0.7182275,0.71644306,0.7136886,0.7089889,0.7018608,0.6918361,0.6801338,0.67085916,0.6640538,0.66169643,0.65863776,0.6558915,0.65190244,0.64892435,0.6450285,0.6421977,0.63985896,0.6392161,0.6393432,0.64058995,0.640612,0.6412085,0.641567,0.6429226,0.6455295,0.64828026,0.65124035,0.65376574,0.6558695,0.6577945,0.66017914,0.6627499,0.6659695,0.67021817,0.6734421,0.6752877,0.67535734,0.67307544,0.6661119,0.65614015,0.6428447,0.622686,0.5929121,0.55781186,0.5189947,0.48656,0.45976758,0.44004273,0.4264431,0.41945863,0.4175654,0.4202369,0.42663312,0.4340894,0.44213265,0.4490992,0.45693895,0.46439183,0.4710837,0.4784239,0.48597088,0.49267685,0.49698764,0.49938205,0.49902552,0.4963988,0.4913137,0.48289123,0.4726643,0.46132788,0.44906446,0.43914765,0.4303019,0.42506075,0.4214642,0.41810483,0.41539443,0.41334134,0.41181442,0.41087055,0.41024733,0.4099387,0.41087785,0.41272825,0.41551375,0.41812795,0.42031693,0.42224053,0.42396116,0.4254043,0.42577642,0.42608416,0.42645842,0.4288243,0.43045712,0.43320653,0.4358135,0.4392594,0.442404,0.44558293,0.44849873,0.45205098,0.4545948,0.45562866,0.45363313,0.44934523,0.4403109,0.42965204,0.415569,0.40245932,0.38942605,0.3787281,0.36905873,0.36539918,0.36393368,0.3647321,0.36402327,0.36174792,0.35951915,0.3602925,0.3617545,0.36368373,0.36558175,0.36738768,0.36878967,0.37182873,0.37424162,0.37632817,0.37758347,0.3805771,0.38251585,0.3839658,0.38310704,0.38244346,0.37940907,0.37472916,0.36877,0.361939,0.35418835,0.34684968,0.33801207,0.32965493,0.32060668,0.3125382,0.30440664,0.30012676,0.29287505,0.28756225,0.28341213,0.28005856,0.278303,0.27786317,0.2775481,23.03125,7.5235483274284585,84.61939324921295,100.23267978816239,81.36792312744234,27.875157063363854,303.5
59,69,0.941383,0.94084644,0.9406487,0.94136196,0.9415463,0.9420458,0.94299674,0.94553936,0.9457488,0.94753534,0.94925034,0.9508923,0.9520132,0.9532919,0.9549786,0.95618355,0.9581106,0.959161,0.9602819,0.9606987,0.96089274,0.96125215,0.9606037,0.9598291,0.95690376,0.9511144,0.94318175,0.93381906,0.92457974,0.9149332,0.9051186,0.89632463,0.88848066,0.8804295,0.8731322,0.86737055,0.864401,0.86337334,0.8646747,0.8676164,0.8718225,0.87746334,0.8832252,0.8876276,0.8914094,0.8944812,0.896698,0.8982773,0.89944994,0.9001794,0.9004785,0.9021064,0.90407205,0.9055512,0.9072331,0.9080831,0.90790606,0.9069547,0.90485704,0.90150857,0.8967556,0.8904844,0.8834022,0.8741673,0.8654636,0.8554498,0.84685636,0.83958423,0.834132,0.82710123,0.818519,0.8062029,0.79109776,0.77096283,0.74802923,0.72260666,0.6991327,0.67534524,0.6579718,0.6437654,0.6359269,0.62994033,0.6284051,0.62578803,0.6262627,0.62556183,0.6278857,0.6297798,0.6334145,0.6360171,0.6396334,0.64338744,0.64710486,0.6512805,0.6541503,0.656247,0.65966886,0.66159,0.66424984,0.66681635,0.6688466,0.6692636,0.67282,0.67391676,0.67531663,0.6776074,0.6821673,0.68576795,0.69090784,0.69610643,0.7015506,0.7061008,0.71121264,0.7138207,0.71678686,0.71984977,0.7236093,0.7268074,0.7290672,0.7295648,0.72722775,0.725512,0.72012514,0.7124934,0.7043731,0.69235414,0.6827952,0.6765269,0.6729363,0.67091167,0.6681365,0.6642746,0.660603,0.65746146,0.6542212,0.6522112,0.6511514,0.65180135,0.65237087,0.6526811,0.6529363,0.6533297,0.65461886,0.65680003,0.6596148,0.6622386,0.66561085,0.66726416,0.66876054,0.6704662,0.6731611,0.67672163,0.67942476,0.6835256,0.68510735,0.68515015,0.68263054,0.67579305,0.6668184,0.65440977,0.63429403,0.60460424,0.5713038,0.53236204,0.49973106,0.4719351,0.45262957,0.43818617,0.43048325,0.4280283,0.43112776,0.4374476,0.44510037,0.4528374,0.4606307,0.46817482,0.4757267,0.48300934,0.4909168,0.49887532,0.5055369,0.51003027,0.5127764,0.51236665,0.5110569,0.504753,0.49689853,0.48661852,0.4758159,0.46349588,0.45332664,0.44477996,0.43931684,0.43508163,0.43211013,0.42931765,0.4275953,0.4257037,0.42417568,0.42359173,0.42378145,0.4251828,0.42716286,0.42988953,0.43240517,0.4346614,0.43682098,0.43854874,0.4401307,0.44106564,0.4415494,0.4419437,0.4435025,0.44573203,0.4481666,0.4506152,0.45441973,0.45743072,0.46081173,0.4636187,0.4668035,0.46928164,0.4701947,0.46828508,0.46348932,0.4550841,0.44412407,0.43054906,0.41745943,0.40353918,0.3932048,0.38227713,0.3790151,0.3769822,0.37755138,0.37657803,0.374094,0.372083,0.37194505,0.37367105,0.37621543,0.3784688,0.37967804,0.38096255,0.38353753,0.38598296,0.38813502,0.38998705,0.39230275,0.39429325,0.3961627,0.39581975,0.394302,0.39097214,0.38648868,0.37957188,0.37289226,0.3648442,0.35773504,0.34949008,0.3413083,0.3309781,0.32321584,0.31489527,0.30963874,0.30228806,0.296314,0.29203612,0.28948426,0.2880629,0.28765604,0.28743467,21.90625,6.761461399817631,92.28660035714493,92.7001196845959,86.28644507476942,29.54676000718004,360.5
60,61,0.93889916,0.9393008,0.9390405,0.93951917,0.9398389,0.9403895,0.9409306,0.9436395,0.94417614,0.94614834,0.94722044,0.94862056,0.95081395,0.9520468,0.9541378,0.95553076,0.9567829,0.95808214,0.95899045,0.95926964,0.95961416,0.9599973,0.9592613,0.95875275,0.9556544,0.9498566,0.94227314,0.9325659,0.9228524,0.9124198,0.9032466,0.8940965,0.88584375,0.8772322,0.8701628,0.8649961,0.8616913,0.8603489,0.8610715,0.86510247,0.8698884,0.8751976,0.88098776,0.8856497,0.8893006,0.8921821,0.89521587,0.8962547,0.89731336,0.8981444,0.8988749,0.8998678,0.90217483,0.90413314,0.9046992,0.9059103,0.9056035,0.90427744,0.9017772,0.8988754,0.8945792,0.8874302,0.8803673,0.87083656,0.86279047,0.85175854,0.8439733,0.8366997,0.8316326,0.824588,0.81627995,0.80422723,0.7880918,0.7683171,0.74550223,0.72078377,0.69573087,0.67127126,0.6538272,0.6390158,0.6300135,0.6245736,0.62178004,0.61947125,0.6191079,0.6188881,0.6200491,0.62218386,0.62545246,0.6274756,0.6322111,0.6350708,0.63859236,0.6417018,0.64639944,0.6486627,0.65125597,0.6540398,0.6562138,0.65818626,0.6607023,0.6614071,0.66349816,0.664958,0.6673299,0.6693666,0.67360306,0.677357,0.682726,0.68832916,0.6932198,0.6985615,0.70463866,0.70867777,0.7110925,0.71448505,0.71918416,0.722144,0.724833,0.7251706,0.7228252,0.7202736,0.7164968,0.70939934,0.6998764,0.6878383,0.6787204,0.67206293,0.6697941,0.66611654,0.66400564,0.65998447,0.65680957,0.653561,0.6505115,0.6480992,0.64773226,0.6481902,0.64860773,0.64882624,0.6496121,0.6493418,0.651742,0.65394616,0.65622216,0.6591199,0.6618634,0.66436976,0.6654122,0.66738176,0.6699435,0.6734221,0.67674047,0.68034244,0.6824158,0.68230957,0.6803796,0.673406,0.6639456,0.6508839,0.63042027,0.60037047,0.5665562,0.5274099,0.49382472,0.46562707,0.44597185,0.43111002,0.42326003,0.41971308,0.42242694,0.4276803,0.43531215,0.44254074,0.45106983,0.45810765,0.46557504,0.47326726,0.4810211,0.48925763,0.49572048,0.5011168,0.50369406,0.5048379,0.50311875,0.49789643,0.49072278,0.48037574,0.4701307,0.45872682,0.44860864,0.44040096,0.4347582,0.43071848,0.4273861,0.42526683,0.42275319,0.42144156,0.42031747,0.41908407,0.4187752,0.420164,0.42221922,0.42421088,0.42735708,0.4292101,0.4309984,0.4330781,0.43427825,0.43497747,0.43625146,0.4363715,0.43832552,0.44052568,0.44263893,0.44508323,0.44868934,0.45181385,0.4551198,0.4584145,0.46126795,0.4639318,0.46526784,0.4629739,0.45896068,0.4502415,0.43958336,0.42567605,0.4122819,0.39884704,0.38799638,0.37797213,0.37417644,0.37304512,0.37379888,0.37310627,0.37046397,0.36848533,0.36859763,0.36991936,0.3725896,0.3736368,0.37547186,0.37737527,0.37967628,0.38290283,0.3847651,0.3862099,0.38895243,0.39094082,0.39210492,0.39187562,0.39088106,0.38803256,0.38336605,0.3771485,0.37053388,0.36316472,0.3559313,0.34743276,0.33897245,0.32972547,0.3204963,0.3121493,0.30792925,0.30162942,0.29537612,0.29171458,0.28915212,0.28742403,0.2865772,0.2865917,22.46875,6.805665633846838,91.62054549074259,93.7767858494995,78.77871552765062,29.053132292227602,248.0
61,58,0.9390632,0.93865293,0.9380084,0.9383339,0.9388727,0.9393975,0.9396925,0.942195,0.94298995,0.9444933,0.9460725,0.94743484,0.94865674,0.95062816,0.95194376,0.95383644,0.95457435,0.95617855,0.95725113,0.95739806,0.95800865,0.95833766,0.9578881,0.95669323,0.9539629,0.9484325,0.9407944,0.9309798,0.92196864,0.91205835,0.902598,0.89368457,0.8853385,0.8771583,0.8699509,0.8644066,0.86159205,0.86064595,0.8614761,0.8646934,0.8694785,0.87486255,0.88057935,0.8854285,0.88907516,0.89229274,0.89416873,0.895999,0.89663947,0.8973074,0.89813066,0.8994994,0.90113366,0.9028628,0.90458924,0.9050392,0.90497375,0.9042597,0.9018991,0.8987964,0.8938473,0.88762885,0.88054395,0.8719717,0.86336255,0.85348785,0.8452177,0.83804065,0.8325829,0.82628167,0.8176402,0.80538404,0.79035366,0.7696134,0.747849,0.7231612,0.6992701,0.67631483,0.6589899,0.64424217,0.63506687,0.62879354,0.626446,0.6240269,0.6235009,0.6233063,0.6247989,0.6272769,0.6297308,0.6324255,0.63579345,0.6396178,0.64340115,0.6473757,0.65051687,0.6529881,0.6558858,0.6579392,0.6610875,0.6633958,0.66577107,0.6661751,0.6689117,0.67027134,0.67199814,0.6744429,0.67862904,0.6815108,0.68728495,0.6928965,0.69780195,0.70176744,0.70719707,0.71038055,0.7146641,0.717507,0.72057873,0.72390974,0.72737247,0.7271912,0.72526354,0.7225989,0.7180368,0.71068555,0.70307267,0.69011235,0.6814275,0.67512983,0.6720142,0.6696873,0.6669022,0.66328716,0.65984553,0.6567983,0.65346277,0.6508907,0.650468,0.65047085,0.6509019,0.6513932,0.6522896,0.6522277,0.65384465,0.656507,0.6586147,0.66150725,0.6639253,0.6659285,0.6679882,0.66957617,0.6724596,0.67535603,0.67868024,0.6822959,0.684317,0.68402326,0.68138933,0.6748363,0.6650553,0.65245944,0.6328304,0.60337615,0.5695677,0.53094876,0.49753127,0.46953142,0.4490828,0.43385234,0.4256888,0.42225593,0.42479485,0.43042904,0.43804732,0.44561788,0.45365417,0.46090764,0.4681542,0.47590125,0.48410812,0.49143904,0.4984718,0.50353503,0.50727886,0.50734544,0.5056942,0.5008183,0.49372634,0.48415232,0.4736814,0.46230572,0.4525437,0.44412538,0.43878195,0.43515015,0.43213654,0.4294029,0.42754525,0.42579204,0.4242331,0.4238008,0.4233508,0.42449453,0.42617488,0.42849326,0.4310195,0.4333337,0.43497315,0.43664852,0.4384644,0.43934444,0.43965882,0.44015115,0.4419642,0.44405296,0.4469145,0.44914573,0.4524001,0.45570084,0.45933324,0.46197703,0.46534058,0.4669013,0.4682547,0.46625203,0.4621663,0.45369393,0.44345078,0.43041652,0.41648322,0.40403643,0.39367646,0.3828659,0.37932605,0.377545,0.37922052,0.37783575,0.37582245,0.37379166,0.37376148,0.37561858,0.3774194,0.3788681,0.38135874,0.38223243,0.3851884,0.3871389,0.38965333,0.39090335,0.39353034,0.39541328,0.39608103,0.39613116,0.39497328,0.39070833,0.3855634,0.37853622,0.37150222,0.364071,0.3569613,0.3480141,0.339491,0.32994786,0.32153857,0.31306762,0.3081599,0.30137914,0.29638416,0.29183152,0.28962636,0.2876747,0.28778696,0.28839028,22.40625,6.928935338245723,97.30418595415294,92.0931268852587,79.59952031691566,27.850475677616227,326.5
62,67,0.93430865,0.93376434,0.9330885,0.93317664,0.9333874,0.9328685,0.9339503,0.935968,0.9371778,0.93806225,0.939439,0.94077003,0.9421643,0.9441468,0.94563043,0.9469105,0.94757533,0.9494076,0.9503136,0.950729,0.95096576,0.95089483,0.95090926,0.9502364,0.9475118,0.9415028,0.93436337,0.9261488,0.9177717,0.90901124,0.9005505,0.89173573,0.88406974,0.8760578,0.86922884,0.8640134,0.86165607,0.86109865,0.8621975,0.86521614,0.8698668,0.8756721,0.88054395,0.8846164,0.88810664,0.89101386,0.8928998,0.89469755,0.89548707,0.8958372,0.8967546,0.89776576,0.89937127,0.9009578,0.90237975,0.9035451,0.9036422,0.9024216,0.90025496,0.89694136,0.89296705,0.8871014,0.88082695,0.87268573,0.8642287,0.8547083,0.8470261,0.8399663,0.8346705,0.827815,0.8202759,0.80928826,0.7954236,0.7765447,0.7557061,0.7325516,0.7096361,0.6866447,0.6700022,0.6563608,0.6471218,0.641402,0.63883996,0.63618946,0.6357444,0.63523,0.6361376,0.6383731,0.6403153,0.64216435,0.64599705,0.6488721,0.652139,0.6556406,0.6591527,0.66121626,0.6639056,0.6655624,0.6686727,0.6711401,0.67308354,0.674338,0.67633057,0.67743695,0.6795305,0.68185157,0.6858623,0.6886509,0.6939381,0.69959503,0.7042298,0.7085852,0.71383214,0.71636844,0.7206277,0.7236268,0.72690296,0.7292361,0.7316406,0.7316499,0.72973174,0.72629577,0.7208561,0.714463,0.70540845,0.69420123,0.6850202,0.67863667,0.6755487,0.673077,0.67012966,0.66667014,0.66319287,0.66027814,0.6578441,0.6554578,0.6549777,0.6556368,0.6563623,0.65682626,0.65764755,0.6583872,0.65929556,0.66162014,0.664628,0.6670825,0.66962653,0.67172354,0.6725813,0.6747993,0.6773332,0.6799515,0.6838704,0.6871029,0.6887252,0.6883372,0.6867436,0.68035567,0.67035073,0.6583522,0.64023316,0.61171585,0.5798831,0.5421022,0.5098054,0.4820565,0.4619643,0.4464876,0.43806973,0.4346909,0.4366218,0.4422246,0.4485652,0.4559631,0.46301636,0.46960002,0.47640336,0.48356652,0.4903461,0.49795303,0.5044873,0.5094916,0.5129753,0.5136014,0.51233083,0.50774,0.50035733,0.49105754,0.48072922,0.46967885,0.45990795,0.45176655,0.4473586,0.4442788,0.4420218,0.439845,0.43836468,0.43648812,0.4358595,0.4346814,0.4350501,0.4353125,0.43758905,0.43960708,0.44204602,0.44339865,0.44474593,0.4461791,0.4468384,0.4469762,0.44735688,0.4469571,0.44798005,0.44965205,0.4516022,0.45392096,0.45726752,0.4595931,0.46278077,0.46629906,0.4697532,0.47236612,0.47254452,0.47096825,0.4667849,0.45861885,0.44837692,0.43574107,0.4221931,0.41007912,0.40017033,0.389822,0.3862093,0.38468236,0.38503182,0.38429505,0.38193834,0.3805027,0.38189292,0.38352823,0.3853681,0.38720897,0.38906407,0.38997114,0.39249116,0.394844,0.39771062,0.3985613,0.4016627,0.40356743,0.40461245,0.40459305,0.4033944,0.40045133,0.39553922,0.3891847,0.38220716,0.37479973,0.36732185,0.35910666,0.35101375,0.34101215,0.333412,0.32496545,0.3206898,0.31367233,0.30866823,0.30481762,0.30311224,0.30101174,0.3022716,0.30324185,25.875,6.218164542027685,97.20701722833832,81.04478119439193,85.4161458434025,26.876682821755516,277.0
63,68,0.9229295,0.92254615,0.9215001,0.92217386,0.92242897,0.9228372,0.92307466,0.9254904,0.92699134,0.9288153,0.9296923,0.9311937,0.9332496,0.9344672,0.9362481,0.9375485,0.93874884,0.9403177,0.94108564,0.9418658,0.94227266,0.94248575,0.9421178,0.94164324,0.9385299,0.933072,0.92563456,0.9163909,0.90677154,0.8964026,0.8870783,0.87769246,0.8698996,0.8616594,0.85481334,0.84872895,0.84588325,0.844867,0.8459971,0.8490693,0.8532541,0.85932297,0.86492467,0.869553,0.8733357,0.87623596,0.87830484,0.87974125,0.88114405,0.8821558,0.8829296,0.88420236,0.8856617,0.8875041,0.88918304,0.8897859,0.8903488,0.88881636,0.8868233,0.88341373,0.8793134,0.8729675,0.8654915,0.85686135,0.8480442,0.83828634,0.82974327,0.8223667,0.81696874,0.8097866,0.8010735,0.7896708,0.7743292,0.75391036,0.7310048,0.7057308,0.68181807,0.65841645,0.64062166,0.6253354,0.6163842,0.6100956,0.60725296,0.604651,0.6044445,0.6041678,0.6053103,0.6079737,0.6104367,0.6136474,0.6169749,0.62091696,0.6245971,0.62783515,0.6319063,0.6341886,0.6370406,0.63921696,0.64199525,0.64446723,0.6451502,0.6479762,0.6484426,0.65040314,0.6521423,0.6548331,0.65781343,0.66248685,0.6674628,0.67248905,0.6778535,0.682473,0.68756497,0.6911851,0.6944558,0.69846284,0.7025349,0.7055273,0.7080964,0.7089888,0.7069622,0.7041167,0.6997278,0.6932648,0.6848817,0.6731422,0.66330427,0.65694106,0.6538104,0.65111524,0.6490413,0.64551604,0.6425549,0.63875747,0.6363536,0.6337395,0.6329616,0.6329438,0.6330269,0.63383967,0.6340772,0.63465935,0.63628554,0.6378602,0.64067775,0.6435729,0.6465556,0.64882296,0.6506758,0.6526856,0.6552414,0.6577234,0.6616691,0.6653751,0.66702473,0.66671944,0.6643878,0.6579212,0.64855283,0.6349251,0.61556727,0.58576727,0.55199325,0.51351726,0.47948462,0.45127517,0.43140304,0.41622382,0.40785515,0.40514895,0.40703475,0.41277653,0.42022955,0.4274928,0.4354838,0.4430223,0.45113313,0.45835528,0.46657866,0.474284,0.48131394,0.48667276,0.4900617,0.49069196,0.48941377,0.48416853,0.4770611,0.4678591,0.45707244,0.44630718,0.43668997,0.42802536,0.4226151,0.41873384,0.41580835,0.41271386,0.4107371,0.40861198,0.40722328,0.40678304,0.40668887,0.40799752,0.40966758,0.4118408,0.4149236,0.41733977,0.4191262,0.4212996,0.4230246,0.42418733,0.42517668,0.42578658,0.42749098,0.42991555,0.43234804,0.43516156,0.43928754,0.44221616,0.44593346,0.4490543,0.45186052,0.45389867,0.45481402,0.45339715,0.44898608,0.4408023,0.43028295,0.41618234,0.4036913,0.39027852,0.37944567,0.36893824,0.36564207,0.36444342,0.36515045,0.3637287,0.3611191,0.35912895,0.35989964,0.3606373,0.36328864,0.36552384,0.36687672,0.3675304,0.37040564,0.37277097,0.374646,0.37614298,0.37913707,0.38047582,0.38164818,0.38102227,0.37959635,0.37567437,0.3709333,0.3643936,0.35748398,0.3498655,0.3427841,0.33366603,0.32540983,0.31607252,0.30829173,0.29982963,0.29565275,0.28835386,0.28348702,0.2790281,0.27645713,0.27492756,0.27528015,0.27537018,21.0,7.583992094861658,89.05128405929142,80.83783883188057,79.69272462331085,25.788458086519473,388.0
64,57,0.9164425,0.9162469,0.91563743,0.91640127,0.9165533,0.9169626,0.91709554,0.9202693,0.9208807,0.9227543,0.92398775,0.9253849,0.926672,0.92803323,0.9298246,0.93119603,0.93265045,0.9336542,0.9343388,0.9349714,0.9352776,0.9359156,0.93556106,0.93470657,0.93183243,0.9267007,0.920027,0.9115639,0.90310764,0.894211,0.8857273,0.8765148,0.8694297,0.8617352,0.8550873,0.8493798,0.8465868,0.84570265,0.8468089,0.85009456,0.85432416,0.85995275,0.8653973,0.8695413,0.87284815,0.876148,0.878338,0.87975585,0.8806658,0.8811127,0.88191426,0.8830911,0.88486016,0.88647854,0.88773465,0.8884512,0.8886931,0.88767636,0.88573843,0.8822799,0.878386,0.87227917,0.865714,0.8576399,0.8492801,0.8397392,0.8321772,0.8252646,0.8200628,0.8134,0.8054441,0.79419726,0.77933747,0.7602762,0.73880756,0.71499515,0.691952,0.6695951,0.65253,0.6384926,0.6297804,0.6240754,0.6211128,0.61876667,0.61843926,0.6183004,0.619436,0.6215015,0.62438506,0.6263482,0.63002276,0.6336516,0.63630164,0.6407832,0.64337397,0.6467522,0.6492356,0.65146697,0.6537539,0.65590596,0.658622,0.6593463,0.66088116,0.66166884,0.66475356,0.6670288,0.6710209,0.67401165,0.6795596,0.6841297,0.6896527,0.69420695,0.6992697,0.7028285,0.7060046,0.7095634,0.71338874,0.71579516,0.7177161,0.719527,0.71701777,0.7136878,0.70940095,0.7028974,0.69411576,0.68275654,0.67410433,0.6676409,0.66481984,0.66257596,0.6599517,0.65591073,0.6526803,0.6496489,0.6468358,0.64448684,0.64360744,0.6436837,0.6445773,0.6454569,0.6456773,0.6461101,0.6477463,0.6499369,0.65228224,0.6551126,0.6577638,0.6594169,0.66179705,0.6630137,0.6662723,0.66865396,0.67196184,0.6758572,0.6778255,0.67726326,0.67467487,0.6683437,0.658829,0.6470017,0.62775147,0.599107,0.56593955,0.5275719,0.49494866,0.4673879,0.44720107,0.4324504,0.42422783,0.42090484,0.42273825,0.42826658,0.43510383,0.44199586,0.45048255,0.45735076,0.46476477,0.47176033,0.47950083,0.4879622,0.49426433,0.49964225,0.5034474,0.50355923,0.5021666,0.49716818,0.4909569,0.48143184,0.47110748,0.45978585,0.45035398,0.4420852,0.43759438,0.43362027,0.43085602,0.42829186,0.42669487,0.42437336,0.42402452,0.4226029,0.4225129,0.42337638,0.42551464,0.4277773,0.4302966,0.43225053,0.4331755,0.43469888,0.43668664,0.43733263,0.4373734,0.4376732,0.43950528,0.4413912,0.44365436,0.44644147,0.4499064,0.45344403,0.45656925,0.46033707,0.46285534,0.46581656,0.4664387,0.4642732,0.4602651,0.4519635,0.44120976,0.42794716,0.41457903,0.40166566,0.39174804,0.38121772,0.37808716,0.37638006,0.3775977,0.37620875,0.37345445,0.37161154,0.37150386,0.37316447,0.37527645,0.37760484,0.37973905,0.38041133,0.38396177,0.38574666,0.3879146,0.3899127,0.3923852,0.3937134,0.3949325,0.3949706,0.39371186,0.39077246,0.38528484,0.37859243,0.37177292,0.36417106,0.3565699,0.3484083,0.34023666,0.33119628,0.32239422,0.3139032,0.30909804,0.3024814,0.29710245,0.29237345,0.28965154,0.28774667,0.28730965,0.28723288,23.4375,7.2761544095492985,88.86748802951526,85.92879705089118,76.51967061819899,28.74349308921199,249.0
65,61,0.928638,0.92866856,0.92808646,0.92947865,0.9300274,0.9304911,0.9312322,0.9341341,0.934573,0.93661904,0.93795776,0.93942106,0.9408132,0.9426656,0.9442415,0.9457226,0.9465432,0.94798183,0.9489821,0.95003635,0.950173,0.9506172,0.9506613,0.94953483,0.9469737,0.9412787,0.93388844,0.9251646,0.9155604,0.9062269,0.8975277,0.8879621,0.8805954,0.8727524,0.8654846,0.85953355,0.85645926,0.85580504,0.8565992,0.8596084,0.8638469,0.8696813,0.8751279,0.8801395,0.8831111,0.8868612,0.8889588,0.8906954,0.891551,0.8919054,0.89333916,0.8948223,0.8961294,0.8979614,0.8995372,0.90044165,0.9005315,0.89966166,0.89750475,0.8938285,0.8896145,0.8832106,0.87631255,0.86726743,0.8583088,0.8486577,0.8404912,0.8334607,0.8283256,0.8204254,0.8122276,0.8001275,0.7852887,0.7657217,0.7432705,0.71679556,0.69282055,0.66910523,0.6508876,0.63652825,0.6281549,0.6223037,0.62069786,0.6186119,0.6183429,0.6192595,0.62152255,0.6244388,0.626734,0.6298938,0.6345355,0.6366797,0.6412246,0.6444665,0.64827895,0.6504363,0.65379167,0.65572107,0.65750664,0.66023135,0.6617571,0.6637143,0.6650187,0.66639555,0.6686285,0.6714568,0.6753152,0.67938435,0.6838577,0.6897185,0.69424313,0.70027673,0.70531464,0.70931166,0.7121842,0.7158197,0.71984744,0.7226096,0.72392696,0.7259171,0.7236294,0.7211249,0.716857,0.71053094,0.7000035,0.68963695,0.67881525,0.67303485,0.67006516,0.6673156,0.6651528,0.66169786,0.65824103,0.6548118,0.65181446,0.6492386,0.6486665,0.64858043,0.6487781,0.6494879,0.6498306,0.6495204,0.6518482,0.6539458,0.65669024,0.659629,0.6617603,0.6637543,0.66554403,0.6676699,0.67075586,0.67343414,0.67734534,0.6808076,0.6830661,0.68269503,0.6809063,0.6739379,0.66438806,0.6519697,0.63174564,0.6024298,0.56846094,0.5284343,0.4973219,0.469976,0.45061904,0.43682003,0.42890343,0.42719287,0.43016553,0.43729898,0.44487655,0.45284665,0.46015942,0.467844,0.47534844,0.48297948,0.49044058,0.49810916,0.5037792,0.5082677,0.51085925,0.51074696,0.50840575,0.50222766,0.493264,0.48248333,0.4719556,0.4597849,0.44901502,0.44055563,0.43471748,0.43044388,0.42723012,0.42427507,0.42180026,0.42007607,0.41823667,0.4174053,0.4176117,0.41879737,0.42107946,0.42362854,0.42700922,0.4292931,0.43141463,0.4326646,0.43473697,0.43611038,0.4366994,0.43800628,0.439435,0.4414608,0.44410402,0.44736022,0.45026383,0.45382175,0.45662153,0.46037632,0.46292454,0.464895,0.46599132,0.464433,0.45993447,0.45113456,0.43990353,0.4263351,0.41330352,0.3995163,0.38887975,0.37745965,0.37342525,0.37218022,0.37337142,0.37196973,0.36894795,0.36749077,0.36801964,0.36919847,0.37148702,0.37360683,0.37532717,0.37623167,0.37928045,0.38228756,0.38451207,0.38559017,0.38953447,0.390423,0.39183056,0.39199132,0.3905595,0.38706785,0.3820115,0.37577218,0.36946926,0.36092472,0.35344818,0.34515724,0.33585173,0.32605344,0.3174742,0.31013146,0.3053722,0.29822403,0.29273695,0.2880912,0.28558922,0.28379864,0.28268737,0.2825223,21.4375,6.779190751445093,94.83605223469905,101.33460438512863,83.28533574808921,25.472087596481778,303.0
66,62,0.9436048,0.9432823,0.94293344,0.94309044,0.94315916,0.94400185,0.94438493,0.9466077,0.9476632,0.9495727,0.95057,0.95204425,0.9539905,0.9557037,0.95656216,0.95793104,0.9594128,0.96076274,0.96176755,0.96236825,0.96282077,0.9625815,0.9625626,0.96110666,0.95781904,0.9517306,0.9438481,0.93454,0.9258084,0.91584224,0.906754,0.8970839,0.8889785,0.8808421,0.87343615,0.8672794,0.8647046,0.8642218,0.8656194,0.86872566,0.8735712,0.8793445,0.8851009,0.8900488,0.89361507,0.8970287,0.8987423,0.9003585,0.9015716,0.9020506,0.9027529,0.9039314,0.9058286,0.907591,0.9084674,0.9095134,0.90909094,0.90816194,0.9061172,0.9025616,0.89784074,0.8915736,0.8843164,0.87529206,0.86597914,0.8559904,0.84753263,0.8407237,0.83493996,0.8273803,0.8196218,0.80751204,0.7920202,0.77220935,0.7501526,0.725175,0.701958,0.6791266,0.66084313,0.64695084,0.63833535,0.63262725,0.630856,0.62874234,0.6289077,0.6281813,0.62985516,0.632179,0.63517845,0.6374585,0.6414237,0.6452311,0.6485163,0.65192187,0.65610576,0.6578957,0.66098356,0.66259193,0.6656705,0.66773045,0.66999066,0.6713925,0.6734687,0.6747858,0.67658687,0.67928696,0.6832143,0.6870101,0.6916987,0.6971406,0.70221674,0.7071428,0.71176463,0.7150331,0.7184205,0.72153425,0.7249911,0.72758865,0.7302674,0.73050034,0.7287762,0.7247945,0.72037274,0.713169,0.7038584,0.6913261,0.6825665,0.6756692,0.6730269,0.669885,0.66751426,0.66389984,0.66010904,0.6565306,0.65396076,0.6515217,0.65153515,0.65189147,0.65244627,0.6528703,0.6535423,0.65375906,0.6554378,0.6575068,0.6608137,0.6627774,0.66545343,0.66765404,0.6692753,0.6712767,0.6736978,0.67724216,0.6799613,0.6841493,0.6858237,0.685429,0.6832957,0.67627907,0.66738415,0.6547306,0.6344759,0.60446346,0.5702311,0.53098595,0.4993987,0.4721751,0.45315963,0.43934903,0.43190107,0.42919725,0.43239272,0.4383877,0.44567728,0.4527331,0.46036103,0.46750936,0.47460538,0.48170617,0.4891625,0.4968404,0.5029613,0.5077559,0.51060766,0.5106852,0.5082319,0.502861,0.49516496,0.48480052,0.47502664,0.46288943,0.4530978,0.44518846,0.4403786,0.4366079,0.43388665,0.43165123,0.42983583,0.4279185,0.4270041,0.4261573,0.42634094,0.42753208,0.42906496,0.43167686,0.43423918,0.43634498,0.43772253,0.43917072,0.44036824,0.44069892,0.44064298,0.44093943,0.44222805,0.44448504,0.44643366,0.44907027,0.4525839,0.45541102,0.45876342,0.4615818,0.4650547,0.46676996,0.46791697,0.46614912,0.46207964,0.45372027,0.44279683,0.42954618,0.41729194,0.40386933,0.39371943,0.38332582,0.38033342,0.3783743,0.37903374,0.3779908,0.37622356,0.37459165,0.37466013,0.3764859,0.37784645,0.3801629,0.38144764,0.3827615,0.38515553,0.38790065,0.39027745,0.39137447,0.3941615,0.39626145,0.39772418,0.39715654,0.3966632,0.39280796,0.3888895,0.3825143,0.37591803,0.36829492,0.36117038,0.35237944,0.34411535,0.33450478,0.3257615,0.31697646,0.31242883,0.30575407,0.29969674,0.29521322,0.29265538,0.29087862,0.29082847,0.28991097,24.1875,6.515009825682655,95.5628292547164,94.68579529553185,80.50948603498695,26.021809369951534,292.5
67,61,0.9385686,0.93852097,0.9375312,0.9377561,0.9380377,0.93850654,0.9395933,0.94155407,0.94250834,0.9442539,0.94533044,0.9468683,0.94807637,0.9504472,0.9519948,0.9536629,0.95411634,0.9560605,0.9566181,0.9571673,0.95731425,0.95754886,0.9573482,0.95658684,0.95320547,0.9478608,0.9404144,0.93120503,0.9219966,0.912452,0.9036778,0.89426374,0.8870629,0.8789834,0.8716743,0.865784,0.86289805,0.8621273,0.8624772,0.86602676,0.87050235,0.876351,0.88129795,0.88541317,0.88945794,0.8927928,0.8949574,0.8964817,0.89750105,0.8983768,0.8990748,0.900511,0.90198183,0.9041039,0.90520287,0.9059266,0.90606475,0.9048773,0.9028518,0.89954305,0.8954323,0.8882349,0.8814258,0.87276816,0.86382854,0.8539817,0.84553045,0.839165,0.8336034,0.8265165,0.81841254,0.80642605,0.79154867,0.77215874,0.75002205,0.7251877,0.7019316,0.6782466,0.6604177,0.6458647,0.63730377,0.6315189,0.6287308,0.6264962,0.62633175,0.62648976,0.6282548,0.6301929,0.6331128,0.63574046,0.639586,0.64281416,0.64618576,0.6499046,0.65411925,0.656189,0.6595998,0.6610566,0.6644517,0.6663568,0.6681707,0.66910243,0.6714113,0.6723908,0.6742494,0.67751235,0.6812266,0.68558264,0.6893398,0.6955453,0.7010505,0.70653975,0.7107334,0.71427774,0.7168529,0.72067225,0.7245952,0.7276825,0.73011494,0.73000264,0.72848904,0.7258761,0.7212111,0.714386,0.7053486,0.6939762,0.6845383,0.6781479,0.67541796,0.67263556,0.670639,0.6666416,0.66305566,0.66004103,0.65733314,0.6549356,0.6536043,0.6544522,0.65524566,0.6555566,0.6557809,0.65621275,0.6576241,0.6600994,0.66256905,0.6654356,0.6680744,0.67039835,0.6719401,0.6739882,0.6765978,0.6799542,0.6835247,0.6871639,0.6893884,0.6889628,0.6868127,0.68014693,0.6713103,0.6582407,0.6386281,0.60939634,0.57496834,0.53665864,0.5043679,0.4754146,0.45557404,0.44175386,0.43263733,0.43022817,0.4326631,0.43889302,0.44684076,0.45452574,0.46252948,0.47012132,0.4775882,0.48493597,0.49259186,0.50088966,0.5075856,0.51267755,0.51555955,0.5153558,0.5136001,0.5079832,0.50033545,0.48958576,0.47882384,0.46671927,0.45669907,0.4482719,0.44286883,0.43843228,0.43568814,0.43258896,0.43019694,0.42758894,0.427461,0.42689466,0.42663637,0.42753437,0.42975318,0.43240255,0.43565547,0.43743896,0.4394084,0.44137388,0.4427481,0.44351822,0.44451857,0.444786,0.4465698,0.4487033,0.4516077,0.4545418,0.45793605,0.461211,0.46417922,0.4675748,0.4705521,0.47308713,0.47368294,0.47200882,0.46738845,0.45852625,0.44766107,0.4333309,0.42007715,0.40676993,0.39523548,0.38497442,0.38095716,0.3796664,0.3804679,0.3799488,0.3774715,0.3758706,0.37589812,0.37708843,0.3788162,0.3806337,0.3827554,0.38361073,0.38667732,0.38933653,0.3918601,0.3934309,0.39634877,0.39723766,0.39899468,0.3986494,0.39730215,0.39390343,0.38882172,0.38171756,0.37517253,0.3666469,0.358765,0.34986073,0.3414892,0.3315673,0.3235398,0.31476563,0.30987602,0.3029054,0.29750088,0.29295677,0.28985566,0.28868127,0.28756955,0.2880667,21.96875,7.110284081638185,90.78062062826027,91.88500309136505,77.8908786898728,30.134625740441578,306.0
68,63,0.9356111,0.9358064,0.93588966,0.9361556,0.93609536,0.9358781,0.93751097,0.9398024,0.94106245,0.94217646,0.9436448,0.9444435,0.9463179,0.9480281,0.9493071,0.9502719,0.95135134,0.95271575,0.95372486,0.9546778,0.9544451,0.9547019,0.9545313,0.9529983,0.9508401,0.9449496,0.9377032,0.92873996,0.9198388,0.9104738,0.9017235,0.89297795,0.8849977,0.87730473,0.869669,0.86419237,0.86144686,0.86074555,0.8620811,0.8653654,0.8696809,0.87522,0.8801246,0.88500214,0.8880321,0.891778,0.8934254,0.8951353,0.89585817,0.8965943,0.89710695,0.8977951,0.8999448,0.90121543,0.90312797,0.9039491,0.90415394,0.9032766,0.9011278,0.8983188,0.89394855,0.8883201,0.88125896,0.8722278,0.8638849,0.85405433,0.8461292,0.83884954,0.83291155,0.82603997,0.8176364,0.8054703,0.7903317,0.77095795,0.74917257,0.7233993,0.69903463,0.6750058,0.657326,0.64296657,0.6326449,0.6263399,0.62378013,0.6215789,0.6206414,0.6205002,0.62157756,0.6235194,0.6266091,0.6286565,0.6327591,0.6352128,0.6392991,0.6432748,0.64668596,0.6487173,0.6517549,0.6547286,0.65753675,0.6591898,0.6622503,0.6636257,0.6643729,0.6662616,0.6691703,0.67069566,0.67528677,0.6780498,0.6843455,0.6899058,0.6954255,0.6995084,0.7052467,0.7089251,0.71293986,0.7153069,0.7197069,0.72282,0.72551394,0.7256886,0.72428465,0.72133446,0.71638596,0.70947057,0.7005664,0.6885724,0.67933536,0.67290175,0.6696601,0.66714144,0.6652081,0.66124773,0.65776324,0.65454686,0.65209574,0.64917624,0.6485653,0.64952874,0.6501066,0.65048647,0.65100604,0.6511383,0.6536789,0.6555734,0.658403,0.66090393,0.66323197,0.6654727,0.6667016,0.66908133,0.67170507,0.6746862,0.67862654,0.6822093,0.68412304,0.6837386,0.6823336,0.6749316,0.66537,0.65351474,0.6328736,0.6025898,0.5674622,0.528172,0.4949906,0.46680203,0.44601318,0.43100208,0.42258298,0.419756,0.42203093,0.42795402,0.43523988,0.44221824,0.45023134,0.45726153,0.4648821,0.47209227,0.47993678,0.48738027,0.4940843,0.49920762,0.50241065,0.5030723,0.5017282,0.4956389,0.4879921,0.4782315,0.4679693,0.45579618,0.44567987,0.4374454,0.43219706,0.4284771,0.42553395,0.42301363,0.42120454,0.41952634,0.4177577,0.41693264,0.4166841,0.41756633,0.42000192,0.42278385,0.42468435,0.4271094,0.42866206,0.42989123,0.43137932,0.43228847,0.43253535,0.4329911,0.43477544,0.43702978,0.4387266,0.44145727,0.44473386,0.44770437,0.4516114,0.45465273,0.4576205,0.46010834,0.46135956,0.4601071,0.45562232,0.446617,0.43616545,0.42250094,0.40931907,0.3959968,0.3852182,0.37482852,0.37153095,0.37037927,0.37104857,0.3702377,0.36752963,0.3651691,0.3657773,0.36664897,0.368815,0.37051067,0.37267482,0.37322313,0.37598923,0.37882555,0.3803767,0.382805,0.38565022,0.38715625,0.38864577,0.3889559,0.38795656,0.38483697,0.3798589,0.3736924,0.3673265,0.35946727,0.35194963,0.3434915,0.33483893,0.3249545,0.31633618,0.30779397,0.3029241,0.2965009,0.29062682,0.28694835,0.28441387,0.28191024,0.28160787,0.282224,23.84375,6.681578716273863,95.63811133913617,90.70307699836337,78.13623321597126,29.522078621432424,235.0
69,57,0.934355,0.9334301,0.93370914,0.9338101,0.93415827,0.934498,0.93566144,0.93783796,0.93917656,0.9402402,0.94145405,0.94327104,0.9444733,0.9461304,0.94731367,0.94909316,0.9505722,0.9514643,0.95252156,0.95296407,0.9539422,0.9540604,0.9539279,0.952602,0.95086634,0.94547665,0.9380013,0.9291774,0.9203161,0.91052806,0.9017093,0.89209396,0.88472545,0.8766061,0.8696287,0.8642379,0.8612788,0.860709,0.86125,0.86427116,0.8687515,0.8744424,0.87891555,0.88408244,0.8879075,0.8905739,0.8927846,0.8942902,0.8954959,0.8958357,0.8967933,0.8982417,0.9000043,0.9019178,0.9028293,0.90384454,0.90389395,0.90311813,0.9011502,0.89750946,0.89307714,0.88699263,0.88014513,0.8718794,0.86389786,0.8539876,0.8460789,0.83888334,0.8337401,0.82719374,0.81912816,0.80710167,0.7928369,0.7736626,0.7517613,0.7271975,0.7036401,0.67962956,0.66217685,0.6470132,0.63805294,0.6312839,0.62823725,0.62611353,0.6261634,0.62555814,0.6272165,0.62902945,0.6320309,0.63576365,0.638533,0.6423606,0.6461271,0.6496072,0.6529702,0.6557572,0.65871537,0.6604232,0.66358936,0.665094,0.66728926,0.66855204,0.6705546,0.6710267,0.67328715,0.67635643,0.67967355,0.68376935,0.68855476,0.6939193,0.6991585,0.70471215,0.7095634,0.7135387,0.7168739,0.7200487,0.72409123,0.72711086,0.7292819,0.730314,0.7286446,0.72549176,0.72161657,0.7147828,0.7064445,0.69500625,0.6854093,0.6789374,0.67570394,0.67320913,0.6706134,0.6671628,0.66383857,0.6609342,0.6581054,0.6557243,0.65452456,0.65505797,0.655397,0.6560387,0.6562606,0.65642494,0.6582414,0.6611011,0.6637499,0.66593856,0.66900134,0.67100626,0.673187,0.67486787,0.6776706,0.68086827,0.6846537,0.68779373,0.69039416,0.68975425,0.6879301,0.6811756,0.67221755,0.65969956,0.64031565,0.61131907,0.5772659,0.53823316,0.5048229,0.4764618,0.45520723,0.4393675,0.43083414,0.42746133,0.43021855,0.4363835,0.444008,0.4518432,0.45983574,0.46797314,0.47597146,0.4836899,0.49168935,0.5000733,0.5071093,0.5124896,0.5154146,0.5156703,0.5144359,0.5091598,0.5010556,0.49134246,0.480843,0.46832234,0.45829946,0.4490051,0.44366747,0.4390875,0.43654472,0.43315637,0.43053356,0.42834413,0.4272453,0.4263468,0.4263347,0.42737186,0.42915747,0.4322318,0.43523246,0.43829858,0.44029164,0.44204035,0.4436578,0.44529283,0.4462393,0.44691858,0.44913313,0.45171797,0.4546188,0.45723426,0.46082303,0.4642924,0.4683051,0.4714041,0.4744186,0.47712278,0.47710568,0.47570726,0.47061145,0.46258232,0.45140326,0.43745935,0.4237061,0.4101564,0.39874184,0.38832074,0.38519925,0.38330323,0.38395643,0.3827815,0.37981397,0.37820286,0.3782466,0.3797603,0.38131672,0.38351333,0.3859468,0.3858834,0.38847676,0.3925429,0.3940463,0.39547423,0.39818126,0.3995092,0.4014566,0.40125224,0.39996594,0.39584887,0.39156854,0.38471177,0.37849915,0.3703956,0.36305252,0.3539294,0.3444699,0.33577967,0.326428,0.31801343,0.3128268,0.30583036,0.2997095,0.29571733,0.29281908,0.29141986,0.29031268,0.29046163,20.15625,6.588373295574823,94.4963841943346,92.8699139000673,79.53597341861818,27.296266379465088,307.5
70,64,0.9304875,0.92950225,0.9285745,0.92879677,0.928936,0.92915356,0.929473,0.93199795,0.9327971,0.9342674,0.9355359,0.93726563,0.9387466,0.93990666,0.9415357,0.9431863,0.944502,0.9455315,0.9463512,0.94738007,0.9475126,0.9478068,0.9474975,0.94674474,0.94421923,0.93862,0.9314666,0.9222473,0.9129995,0.903901,0.8947248,0.88562256,0.87843645,0.87072074,0.8639819,0.8584639,0.855459,0.8545498,0.8559878,0.8586184,0.86335886,0.86908346,0.873821,0.8780948,0.8817185,0.88470304,0.886629,0.8884056,0.8893031,0.890242,0.89056826,0.89180815,0.8935117,0.8952933,0.8968651,0.8973871,0.89796346,0.89691484,0.8952194,0.8916464,0.88736135,0.88069713,0.87386423,0.8651062,0.8565398,0.847065,0.83957887,0.83258414,0.8272736,0.8201118,0.81227404,0.80057657,0.7853589,0.765947,0.7445874,0.7194867,0.6959161,0.6728115,0.65541315,0.64025086,0.63126564,0.625071,0.62270254,0.62038046,0.61987317,0.6196541,0.6206672,0.6229256,0.6254845,0.6280786,0.63206327,0.6353072,0.63892496,0.6420052,0.6460329,0.64788646,0.6510659,0.6528851,0.6562785,0.6581673,0.6594817,0.6616013,0.66312265,0.66495174,0.66632867,0.66873336,0.67221916,0.6762377,0.68175447,0.6872448,0.69231886,0.69717026,0.702186,0.70551896,0.70954823,0.71262956,0.7166439,0.7196932,0.7215656,0.7223226,0.7203201,0.71694064,0.7126839,0.7061523,0.69743264,0.6857753,0.6768784,0.6706182,0.6674554,0.6657332,0.6632838,0.6592344,0.6565663,0.6532042,0.6503308,0.64763105,0.64739406,0.6473644,0.64778507,0.64820886,0.64860773,0.6491716,0.650809,0.6529497,0.65545326,0.6574923,0.66112566,0.66290486,0.66479397,0.666565,0.6693613,0.6720298,0.675899,0.67940587,0.6815315,0.6809299,0.67905307,0.67223155,0.66288674,0.65010166,0.6301325,0.60101163,0.56674355,0.5281962,0.4949215,0.46675193,0.44559437,0.4302804,0.42195857,0.41855142,0.4210747,0.4265715,0.4334425,0.44156188,0.44939667,0.4573598,0.46459943,0.4726535,0.48035976,0.48876214,0.4951579,0.5002574,0.50372905,0.5047063,0.50306404,0.49861977,0.491619,0.48255926,0.47197396,0.46073335,0.45084256,0.44256216,0.43744844,0.43345264,0.43050084,0.42773825,0.42545375,0.42349458,0.42226785,0.42167568,0.421337,0.42248303,0.42443967,0.42674327,0.42925394,0.43225387,0.43354192,0.43583077,0.43745726,0.43815267,0.43895668,0.43938953,0.4412105,0.4435258,0.44558674,0.44855064,0.45200658,0.45480725,0.45888773,0.46175358,0.46478522,0.46655676,0.4676604,0.46564662,0.46133712,0.45285535,0.4418757,0.4289881,0.4156224,0.402837,0.392358,0.38188463,0.37836277,0.3773548,0.37825668,0.3766256,0.3749072,0.37215996,0.372877,0.37401626,0.37619328,0.3784558,0.3802221,0.38075835,0.38361362,0.38633654,0.387932,0.3901463,0.3930379,0.39443335,0.39601856,0.39594066,0.3939311,0.39010674,0.38503942,0.37829626,0.37209854,0.3634301,0.35609192,0.34772712,0.33908722,0.32965672,0.3212825,0.31255394,0.3080635,0.3012621,0.2958787,0.2925693,0.28975895,0.2882076,0.28764725,0.2878604,22.40625,7.121334382490016,97.77132360216042,93.44280246679472,74.63916979110257,28.047926763597204,338.5
71,62,0.92917365,0.9284495,0.92857146,0.9285567,0.9286803,0.9292096,0.93009067,0.9324114,0.933017,0.9346345,0.9359847,0.9374437,0.9387934,0.9404477,0.941823,0.94326055,0.94434154,0.9459279,0.94655544,0.94685394,0.9473907,0.9475763,0.9475397,0.94627357,0.9435766,0.93810266,0.93057674,0.9215226,0.9125377,0.9029843,0.89369094,0.8848057,0.8770935,0.8693802,0.86243147,0.8568934,0.854098,0.85344934,0.8548579,0.85816026,0.8623457,0.8679036,0.8729424,0.8774734,0.88082683,0.88378966,0.8859925,0.88720524,0.88778245,0.8887774,0.889318,0.8908031,0.8923165,0.89398706,0.8952817,0.89589715,0.8961011,0.89528894,0.8936478,0.89015615,0.8859037,0.8800585,0.87328863,0.8647822,0.8562645,0.84667253,0.8391596,0.8322981,0.8269135,0.81974095,0.81209147,0.8004011,0.78590345,0.7665063,0.74501836,0.7203654,0.6966145,0.6737756,0.65583783,0.64126384,0.63252527,0.6262008,0.62324315,0.62118185,0.6200484,0.6194744,0.6210236,0.62243176,0.6250493,0.62734914,0.631035,0.63385385,0.6377512,0.64090633,0.64510274,0.64718306,0.6498317,0.65186375,0.6549208,0.65678155,0.6596173,0.6599611,0.6621776,0.66339743,0.6653112,0.66741633,0.67167825,0.67513347,0.6801907,0.6852287,0.6909975,0.69486105,0.70012134,0.70413315,0.70787704,0.71130204,0.71496224,0.7179557,0.7200073,0.72086704,0.71940035,0.7164787,0.7120249,0.7052008,0.69590306,0.6839373,0.67546904,0.6689184,0.6659675,0.6633616,0.6611339,0.65708625,0.6533556,0.65064263,0.64741766,0.64442444,0.6445995,0.64421654,0.6451106,0.64570814,0.6463896,0.64600194,0.6481926,0.6500869,0.65305036,0.65545595,0.6581208,0.66005105,0.6620692,0.6642144,0.6668861,0.6693512,0.6727699,0.6760794,0.67826414,0.67799675,0.6759901,0.6693126,0.6596099,0.6468611,0.6273481,0.5980001,0.5645118,0.52652645,0.49374336,0.46490788,0.44466498,0.42906886,0.42033416,0.41711435,0.41934884,0.4246076,0.43136644,0.43910062,0.44626427,0.45368046,0.4609789,0.4682795,0.47588825,0.48351607,0.49050152,0.4950905,0.49867043,0.4993118,0.49781594,0.49342656,0.48654407,0.47716808,0.46694675,0.45533496,0.44579428,0.43768713,0.43260026,0.42849517,0.42651975,0.42397526,0.42191654,0.42031598,0.41916916,0.41870826,0.41835225,0.4191868,0.42111292,0.4234684,0.4260598,0.4283399,0.43008342,0.43122208,0.43251336,0.43261552,0.43299213,0.43326098,0.43505055,0.4375078,0.43922377,0.4419071,0.44506896,0.44810507,0.4515149,0.45447013,0.4575328,0.4598739,0.4606881,0.45914236,0.45508745,0.44678083,0.4358299,0.42240578,0.41003644,0.39726254,0.38642418,0.37655103,0.3732103,0.3714971,0.37251875,0.37132362,0.36925164,0.36703992,0.36716005,0.36868158,0.37059954,0.37254956,0.37418002,0.375071,0.37779847,0.38025862,0.3823312,0.383798,0.38671032,0.38808984,0.38948816,0.38962245,0.388011,0.38451552,0.37977347,0.37373042,0.36706844,0.35912883,0.35242024,0.34376457,0.33529356,0.32575735,0.3179857,0.3097486,0.30510113,0.29787648,0.2922644,0.28807062,0.28496355,0.28288493,0.2833947,0.28201714,23.90625,6.701305968935251,104.77420696617631,82.56688655325148,79.09839310019163,31.30811344462395,341.5
72,57,0.92951864,0.92912126,0.9287948,0.92932963,0.9293923,0.92996323,0.93088186,0.93329775,0.93463147,0.9362497,0.93812215,0.93928254,0.94030124,0.94259274,0.9437225,0.9452799,0.9467324,0.9479253,0.94871926,0.9495344,0.9499948,0.95008564,0.94995236,0.94891185,0.945984,0.9405704,0.93247664,0.9234883,0.91452485,0.90499955,0.8955976,0.8870008,0.8791779,0.8716936,0.86390746,0.8578751,0.8546486,0.8542634,0.85507447,0.8587234,0.86319095,0.86847293,0.87392557,0.87866485,0.8820898,0.885164,0.8874239,0.88895154,0.890013,0.8903271,0.89128137,0.8930619,0.8947742,0.89666486,0.89819455,0.89879286,0.8989629,0.8982442,0.89576495,0.89239746,0.88796103,0.8817908,0.87442505,0.8659259,0.857262,0.84693193,0.83912534,0.8317001,0.8263765,0.819258,0.8115305,0.7994621,0.78460854,0.76452005,0.74348265,0.7183736,0.6940945,0.670504,0.65109783,0.63678527,0.62813485,0.62248886,0.62017983,0.6188527,0.61846197,0.61862415,0.6200154,0.6228814,0.6257552,0.628646,0.6320517,0.6350746,0.6388249,0.6426828,0.6462449,0.6483918,0.65158296,0.6534581,0.65625745,0.6581718,0.6604195,0.6620192,0.66320205,0.66461897,0.6658081,0.66923296,0.6730907,0.6763611,0.68151355,0.68631434,0.69216776,0.69804215,0.7023319,0.70682573,0.7091055,0.7129462,0.71626484,0.7203243,0.7208477,0.7223837,0.721334,0.71725965,0.712458,0.7057346,0.69626504,0.68465984,0.67549515,0.66970706,0.66652256,0.66453785,0.6609467,0.6579408,0.6541903,0.6510762,0.64753175,0.64570165,0.64550924,0.6463208,0.64643955,0.646508,0.6461966,0.6472885,0.6490265,0.65057003,0.6539133,0.6567544,0.659006,0.6610907,0.6623584,0.6646314,0.6673515,0.6698344,0.6736461,0.6777549,0.6794376,0.6794161,0.6766686,0.67075694,0.6615217,0.64880484,0.6293557,0.600261,0.5665467,0.5279642,0.4962468,0.46817678,0.4493659,0.4358882,0.42837828,0.4261109,0.42875144,0.4352154,0.4429763,0.45075494,0.4585817,0.46617448,0.47343367,0.48043507,0.48811558,0.49561024,0.50156546,0.5065364,0.50826824,0.50771326,0.5051983,0.4993626,0.49078768,0.4804122,0.46940383,0.45695466,0.44744134,0.4382726,0.43289807,0.42862707,0.42528966,0.4222037,0.42022812,0.41824198,0.41752964,0.41717565,0.4174319,0.41797337,0.41993463,0.42279625,0.42544353,0.42774504,0.42998588,0.43193483,0.4335151,0.4340937,0.4344821,0.4353683,0.4372995,0.43957323,0.44225395,0.44505817,0.44830412,0.45133418,0.45449737,0.4572545,0.46063522,0.46277565,0.46402708,0.46226197,0.45738935,0.44814324,0.43796873,0.42378822,0.4104576,0.39793316,0.3860703,0.3759488,0.37198317,0.37073928,0.37177858,0.3707183,0.36862528,0.3671027,0.3676889,0.36873317,0.37097573,0.3727162,0.37467593,0.37567627,0.37887028,0.3810745,0.38332435,0.38491446,0.38794824,0.38926613,0.3906898,0.39108294,0.38962987,0.3861014,0.3815979,0.37497172,0.36744243,0.360498,0.35265902,0.3438514,0.33489126,0.3252886,0.31630695,0.30846313,0.30348223,0.29625297,0.29056796,0.28659153,0.28391397,0.2818759,0.28155512,0.2814031,22.375,6.64423282864062,97.23075905728402,88.31692438643776,76.93073507879114,31.081493448213966,362.0
73,55,0.93760335,0.93669236,0.9365131,0.93683577,0.93720067,0.93739974,0.93814844,0.9405035,0.9412351,0.9428729,0.9438108,0.9449824,0.9464886,0.94791543,0.94969827,0.95106983,0.9522014,0.95369434,0.95464265,0.95553386,0.9562293,0.95603967,0.95540583,0.95420074,0.9509773,0.9458529,0.9376169,0.9282485,0.919343,0.9097812,0.90068275,0.8921558,0.88453484,0.876663,0.86917716,0.86394626,0.8615535,0.8602376,0.8610892,0.8643018,0.8686225,0.87464374,0.8795773,0.8846538,0.888192,0.8913249,0.8933426,0.895213,0.8958317,0.8965696,0.8974083,0.89836097,0.90043724,0.9023324,0.90357524,0.9045067,0.9044695,0.9036541,0.90171206,0.898227,0.89382315,0.8875586,0.8806771,0.8721818,0.86307555,0.85276914,0.8446629,0.83770996,0.8322388,0.82466495,0.8165033,0.80475974,0.78955376,0.7701118,0.74792093,0.72255445,0.69839686,0.6749765,0.6570915,0.64297676,0.6342062,0.62829286,0.62656265,0.62404454,0.624052,0.6230824,0.62567914,0.62717783,0.6305682,0.6328906,0.6378523,0.6396222,0.64394367,0.64813936,0.65139574,0.65404147,0.65655875,0.6593385,0.662179,0.66452503,0.66653705,0.66747797,0.6692946,0.6705357,0.6724183,0.67441714,0.67860246,0.68291116,0.6874898,0.69327366,0.69754446,0.70326424,0.7082813,0.71241164,0.715657,0.71794045,0.7218296,0.7248632,0.72624886,0.72727525,0.72577405,0.7227435,0.7181246,0.71163654,0.70239615,0.69042474,0.68084586,0.6749395,0.6719893,0.6686452,0.6667949,0.6637394,0.6595398,0.65662205,0.65399384,0.65104926,0.6499008,0.65004754,0.6514914,0.65119314,0.65244067,0.6516428,0.6533466,0.6555681,0.65801823,0.6607324,0.6635879,0.66529536,0.66748023,0.6693453,0.6722086,0.67494065,0.67815834,0.6814658,0.68408096,0.6839731,0.6811969,0.6743403,0.66431737,0.65219307,0.6325415,0.6026577,0.56811255,0.5286988,0.4951855,0.4673273,0.44733673,0.43295413,0.42534423,0.42261603,0.42578503,0.43197083,0.4391485,0.44749522,0.4549762,0.46321848,0.46983021,0.4774046,0.48542467,0.49273705,0.49918264,0.5042771,0.5066449,0.50681496,0.50513,0.50008357,0.49231082,0.4828761,0.4720313,0.46029714,0.45019144,0.4419735,0.43611068,0.43207556,0.42919952,0.42634743,0.42474383,0.42265114,0.42131636,0.420588,0.42071784,0.42121702,0.42401063,0.42658797,0.4294353,0.43173283,0.43369904,0.43514693,0.43620628,0.43770236,0.43784818,0.43869096,0.44068873,0.44239962,0.4449553,0.44769856,0.45134717,0.4539206,0.45759863,0.46085793,0.4634214,0.46566233,0.46683323,0.46424687,0.46046948,0.4519463,0.44089884,0.4270473,0.41443354,0.4012223,0.39025784,0.38015398,0.377015,0.3755089,0.37570328,0.3749014,0.3723962,0.37004098,0.37091976,0.37149614,0.37404585,0.37608105,0.37843657,0.37940744,0.3816529,0.3855409,0.38711765,0.38845986,0.39152938,0.3920992,0.3942502,0.39306957,0.39236188,0.3888129,0.38398165,0.37755007,0.37077752,0.36310804,0.35543934,0.34687227,0.33808953,0.3286219,0.31984714,0.31248146,0.3074056,0.30055633,0.2958961,0.29081196,0.28875452,0.28745824,0.2864824,0.2861006,22.5,6.254269665685635,99.69687890296579,86.30960240610327,77.71817704855482,31.31933225632741,325.5
74,65,0.93047804,0.92986333,0.92979133,0.93009216,0.93091184,0.93096346,0.9317357,0.9343466,0.9352378,0.93632996,0.93781924,0.9399123,0.9409066,0.942775,0.9446316,0.9458225,0.9477327,0.94843566,0.9494131,0.9502437,0.9507426,0.95093447,0.95027137,0.94978344,0.94673944,0.94054115,0.9327763,0.9239342,0.91451097,0.90438795,0.8948599,0.88562644,0.87780863,0.8694993,0.86191285,0.8564354,0.85371435,0.8530064,0.8542949,0.85731924,0.86175156,0.86752343,0.8732158,0.877722,0.88124573,0.884432,0.8871764,0.8882957,0.8893817,0.8901632,0.89072365,0.89221144,0.89426017,0.8958953,0.8970902,0.89803904,0.8977612,0.89680284,0.8946177,0.8909415,0.88653266,0.8801739,0.8729197,0.8638452,0.85464156,0.8446412,0.83616364,0.829419,0.82321674,0.81596327,0.80716133,0.7949481,0.77939177,0.7586989,0.7363853,0.71076596,0.6865573,0.66218793,0.64385456,0.6291029,0.6199733,0.6141232,0.6107528,0.6088587,0.6081034,0.60753715,0.60863876,0.61123705,0.6138798,0.6163419,0.6200925,0.62409854,0.62791973,0.63051665,0.6353847,0.63693964,0.6394689,0.6420773,0.64525247,0.6476966,0.64908427,0.6515167,0.6530054,0.6541802,0.6555897,0.65831995,0.66170084,0.66643655,0.67084765,0.67739546,0.6822936,0.68727064,0.6929692,0.69624126,0.699449,0.7032217,0.7065756,0.70960987,0.7119373,0.71235836,0.7105705,0.70731854,0.70289683,0.69538283,0.68617135,0.674655,0.6650691,0.6581893,0.6555168,0.65245384,0.6499057,0.64695907,0.6434113,0.6401638,0.6372453,0.63455397,0.63384974,0.6346066,0.63507044,0.6350714,0.6359111,0.63615954,0.6376974,0.6403763,0.64294845,0.6454979,0.64812154,0.65045524,0.65224093,0.65399116,0.6565817,0.6600288,0.66357934,0.66692704,0.6690246,0.6692273,0.66605854,0.65967155,0.64970773,0.63613164,0.61547804,0.586184,0.5518806,0.51149756,0.4786804,0.45103496,0.4315528,0.41657102,0.40884006,0.40598744,0.4083908,0.41416866,0.42160544,0.42854935,0.4360339,0.44357446,0.4501943,0.4586158,0.46623987,0.47418523,0.4803666,0.4859002,0.4883104,0.48851788,0.48707938,0.4815298,0.47436184,0.46485692,0.45369262,0.44159806,0.43278107,0.42406633,0.41926068,0.41523278,0.41223323,0.4096665,0.40877318,0.40665704,0.405364,0.40451503,0.4046498,0.40550172,0.40780127,0.40927178,0.41225356,0.4145903,0.41570127,0.41722554,0.41868484,0.41959906,0.42004186,0.42024088,0.4220783,0.4246006,0.42697346,0.4294029,0.43318135,0.43626145,0.4397667,0.4428795,0.44629997,0.44856337,0.449376,0.4475018,0.44364446,0.43489343,0.42446506,0.4105033,0.39744163,0.38494518,0.37506282,0.36463642,0.3612427,0.35993153,0.36024213,0.35960335,0.35676265,0.3549999,0.35561204,0.35687178,0.35906908,0.36105835,0.3619097,0.36388886,0.36617494,0.368109,0.3702398,0.37199873,0.374218,0.37592846,0.37746906,0.37682533,0.3764503,0.37176126,0.3677296,0.3612336,0.35458654,0.3473524,0.34016496,0.33161,0.3238592,0.31451896,0.30599415,0.2980538,0.2929544,0.2863467,0.2808587,0.27722716,0.27369183,0.2727803,0.27228338,0.2727187,23.5625,6.788676532160734,99.87179819941733,86.81900508185481,77.7943415636067,30.83467959073775,295.0
75,68,0.93909186,0.9390005,0.9388449,0.938983,0.9391044,0.93937397,0.9403745,0.94239265,0.94314855,0.9446387,0.94550955,0.94686615,0.9487203,0.94993955,0.9514141,0.9531908,0.9536815,0.95485234,0.95558447,0.956589,0.95662737,0.9569534,0.95663714,0.95563734,0.9527581,0.9477315,0.9404361,0.931631,0.9230042,0.91353106,0.90494245,0.89632666,0.8887086,0.88131356,0.87416303,0.86871094,0.865922,0.8647869,0.8660047,0.8689041,0.8731725,0.8785959,0.88431543,0.888537,0.89221823,0.89520204,0.8973742,0.8988068,0.8996794,0.90044755,0.9010774,0.9020637,0.90407944,0.90562,0.9068857,0.9074706,0.9075657,0.906443,0.9043199,0.9012819,0.89712536,0.8908426,0.88426435,0.876182,0.86775756,0.8585604,0.85079885,0.84449625,0.8391887,0.83218026,0.824527,0.81280136,0.79848015,0.7798769,0.75875837,0.73427063,0.71084094,0.6883384,0.6712885,0.6569369,0.64809585,0.6427202,0.6399597,0.63791287,0.6378395,0.63755184,0.63915277,0.640746,0.64432573,0.6461653,0.6509312,0.653385,0.6576519,0.66083974,0.66466933,0.6669863,0.6694753,0.67210364,0.67477477,0.6762494,0.6789449,0.67993486,0.6823037,0.6834444,0.68519807,0.68777025,0.691938,0.6950001,0.700332,0.7060256,0.7107876,0.71565866,0.7204379,0.72374934,0.7277279,0.73034894,0.7339185,0.7373735,0.73935616,0.73947847,0.7383635,0.7346035,0.73044384,0.7237234,0.71469873,0.7031847,0.69415885,0.68818307,0.6849599,0.6829319,0.67945075,0.67620206,0.67285395,0.6698618,0.6668875,0.66485584,0.66378194,0.66441095,0.6650149,0.66518545,0.66579896,0.66542876,0.66785157,0.6695881,0.6727325,0.67507213,0.67763555,0.679411,0.68084264,0.6833202,0.6857076,0.6882993,0.69229716,0.69552934,0.69732726,0.696746,0.69457364,0.6877886,0.6785965,0.66563267,0.6454274,0.6162835,0.5828674,0.5440898,0.5108416,0.4828919,0.46274573,0.4475894,0.43886364,0.43609494,0.4388095,0.4447,0.45201552,0.4603791,0.46840978,0.47620702,0.4835115,0.49165916,0.49960348,0.50747496,0.5142911,0.51970464,0.522956,0.5236579,0.5220768,0.5168885,0.5101644,0.49972954,0.48960817,0.4782806,0.46826997,0.4600128,0.4546665,0.45114347,0.44818258,0.4458512,0.4435368,0.4416934,0.4401263,0.4395638,0.44000393,0.44105875,0.44298202,0.44537815,0.44811153,0.45047498,0.4524247,0.45381165,0.45571315,0.45659438,0.45696247,0.45723632,0.45892343,0.46129137,0.46408856,0.4666674,0.4702773,0.47315127,0.47650206,0.4799152,0.4828531,0.48545718,0.48599416,0.48416507,0.47940487,0.4708249,0.46021235,0.44618803,0.43286216,0.4195371,0.40869504,0.39794537,0.39398515,0.39231533,0.39343867,0.39197445,0.38921508,0.3872288,0.388192,0.38994423,0.39221814,0.39347452,0.39583477,0.39631742,0.39913803,0.40132934,0.40356454,0.4052956,0.4081875,0.40961444,0.41059676,0.41048896,0.40925002,0.40593398,0.40028054,0.39375377,0.38717082,0.3790925,0.3726706,0.36322504,0.35426778,0.34377974,0.33549297,0.327219,0.32205242,0.31550473,0.30955654,0.3048933,0.3024989,0.30080009,0.30049783,0.3013447,22.25,5.972330804979138,98.0358538597874,88.56269798246876,80.40496542815902,30.056094058517324,345.5
76,62,0.9264506,0.92612296,0.92543536,0.9253073,0.9252225,0.92542315,0.9269508,0.9289669,0.9297253,0.9313752,0.9332153,0.9346348,0.93635535,0.93815374,0.9395299,0.9409864,0.9421207,0.94335496,0.9442762,0.9447906,0.945391,0.9456204,0.9451193,0.9438828,0.9410061,0.9347954,0.92696494,0.9174502,0.90825146,0.89866143,0.88896704,0.87960887,0.8720435,0.8634746,0.85634017,0.8504509,0.84809923,0.84771955,0.8489665,0.8520391,0.8571404,0.86264575,0.8677957,0.8729441,0.8760167,0.8791417,0.88170624,0.88301706,0.8839754,0.8843676,0.88544697,0.8867624,0.8881647,0.890099,0.8914516,0.8924842,0.8925906,0.8909194,0.8891392,0.8854293,0.8812698,0.8749204,0.86800873,0.85861814,0.84988594,0.83975196,0.8311701,0.8237396,0.81819385,0.810572,0.8025019,0.7901673,0.7749382,0.75422806,0.7316699,0.7063894,0.6825668,0.65887666,0.6415514,0.6270288,0.6181636,0.6116179,0.60781,0.60540056,0.6047725,0.6041771,0.6055475,0.6075719,0.6103448,0.6121591,0.6165619,0.6194011,0.62305725,0.62671316,0.63002276,0.6326754,0.6351253,0.63758534,0.6402742,0.64240456,0.6448296,0.645723,0.64792633,0.64913696,0.65076226,0.65369105,0.65697676,0.6607603,0.6660309,0.67132664,0.67631435,0.68191034,0.68674195,0.690977,0.69398856,0.69736534,0.7013878,0.7044865,0.7064713,0.7074282,0.7052505,0.70225763,0.6975372,0.691054,0.6810539,0.6703084,0.6605041,0.6542047,0.6517489,0.64852005,0.64608276,0.6428382,0.63929,0.63575566,0.63319874,0.63051426,0.63019794,0.6301499,0.6310765,0.6320615,0.6320189,0.63250196,0.63398606,0.63578874,0.6389148,0.64111847,0.64393187,0.6460118,0.6480277,0.6492201,0.65201044,0.65512717,0.65846956,0.6614013,0.66330594,0.6633557,0.6611802,0.6537253,0.6437464,0.6310921,0.61095685,0.58145607,0.54731524,0.5084485,0.47551197,0.44771045,0.42756507,0.41256183,0.40398353,0.40120065,0.40292925,0.40798068,0.41474426,0.4219076,0.42950395,0.43687516,0.4437926,0.45134103,0.458285,0.46611738,0.47290128,0.47810984,0.4815978,0.48265505,0.48106685,0.47709358,0.4704052,0.46142247,0.45143262,0.44006228,0.43091255,0.42266297,0.41817236,0.41477987,0.4119522,0.40957105,0.40763015,0.40636343,0.4054334,0.4043193,0.40416318,0.40537417,0.4073859,0.4093849,0.41198376,0.41372526,0.41553706,0.41622978,0.41779995,0.4181518,0.41868016,0.41906482,0.42027456,0.42203653,0.42433465,0.42713943,0.43050665,0.432987,0.43628895,0.43903646,0.4422543,0.44432682,0.44572818,0.44393215,0.4395828,0.43202248,0.42071962,0.4079845,0.39558858,0.38323182,0.37332886,0.36332613,0.36013275,0.3592295,0.3602336,0.3588379,0.3559606,0.35423833,0.35494378,0.3561272,0.35792786,0.36003327,0.36101612,0.36239192,0.36445937,0.36681053,0.36902162,0.3701687,0.37343004,0.37461025,0.37628284,0.37566411,0.37452447,0.3715549,0.36694038,0.36026353,0.35407907,0.34689215,0.33965522,0.33130985,0.32292432,0.31383535,0.3056017,0.2974908,0.293023,0.2859854,0.28131813,0.27666587,0.27429214,0.2731901,0.27198797,0.2716026,24.625,7.013095868965112,103.41372535527034,86.23081202741322,75.34034272192673,30.03590019745108,328.0
77,69,0.92978144,0.9292391,0.9284257,0.9285567,0.92864114,0.92899346,0.9289751,0.931203,0.9318311,0.9333391,0.9347683,0.9362781,0.9374405,0.9394845,0.94113755,0.9421412,0.9434993,0.9451366,0.94594264,0.9467421,0.947194,0.94704485,0.94638205,0.94542885,0.9425924,0.9370241,0.9289241,0.9190837,0.91034037,0.9007843,0.8912229,0.8825419,0.87446946,0.86645615,0.8598583,0.8544692,0.8518708,0.85153884,0.8527959,0.8556163,0.8606875,0.8659545,0.870968,0.8753195,0.87847483,0.8821844,0.8840852,0.8857815,0.88579994,0.8866762,0.8871367,0.88827574,0.8906065,0.8922035,0.89358103,0.8939871,0.8943549,0.89313304,0.8911397,0.88743955,0.8836547,0.87733257,0.87079597,0.86237204,0.853804,0.84376323,0.83556294,0.8288264,0.823215,0.81625426,0.8082627,0.7960334,0.78136843,0.76230496,0.7403759,0.7162292,0.6927817,0.67005897,0.65219736,0.6373874,0.6284089,0.62189245,0.61958927,0.6166702,0.6158378,0.6155896,0.616618,0.6181669,0.6208893,0.623155,0.6266601,0.62926555,0.6326047,0.6364577,0.63958305,0.6423532,0.645327,0.6471531,0.64992833,0.65264386,0.6548261,0.6563614,0.6580922,0.6588915,0.6608077,0.6636971,0.6673508,0.6710472,0.6760508,0.6814593,0.6859818,0.69140226,0.69639707,0.6997216,0.703109,0.7067356,0.71078026,0.71359354,0.71607757,0.71622896,0.71500397,0.7112713,0.70646495,0.70025074,0.69061244,0.6788044,0.6696118,0.66341543,0.66096747,0.6580225,0.6550959,0.65222466,0.64830196,0.6449282,0.6416999,0.6398989,0.6394212,0.63992095,0.641356,0.6413151,0.6419887,0.6428076,0.64422363,0.6461154,0.649156,0.6515709,0.6541997,0.6563764,0.6578397,0.65990084,0.66250587,0.66546184,0.6694397,0.6725662,0.6744045,0.6744263,0.67203987,0.6648493,0.65560967,0.64297414,0.6225222,0.5932747,0.5590104,0.52085984,0.48760253,0.459251,0.43882656,0.42345607,0.4149327,0.41082895,0.41339594,0.4182123,0.42512375,0.432452,0.43913054,0.4458702,0.45300192,0.45979625,0.46801737,0.47510874,0.48151815,0.4872827,0.49108705,0.49189854,0.49073654,0.48588747,0.47943625,0.47021347,0.45957056,0.4490088,0.43918046,0.43136263,0.4263788,0.4237045,0.42060977,0.41894504,0.41760993,0.415264,0.41391772,0.4133618,0.41388103,0.41475457,0.41668195,0.41862068,0.42118496,0.42229617,0.4238072,0.42432502,0.4257509,0.42538536,0.42602098,0.4255245,0.4272264,0.42870313,0.43106914,0.43340212,0.4368316,0.43967396,0.44276935,0.44602418,0.44937766,0.45226875,0.45325693,0.45153806,0.44797075,0.43993303,0.42979604,0.41630185,0.40394834,0.39109415,0.38106352,0.37098414,0.367923,0.3662032,0.3669414,0.36583048,0.3638066,0.36213666,0.36279327,0.3635547,0.36592585,0.36727172,0.36925018,0.37013775,0.37259445,0.3748333,0.37651247,0.37801594,0.3811281,0.38222837,0.38435793,0.38439333,0.38283902,0.3789936,0.37445337,0.36854756,0.3615632,0.35487866,0.3476721,0.33900532,0.33079425,0.32213086,0.31320804,0.3047221,0.30015564,0.29339117,0.28846604,0.28420985,0.28182846,0.2806065,0.2803139,0.2804973,25.78125,6.75719386508518,93.71750247601679,87.37730369297851,77.31329058783115,31.016424340333877,252.0
78,65,0.92628586,0.9255616,0.92419523,0.9240699,0.9248143,0.9247498,0.9253278,0.9280218,0.9281757,0.9301037,0.9310729,0.9325243,0.9339611,0.93577456,0.93742394,0.9386298,0.9398464,0.9407628,0.94174826,0.9425988,0.9429963,0.94307494,0.94307184,0.9418063,0.93914276,0.9337021,0.92648286,0.91786444,0.9087043,0.89954495,0.89025116,0.88115114,0.8738172,0.8662693,0.85902846,0.8536905,0.8515121,0.85054994,0.851734,0.85439295,0.85914147,0.8644879,0.86944777,0.873846,0.87757266,0.88022906,0.88212883,0.8839051,0.88493294,0.8854189,0.8860755,0.8872032,0.88942564,0.8906827,0.89201224,0.8927322,0.8930119,0.8916776,0.8898653,0.8864435,0.88271976,0.8765045,0.8693167,0.8613615,0.8527961,0.84407246,0.8360838,0.82970613,0.82419777,0.8170651,0.8092146,0.7975126,0.78333634,0.76420105,0.74285346,0.7186154,0.69485116,0.6719966,0.65467757,0.64028203,0.63166475,0.6250809,0.6225559,0.6201371,0.61989534,0.61937445,0.6208806,0.62313175,0.62511504,0.6274724,0.63136613,0.63471437,0.6379919,0.6418942,0.6448518,0.64704657,0.65072304,0.6523762,0.6545111,0.65730107,0.65923786,0.66067684,0.6627952,0.6629946,0.66530585,0.6673673,0.6716573,0.67494404,0.6800254,0.6855333,0.68984264,0.6956339,0.7006478,0.7037125,0.70721966,0.7107016,0.71421635,0.7174883,0.71950257,0.71962047,0.7175609,0.7151964,0.7107681,0.7034759,0.6954353,0.68378067,0.67472,0.6682906,0.66633266,0.663286,0.661228,0.65686667,0.65405166,0.6502622,0.6475897,0.6454818,0.64424217,0.645169,0.6457492,0.64593136,0.64612347,0.64641035,0.6488304,0.6506835,0.653195,0.65531635,0.6588052,0.6603973,0.6620022,0.6644789,0.6667799,0.6693821,0.673042,0.6762296,0.67808163,0.677724,0.6754842,0.6687112,0.6591387,0.64687824,0.6277149,0.59878564,0.56494915,0.5267971,0.49319792,0.46560672,0.44478115,0.42919353,0.42142013,0.41811442,0.42011413,0.42491204,0.43252546,0.43998474,0.44685304,0.45425034,0.46120232,0.46944147,0.47642332,0.48476744,0.49133483,0.4967187,0.5006691,0.5007223,0.4992038,0.49508655,0.48850688,0.47882837,0.46842775,0.45739424,0.4475574,0.4393929,0.4345549,0.43149456,0.42863187,0.42604274,0.42441934,0.4216772,0.42095348,0.42038363,0.42055762,0.42128724,0.42331195,0.42576033,0.4275715,0.4299714,0.43134338,0.4328556,0.43471792,0.43526065,0.43567693,0.43624783,0.4375865,0.44020635,0.44228983,0.44466868,0.44838834,0.45161265,0.45430917,0.4572429,0.46046185,0.46296138,0.46380943,0.4620701,0.45863193,0.45006987,0.43965986,0.42591614,0.41351986,0.4004647,0.39013672,0.38022685,0.37674034,0.37558776,0.3763501,0.37518105,0.37282044,0.37065572,0.37101448,0.3727606,0.37411234,0.3761189,0.37770963,0.37916335,0.3812505,0.38402584,0.38634986,0.38769695,0.39092278,0.3919834,0.39369544,0.39253393,0.39181393,0.3879053,0.38328648,0.3762349,0.3708247,0.3632265,0.35593343,0.3473721,0.33944696,0.32986146,0.32118788,0.3134376,0.30829233,0.30186105,0.29632682,0.29222378,0.28986064,0.28838503,0.28840432,0.28870198,24.09375,5.828245473094975,102.79027237477224,87.90036124470208,77.85156644072609,29.93941841680129,344.5
79,61,0.9377333,0.937497,0.9358722,0.9359431,0.93674654,0.93630415,0.937876,0.9397755,0.9401419,0.9418912,0.9427632,0.9440295,0.9450035,0.94686556,0.94839823,0.9495573,0.9509398,0.9523933,0.95306623,0.9538027,0.95420796,0.9540579,0.95398057,0.9533974,0.95025325,0.9446883,0.93754745,0.92861354,0.9201828,0.9116069,0.9027761,0.89446115,0.8868376,0.87923527,0.8717788,0.8665688,0.86445975,0.863868,0.86493057,0.86835825,0.8723876,0.87815773,0.8830658,0.88713694,0.89067054,0.8937472,0.89609104,0.89735234,0.8980236,0.89884245,0.899655,0.90065324,0.90240103,0.9038113,0.9052428,0.9060072,0.90609586,0.9052024,0.9035196,0.90018374,0.89572877,0.8897655,0.8834052,0.87525177,0.8667851,0.8573647,0.8497429,0.8426993,0.83729863,0.8300999,0.8223221,0.8107122,0.79563504,0.7765248,0.7552619,0.7302065,0.7072603,0.68450737,0.667197,0.65327144,0.6453842,0.63972616,0.63766474,0.63514745,0.63566065,0.63555944,0.63690776,0.6389165,0.6418755,0.6432859,0.6477053,0.65081,0.6538664,0.6574045,0.6606617,0.66326463,0.66629225,0.6679615,0.6709908,0.67292154,0.6746059,0.676148,0.6775383,0.67930144,0.6816538,0.6832111,0.68726236,0.6910907,0.6963439,0.70160174,0.7062348,0.7110207,0.71567786,0.71903926,0.72227824,0.7249114,0.72894573,0.73191845,0.733468,0.73353046,0.73233056,0.7288928,0.72413117,0.7169852,0.7077593,0.6956911,0.68630284,0.6801201,0.6782956,0.6749667,0.6722239,0.6685308,0.66509306,0.6615328,0.658673,0.6566452,0.65595186,0.65650237,0.6571533,0.65759957,0.6581878,0.65874517,0.6606023,0.6626061,0.6646981,0.6677171,0.6698582,0.67209005,0.67372787,0.6757427,0.6780429,0.68084097,0.6843612,0.6871615,0.6892127,0.68917596,0.6867496,0.68042433,0.6716306,0.6588588,0.63894916,0.6095591,0.5764322,0.5380093,0.5058744,0.47927645,0.45984012,0.44611275,0.43836826,0.4358094,0.43801224,0.44417736,0.45128337,0.45855027,0.46559736,0.47199053,0.47887653,0.48542005,0.49218744,0.49942136,0.5060469,0.51025534,0.5132113,0.51227206,0.5109966,0.5050801,0.49716583,0.4871071,0.47638863,0.46472114,0.45522612,0.44711685,0.44251573,0.43898618,0.43599355,0.43376294,0.4321698,0.43021613,0.42897564,0.42793968,0.4280619,0.42918777,0.43102238,0.43312603,0.43620443,0.43797928,0.43913484,0.4402311,0.44149214,0.44175968,0.44195822,0.44204247,0.44346967,0.44478044,0.4472564,0.44926816,0.45211887,0.45494506,0.45811316,0.46089593,0.46430507,0.46631566,0.46742177,0.46586242,0.46172258,0.4535479,0.44322494,0.42991146,0.417477,0.40471756,0.39404568,0.3844596,0.38085407,0.37909883,0.38054526,0.38006046,0.3775637,0.37576145,0.37602997,0.3774339,0.37908325,0.38171145,0.38382578,0.38472706,0.386905,0.39026088,0.3921671,0.39376122,0.39671212,0.39816594,0.40015042,0.3998145,0.39873886,0.39551562,0.39125782,0.3848483,0.37785202,0.3702879,0.36316866,0.35448912,0.3461282,0.3368954,0.328014,0.3195306,0.3155238,0.3083095,0.30299845,0.29888245,0.2964055,0.29435775,0.29376557,0.29346216,25.875,6.164044494107887,103.5338183556864,78.75166112956813,77.32063822765545,29.946149703823366,308.5
80,69,0.9409971,0.9407452,0.9402477,0.9407705,0.9407433,0.94163424,0.9428895,0.9449086,0.9458515,0.94745123,0.9484754,0.9502022,0.9512563,0.95307195,0.95444363,0.9562539,0.956967,0.9585551,0.9592915,0.9592433,0.9601642,0.9608408,0.9602008,0.9589908,0.9564584,0.95115733,0.9438205,0.9341967,0.9250588,0.9151634,0.9060109,0.89733326,0.8892877,0.88146317,0.874061,0.86813915,0.86506337,0.8638599,0.8649399,0.8679154,0.8726115,0.877991,0.8831308,0.8883014,0.892121,0.8949703,0.89731324,0.89852875,0.8997334,0.90074533,0.9016142,0.90320647,0.90469944,0.9062829,0.907665,0.90870374,0.9084393,0.90728605,0.9053658,0.90174747,0.8976046,0.8910966,0.8838626,0.8756546,0.86682963,0.8568768,0.8484206,0.8417264,0.83565557,0.828668,0.8202584,0.808441,0.7932396,0.773937,0.75143886,0.7250031,0.7006748,0.6767093,0.6586436,0.64377993,0.6351998,0.62918013,0.6261318,0.6245092,0.62447786,0.62432176,0.62602127,0.62839794,0.6320276,0.63401854,0.6381109,0.6420256,0.6459843,0.64939433,0.6530868,0.6560725,0.6586486,0.6604328,0.6629286,0.665125,0.6673386,0.6685651,0.6700361,0.6711744,0.67316043,0.676026,0.68002945,0.6828739,0.6883708,0.69376963,0.70022273,0.7051918,0.7099024,0.7137904,0.71778727,0.72060686,0.7242408,0.7272999,0.7301011,0.73150563,0.729725,0.7270453,0.72251236,0.7155237,0.70641506,0.6947274,0.684885,0.6786587,0.6756586,0.6730686,0.67032033,0.6673585,0.663498,0.66013163,0.65786004,0.65548605,0.6545763,0.6538588,0.6547369,0.65492064,0.65556836,0.6560961,0.65741,0.659412,0.6624689,0.66598403,0.66871285,0.67083305,0.67208505,0.67418367,0.67673314,0.68014705,0.68406725,0.6878431,0.68948865,0.68952554,0.6874258,0.6806692,0.67094123,0.65868723,0.6382371,0.6083375,0.5733899,0.5341395,0.50004905,0.47268468,0.45276913,0.43741465,0.43011153,0.42797887,0.43120307,0.43703467,0.44485736,0.45326427,0.4609614,0.4694642,0.4771071,0.4855498,0.4932763,0.50168705,0.50791144,0.5132034,0.5160563,0.51522,0.51331717,0.50730026,0.49959776,0.48939994,0.47802788,0.4664651,0.45580453,0.44718125,0.44116825,0.43626314,0.4323188,0.43033683,0.42846328,0.4265833,0.42435288,0.42305097,0.4235927,0.42521954,0.42739084,0.42990685,0.4332095,0.43546778,0.43753743,0.43922496,0.44123003,0.44294104,0.44311047,0.44463152,0.44734776,0.44851676,0.45191473,0.45473844,0.45888948,0.46209878,0.46608675,0.46924317,0.4720397,0.47445083,0.47503102,0.47236907,0.4681258,0.458857,0.448422,0.43457693,0.42072308,0.4072615,0.39600486,0.3857739,0.3820399,0.38106167,0.38164508,0.379607,0.3766752,0.374844,0.3751617,0.377018,0.3791259,0.38088447,0.38318866,0.38349918,0.38660628,0.38941324,0.39186752,0.3929801,0.3960691,0.39774972,0.39934903,0.39942154,0.39840272,0.39520824,0.39041376,0.384113,0.37719285,0.36874148,0.36153275,0.35244882,0.3440049,0.33448538,0.32524884,0.3179069,0.31318292,0.30617803,0.30098575,0.29617387,0.29306784,0.29104143,0.2916054,0.29194114,20.09375,6.201450910708942,95.16417960887394,95.26869289368457,78.6052068404025,29.281996050978275,358.5
81,62,0.9405263,0.9404729,0.9399326,0.94013834,0.9406235,0.9406085,0.9414964,0.9438683,0.94468224,0.9463935,0.9479127,0.9493184,0.9506762,0.9524926,0.95439136,0.9552223,0.9566939,0.9581689,0.9589962,0.9594165,0.9598879,0.96021557,0.95972025,0.9587174,0.9560908,0.9505518,0.94288194,0.9329492,0.9238917,0.9140546,0.90441114,0.8950694,0.88735485,0.8788419,0.87199116,0.8657288,0.8629982,0.8622966,0.86341107,0.8664868,0.87122464,0.87670743,0.8820125,0.8867452,0.8903202,0.89384997,0.89606255,0.8977272,0.8985307,0.8991909,0.9000174,0.90133464,0.9029466,0.9050181,0.90621686,0.9065638,0.9070656,0.90574837,0.9038975,0.9001472,0.89552903,0.88901913,0.8817104,0.872957,0.86400557,0.8539555,0.84595484,0.8384615,0.8325105,0.825344,0.81676733,0.8042195,0.7889824,0.7685557,0.7462196,0.7204488,0.6961153,0.6722423,0.6536223,0.6398567,0.6316465,0.6243629,0.6217768,0.61928,0.619347,0.6184139,0.6200185,0.6222913,0.62457335,0.62788254,0.6306044,0.6348808,0.6389545,0.64166385,0.6456629,0.64734507,0.65006113,0.6523731,0.6559924,0.65768856,0.6592504,0.6613617,0.66332173,0.66428065,0.6667124,0.6684319,0.67270166,0.67643046,0.6816044,0.6874188,0.692927,0.6973231,0.70300376,0.7059301,0.70940256,0.7133703,0.71689826,0.71984434,0.722733,0.7223889,0.72104526,0.7183062,0.71376467,0.70676696,0.6965649,0.6849966,0.675224,0.6688826,0.6667563,0.6636455,0.6612836,0.65813625,0.6541311,0.6509534,0.648103,0.6451454,0.6449747,0.6451868,0.6454176,0.64603376,0.64619446,0.6465428,0.64822835,0.65095437,0.65395373,0.6562975,0.6589322,0.6602403,0.6628541,0.6644578,0.6673594,0.67010236,0.6738011,0.6774078,0.67942655,0.67882943,0.6772529,0.6698742,0.6604227,0.6473454,0.62787485,0.59763944,0.5629769,0.5228364,0.48996347,0.4624542,0.44120216,0.4263159,0.41840118,0.41584283,0.41818216,0.42406029,0.43142027,0.4389273,0.44635776,0.45382813,0.46075553,0.46795297,0.47574538,0.48315603,0.48995495,0.49485445,0.4981109,0.49835664,0.49713084,0.49150306,0.48405197,0.47442517,0.4640659,0.45241296,0.44279715,0.43429562,0.42912194,0.42526206,0.42167988,0.41970006,0.41810352,0.41617283,0.4146427,0.41369808,0.41364777,0.41474405,0.416547,0.41894975,0.42175424,0.42395216,0.42608202,0.4275747,0.42908126,0.4293341,0.4305862,0.43083414,0.4322373,0.4343406,0.4370222,0.43980157,0.44292963,0.44638053,0.44919497,0.45264044,0.4555467,0.45767486,0.45861083,0.456648,0.45239475,0.44464254,0.43388677,0.42061812,0.40815115,0.39499193,0.38499808,0.374706,0.37118137,0.36988068,0.37100363,0.36922467,0.36751875,0.36563984,0.36580336,0.36721796,0.36860663,0.3707165,0.3729743,0.37374872,0.37619746,0.3788277,0.38122082,0.3818324,0.3847304,0.38613915,0.3876631,0.3870288,0.38581437,0.3823466,0.37781793,0.37081298,0.36422133,0.35641867,0.34936178,0.3402903,0.33177173,0.32277218,0.31464756,0.30716497,0.30275488,0.29581785,0.29078156,0.28610498,0.28396064,0.28268585,0.28255057,0.28255576,23.59375,6.802469371463419,92.66233620026438,84.21593190987639,67.22737974469123,29.172051696284328,314.0
82,62,0.93878007,0.93766856,0.9369868,0.9377545,0.9373865,0.93746984,0.9375708,0.94017273,0.9410119,0.9428571,0.94424975,0.94643855,0.9472519,0.9492827,0.9507942,0.952307,0.9536056,0.9552779,0.95574975,0.95670015,0.9567131,0.9570355,0.9567715,0.955488,0.9524596,0.946975,0.93951863,0.9293641,0.92059606,0.9108811,0.90113944,0.89237344,0.8843558,0.87594986,0.86881787,0.8628707,0.8604497,0.86010426,0.86142766,0.8643559,0.8692236,0.8746996,0.88005507,0.88458323,0.8882728,0.89132273,0.8932533,0.89496386,0.8960372,0.8965721,0.89767694,0.89841354,0.90004206,0.90191233,0.9032915,0.9043201,0.90434456,0.9030106,0.9011712,0.8978224,0.8934885,0.8873601,0.88046694,0.87182105,0.8631457,0.853068,0.84492207,0.83773005,0.8320656,0.8245624,0.8166069,0.8046991,0.7901426,0.77057034,0.74907583,0.72475445,0.701113,0.6782347,0.66129893,0.64638793,0.63743067,0.6312635,0.628742,0.6264612,0.62607914,0.62534106,0.62644494,0.6288715,0.631387,0.63321733,0.6367589,0.6397903,0.6434232,0.6471965,0.65049326,0.6522682,0.6553061,0.65761834,0.6605766,0.66244817,0.6652461,0.6662668,0.66793644,0.6695828,0.6713071,0.6738437,0.677835,0.68120635,0.6858642,0.69153756,0.69639504,0.70097554,0.7063,0.7096687,0.7126861,0.7163079,0.7198266,0.7231076,0.72563493,0.7255695,0.7237698,0.72049326,0.71579766,0.70831203,0.6996033,0.6872788,0.6785135,0.67226756,0.6695212,0.6663427,0.6638025,0.6606927,0.65603083,0.65338755,0.64987576,0.64797,0.6474943,0.64801645,0.6491489,0.6495508,0.6503763,0.6513146,0.65254664,0.65451306,0.6570473,0.65998197,0.6624397,0.6645822,0.6660774,0.66850764,0.6707257,0.67368567,0.67701745,0.6809386,0.68293,0.68226385,0.68051684,0.6739149,0.66503453,0.6525483,0.633289,0.60387063,0.5714992,0.5338915,0.5017149,0.47385186,0.45348302,0.43846247,0.43039867,0.4272564,0.42974314,0.43432784,0.44153482,0.4485922,0.45629448,0.4629892,0.46946457,0.4766745,0.48366523,0.49095088,0.49742717,0.5019834,0.50554395,0.505622,0.5039176,0.49898893,0.4922119,0.48240742,0.47205812,0.46053538,0.45074058,0.44251308,0.43809417,0.43426773,0.4318645,0.42952093,0.42791897,0.42658252,0.42516798,0.42406148,0.42419207,0.42487884,0.4266429,0.42892337,0.43109685,0.4323356,0.43366268,0.43514407,0.43606806,0.4364304,0.4365546,0.43623564,0.4379482,0.4397628,0.44203633,0.44423002,0.4471916,0.45000902,0.4532826,0.45618445,0.45951405,0.4619725,0.46333787,0.46146214,0.45776844,0.44957912,0.43907624,0.426035,0.41290507,0.4002748,0.39006877,0.38001835,0.3760883,0.37481847,0.3756919,0.3746275,0.37232605,0.37079707,0.37133938,0.37308377,0.3752553,0.3774103,0.37859333,0.3795846,0.38216335,0.38457364,0.3869679,0.38899314,0.39171118,0.3930035,0.3946336,0.39416054,0.3924354,0.38951617,0.38501388,0.37880886,0.37207624,0.3643424,0.35747898,0.3480347,0.33947694,0.32979202,0.32166636,0.3130982,0.30859405,0.30144855,0.29602444,0.29160395,0.28876728,0.2873216,0.28720725,0.2865509,25.53125,5.699784693992322,92.24762153923184,91.28765362248261,75.71912957276328,28.967869323281274,266.5
83,69,0.936072,0.9354092,0.93468714,0.9352523,0.9350293,0.93525803,0.93607914,0.9384806,0.939171,0.9404447,0.9418219,0.94316804,0.9443475,0.9457773,0.9474231,0.9487565,0.94997525,0.9508639,0.9517071,0.9524238,0.9527749,0.95286727,0.9524442,0.9519042,0.9490286,0.94407904,0.93657833,0.92737776,0.9181802,0.90894437,0.899534,0.89046615,0.88244367,0.8744762,0.8670509,0.86102784,0.8581196,0.8573203,0.8585706,0.8616605,0.86664206,0.87218136,0.8777089,0.88217455,0.8860187,0.88911,0.89123607,0.8922905,0.8934748,0.89418054,0.8948058,0.8960055,0.8978207,0.8999308,0.9011311,0.902145,0.90182066,0.9008157,0.8986601,0.89562064,0.89108896,0.88478124,0.87738365,0.8690419,0.8604666,0.85108393,0.84267753,0.8354205,0.83012724,0.82203627,0.81437755,0.80312896,0.7880927,0.7686473,0.7471946,0.722654,0.69968474,0.6757344,0.6578289,0.64262265,0.6336365,0.62710434,0.6247438,0.6220564,0.621547,0.62180483,0.6225569,0.62454784,0.6274285,0.62959146,0.63398206,0.63631403,0.6404221,0.6437619,0.647674,0.6496855,0.65183526,0.6544152,0.65713465,0.6585342,0.6616525,0.66224515,0.6644281,0.6653229,0.6677282,0.6696006,0.6743096,0.6770575,0.6829418,0.6879141,0.69298875,0.6973579,0.70327246,0.7063113,0.71031576,0.71396184,0.71773607,0.7207061,0.7238077,0.72406924,0.7214967,0.7193976,0.7149991,0.7081793,0.69913065,0.68722165,0.67856175,0.672563,0.6691412,0.66681874,0.66472876,0.6597428,0.6568499,0.6535769,0.65145427,0.64839494,0.6480111,0.6476856,0.64802057,0.64827394,0.6504276,0.6497381,0.6517275,0.6528237,0.65594107,0.6586639,0.6612801,0.66328263,0.6645323,0.66699576,0.67011416,0.6721397,0.67629176,0.6799997,0.6817411,0.6818353,0.6799362,0.6735424,0.6645087,0.65289384,0.63281155,0.6037601,0.5719512,0.5328441,0.5000045,0.4715581,0.45095366,0.43575636,0.42701393,0.42338648,0.4257046,0.43102437,0.4379037,0.4458847,0.453412,0.46097004,0.46824402,0.4760244,0.48365313,0.4911288,0.49773747,0.50341886,0.5059695,0.50656784,0.50520897,0.4999346,0.49320716,0.4828972,0.47240013,0.46044794,0.45115018,0.4428166,0.436791,0.4324891,0.42939526,0.4273279,0.42511123,0.4233427,0.42162138,0.42088565,0.4208933,0.42163116,0.42336786,0.42585796,0.42908278,0.43115914,0.4329875,0.43495396,0.43598616,0.4366846,0.43756843,0.43825966,0.43980086,0.44182742,0.44456244,0.44723952,0.4497409,0.4533332,0.45655102,0.45960823,0.4621294,0.46511,0.4658928,0.4643107,0.460634,0.45234758,0.4415505,0.4282534,0.4150728,0.4018458,0.39120966,0.3808996,0.37735748,0.37632048,0.37781206,0.3765999,0.37388188,0.37219897,0.37239563,0.37386537,0.37539834,0.37785116,0.37936264,0.38054934,0.38289815,0.385741,0.38803095,0.38914287,0.39257866,0.39353442,0.3954158,0.3951463,0.39426082,0.39041764,0.38594258,0.37951672,0.37273863,0.36496502,0.35814378,0.3493591,0.3410768,0.33208284,0.3241246,0.315458,0.3112924,0.30386108,0.29871133,0.2943276,0.2909505,0.28978708,0.2902013,0.29006305,22.4375,6.049856800375195,93.58381502890172,101.41162432584304,82.18747978021061,26.28881708849399,298.0
84,58,0.9328441,0.9326962,0.93174016,0.9323742,0.9330144,0.9334192,0.9336627,0.93651485,0.93659884,0.938013,0.93965876,0.94093287,0.9421927,0.9443482,0.9456316,0.9470693,0.9480411,0.94943416,0.9499954,0.95102096,0.9513819,0.95167494,0.95114565,0.9503877,0.94758344,0.9419728,0.93490636,0.92593676,0.9161508,0.9074306,0.8981269,0.8889974,0.88155586,0.87368464,0.86612785,0.86085236,0.8580543,0.8573338,0.85819995,0.8613309,0.86601603,0.8716105,0.87670624,0.8812189,0.88505405,0.8878784,0.8900416,0.8917741,0.8923987,0.8933043,0.89419055,0.8953472,0.89706516,0.8985845,0.9001144,0.9009069,0.9006525,0.89975774,0.89756864,0.8948066,0.8902198,0.8838103,0.8768871,0.86866623,0.8596349,0.8502805,0.8422177,0.8353113,0.8294873,0.82235515,0.8143827,0.8028419,0.7876204,0.7685541,0.7477035,0.72308433,0.6988931,0.6750572,0.6573926,0.641813,0.6325824,0.62569886,0.6235857,0.6208495,0.62015045,0.6202474,0.6205821,0.62365806,0.62664014,0.6297271,0.63359773,0.6369153,0.64082134,0.64390594,0.6485235,0.64984214,0.6528528,0.6545683,0.65803534,0.6597072,0.6618055,0.6627549,0.6653402,0.6670141,0.6679752,0.67055726,0.67452073,0.677915,0.6828415,0.68834555,0.69456095,0.6999559,0.70477486,0.7086741,0.7112738,0.71532106,0.7193862,0.72213054,0.72485673,0.72529817,0.72346556,0.72050416,0.71684384,0.7086549,0.7004825,0.6888347,0.679446,0.673195,0.67101294,0.66783524,0.66570544,0.6617512,0.65813285,0.6544436,0.6508601,0.6494329,0.6479595,0.64828527,0.6499653,0.64985454,0.6498407,0.6501906,0.6518349,0.65395606,0.65726006,0.66003406,0.6631093,0.6649438,0.66720927,0.668849,0.6718341,0.674767,0.67835295,0.6818255,0.6836213,0.68414795,0.68178755,0.6746626,0.6656816,0.6532368,0.6331458,0.6031562,0.5687112,0.5297972,0.49704412,0.46814743,0.44753587,0.43146992,0.42293113,0.41980368,0.4224715,0.42839825,0.4359058,0.44354874,0.45187193,0.45924747,0.46699223,0.4743203,0.4826566,0.49078292,0.49752468,0.5030743,0.50643677,0.50688684,0.50488657,0.49973586,0.4930491,0.48279455,0.4723174,0.4596609,0.45000094,0.44112355,0.43515292,0.43147916,0.42816365,0.4256524,0.42358822,0.42123055,0.4193816,0.41834036,0.41880667,0.41970548,0.42227775,0.42443335,0.42735285,0.4291448,0.43157333,0.43335053,0.43514836,0.43665677,0.43750316,0.43813178,0.4398592,0.4423811,0.44502825,0.44830203,0.45184615,0.45534986,0.45815814,0.4622145,0.4652455,0.4674057,0.46816438,0.4669497,0.46180975,0.4534098,0.44251895,0.428715,0.41605163,0.4024675,0.3913529,0.38096553,0.37740183,0.3766939,0.37792194,0.37643737,0.37399453,0.3712476,0.37144685,0.37298334,0.37472725,0.3767916,0.37873948,0.38019198,0.38258687,0.38587725,0.38825095,0.38938332,0.3926518,0.39371789,0.39562452,0.39602184,0.39411944,0.3914011,0.38616288,0.37949735,0.372182,0.3640436,0.35626712,0.3472788,0.33853483,0.32973763,0.32067013,0.31271276,0.3075435,0.3007993,0.29499817,0.29127255,0.28894284,0.28806502,0.28831965,0.28933448,22.46875,5.52634363097757,88.62254558479393,97.5255589259634,82.74422118651104,23.362950996230484,356.0
85,58,0.929248,0.92884874,0.9288044,0.92878,0.92878926,0.9291638,0.9296114,0.9323321,0.9327049,0.93505406,0.9360213,0.93758315,0.9387853,0.94028276,0.9423633,0.94346946,0.94479585,0.94571227,0.94684994,0.9471439,0.9477641,0.94796276,0.9477836,0.94639564,0.94383687,0.9380863,0.9306598,0.9216484,0.91246647,0.9031528,0.8941692,0.8853909,0.87806123,0.86996335,0.8634695,0.85752857,0.8552234,0.85455894,0.8558108,0.8587952,0.86326146,0.8688756,0.87396234,0.8783586,0.88158756,0.88467026,0.88672507,0.88837636,0.8893405,0.88960457,0.89084136,0.8916709,0.8934246,0.894757,0.89650434,0.89688617,0.8971082,0.89623106,0.89415735,0.8909007,0.8870102,0.8804832,0.87450886,0.86588365,0.85736907,0.8478374,0.83980024,0.8331964,0.8277452,0.8204467,0.81258404,0.8011731,0.7873516,0.76858145,0.74768436,0.7231748,0.6997308,0.6770074,0.6600305,0.6454154,0.6368091,0.6301246,0.62807727,0.62530816,0.62455976,0.6242502,0.62521267,0.627538,0.62974167,0.632372,0.635897,0.6388234,0.6427308,0.64619315,0.64953184,0.65144295,0.654402,0.6565603,0.6588562,0.66128504,0.66314816,0.6647837,0.66642874,0.6673118,0.66886395,0.6714785,0.6751022,0.6784142,0.6836107,0.68861127,0.69371843,0.6991595,0.7032149,0.7073978,0.7098563,0.71294534,0.71742904,0.71958923,0.72199464,0.7226174,0.7205663,0.71730745,0.71279347,0.7060902,0.6971306,0.6854657,0.67657197,0.6701487,0.6682131,0.664783,0.6625657,0.65901935,0.6555614,0.65276945,0.6499769,0.64749634,0.64735997,0.647077,0.64774925,0.6484488,0.6494021,0.6493773,0.6513188,0.65342677,0.65580857,0.6589303,0.66088665,0.662742,0.6648812,0.66729176,0.6699246,0.67244864,0.6757034,0.67911506,0.6811343,0.6808486,0.678935,0.6724595,0.66297865,0.65093297,0.6320884,0.603636,0.5708451,0.5328853,0.49959403,0.47169036,0.45132384,0.43607652,0.42735803,0.42480606,0.4264466,0.43169183,0.43882042,0.4460391,0.45353132,0.4599723,0.4673373,0.47470826,0.48239273,0.49006486,0.49654397,0.5018462,0.50499797,0.50599754,0.5040424,0.4990503,0.49237907,0.48263448,0.47243088,0.4614937,0.4516831,0.44349855,0.43883792,0.4358045,0.4332152,0.43085152,0.42928076,0.42693508,0.42575887,0.42525423,0.42483988,0.4256245,0.42807606,0.42989963,0.4321607,0.4340703,0.43579718,0.4368264,0.43859538,0.4387936,0.43914908,0.43966115,0.44112855,0.4432202,0.44547412,0.4484549,0.45152688,0.45471334,0.45785102,0.4602174,0.46359858,0.4655386,0.46691614,0.46569413,0.46114224,0.45304886,0.4421212,0.4291103,0.41652834,0.40388662,0.39324805,0.38334903,0.3796274,0.37851268,0.3793605,0.3783043,0.37569487,0.3744431,0.37505364,0.37649637,0.37840506,0.38056952,0.38191593,0.382878,0.38573244,0.38854748,0.3907839,0.39144844,0.39527,0.39631984,0.39775744,0.39724702,0.3958881,0.39257842,0.3871501,0.38076812,0.37434486,0.36629477,0.35925138,0.3509665,0.34247667,0.3327496,0.32400876,0.31576908,0.31199938,0.30503976,0.299662,0.2963224,0.29325342,0.29167715,0.29160947,0.29128334,23.3125,6.187827733883624,97.43191006627515,96.20203263148301,80.90368994849521,26.872195297074136,335.0
86,70,0.9309386,0.9308656,0.9306232,0.93096864,0.9317187,0.9316551,0.93273485,0.93539864,0.93636715,0.9379835,0.9395299,0.9410358,0.94245744,0.94447005,0.9454992,0.94725126,0.94866246,0.9500115,0.9506906,0.9516783,0.95210415,0.95234066,0.9519959,0.951005,0.9477086,0.9425863,0.93457246,0.9252424,0.9156226,0.90604746,0.8965063,0.8872502,0.8797539,0.8718653,0.86464614,0.858446,0.8555453,0.85450387,0.85599816,0.85859203,0.8637364,0.869351,0.87486863,0.8799568,0.88332903,0.8865026,0.8887836,0.89031315,0.8914817,0.89213926,0.8931031,0.89447445,0.89636016,0.8976244,0.8994241,0.8999078,0.9001192,0.89899755,0.8969683,0.8934275,0.88912296,0.8825941,0.875497,0.86614966,0.85659325,0.8460726,0.8379253,0.8303643,0.8244631,0.81684446,0.8085954,0.79644895,0.78171533,0.7610549,0.73792547,0.71273565,0.688429,0.66446835,0.6465788,0.6319589,0.62344354,0.6170051,0.6156228,0.61363184,0.61405253,0.61421597,0.6153407,0.6178063,0.6210358,0.62456316,0.62777185,0.6317532,0.63533735,0.63918805,0.64334625,0.64471215,0.6477996,0.6494646,0.6531168,0.65464133,0.6563529,0.65872073,0.6601138,0.6616749,0.6636344,0.66631556,0.6700222,0.6740538,0.6791792,0.6841929,0.69062024,0.69489384,0.6991439,0.703503,0.7062849,0.7107515,0.7139414,0.7171804,0.7186446,0.7187273,0.7177869,0.7141774,0.7099044,0.703212,0.693954,0.68225306,0.6725607,0.6665102,0.66373324,0.6609081,0.65772706,0.6546681,0.6512959,0.64776194,0.64448184,0.6423664,0.64165556,0.6415975,0.64230925,0.64215183,0.6427882,0.6432641,0.6448312,0.6470419,0.64996785,0.6522187,0.6550106,0.65713394,0.65924245,0.6612729,0.6639641,0.6661203,0.6702945,0.6733199,0.67559725,0.67547965,0.673257,0.66655976,0.65698016,0.6442341,0.62380016,0.59418577,0.5597062,0.51997143,0.48870385,0.46190277,0.44212264,0.42846853,0.42162353,0.4200114,0.42350674,0.4294195,0.437143,0.4450543,0.45305717,0.4602444,0.46726602,0.47518224,0.48242286,0.4896962,0.49614936,0.5006137,0.50291663,0.50246334,0.500262,0.49427646,0.48675966,0.47620654,0.46544063,0.45356423,0.44387355,0.43476802,0.42949563,0.42521682,0.42173102,0.41908163,0.41724652,0.4148735,0.41353127,0.412879,0.41350514,0.4143806,0.41674682,0.4197444,0.42199475,0.42472237,0.42665344,0.42843294,0.43035787,0.4311396,0.431547,0.43239385,0.43433362,0.4363214,0.43903327,0.4414341,0.44498885,0.44789934,0.4509673,0.45443374,0.45736438,0.45926976,0.4601736,0.4582612,0.45424968,0.44604483,0.4353739,0.4220737,0.40865284,0.39586395,0.38509548,0.37445834,0.37071252,0.36916378,0.37013727,0.36893615,0.36664808,0.36525252,0.3653775,0.366306,0.3688079,0.37044132,0.3719908,0.3727935,0.3751453,0.37815332,0.38066226,0.38210857,0.3843282,0.38589096,0.38771653,0.38722247,0.38627055,0.38270903,0.37751567,0.370946,0.36450505,0.35675508,0.3492844,0.34022015,0.33156025,0.32222223,0.31387615,0.30551797,0.30086303,0.2940812,0.28822446,0.2838874,0.281213,0.279282,0.27898902,0.27846056,20.71875,5.978836772174335,96.01183813010523,105.8306532304174,78.9348710779771,31.68057799317896,374.0
87,68,0.9507112,0.9506816,0.95024765,0.9508253,0.9508023,0.9512058,0.95188665,0.95376754,0.954486,0.95610964,0.9571024,0.958773,0.9604265,0.9619074,0.9634273,0.9648098,0.9654139,0.9671533,0.9677526,0.9684779,0.968647,0.96887714,0.9683256,0.96714664,0.9644141,0.95934254,0.9516752,0.94262344,0.9333966,0.9241818,0.9149808,0.9062401,0.89844686,0.8908331,0.88344556,0.8775593,0.8747273,0.8740003,0.874455,0.8781222,0.88235587,0.8878738,0.893417,0.8983161,0.9012338,0.90460014,0.9066287,0.9088063,0.90963477,0.9103101,0.9112488,0.91248286,0.9141026,0.91564626,0.91696894,0.9175948,0.9174539,0.91617227,0.91478366,0.9110174,0.90608066,0.8996711,0.89289576,0.88420403,0.87582827,0.8656986,0.8579556,0.85078853,0.84558356,0.8381312,0.83041954,0.8182065,0.8038298,0.784263,0.7629794,0.7379445,0.7152634,0.6918783,0.67495143,0.66086054,0.65275824,0.6465254,0.6443606,0.6426561,0.64178586,0.64211947,0.6434555,0.6456078,0.64865637,0.6520039,0.6549444,0.65829766,0.6622394,0.66593045,0.66935146,0.6710017,0.6743696,0.67679626,0.6798358,0.68141615,0.6839639,0.6861876,0.6871263,0.6884943,0.6898961,0.69298375,0.6971295,0.70032364,0.7055708,0.71067524,0.71566176,0.72126144,0.7249218,0.7293101,0.7321578,0.73507625,0.7394305,0.74173045,0.7443864,0.7446143,0.74288344,0.7395227,0.73534524,0.7284057,0.7187836,0.7067174,0.69771093,0.69147044,0.6889601,0.6859056,0.68311626,0.67990065,0.6762715,0.67347825,0.6701392,0.66786313,0.6673172,0.66754794,0.6685292,0.6688858,0.6691251,0.66993773,0.67100716,0.6730014,0.6760092,0.6784074,0.6810322,0.6830107,0.6846194,0.68665665,0.68927,0.6918998,0.69562906,0.6987264,0.70069516,0.70002127,0.6983172,0.6917666,0.6820322,0.6690166,0.64869946,0.6191649,0.5852715,0.54621184,0.51345205,0.48569912,0.4654869,0.4514479,0.4435439,0.44087142,0.44352633,0.449497,0.45662162,0.46455356,0.47269207,0.4797994,0.48738098,0.49447846,0.5018007,0.50975764,0.51589346,0.52142084,0.52435917,0.5250377,0.52316475,0.51816666,0.51103866,0.5014062,0.4904259,0.47890195,0.4695699,0.4606132,0.45532602,0.4519524,0.44935006,0.44694883,0.44490725,0.44295573,0.44147018,0.4410056,0.44128382,0.4422058,0.44484916,0.44739422,0.44944978,0.4525049,0.4539164,0.45527178,0.45622772,0.45671,0.45716622,0.45785227,0.4587635,0.46027112,0.46316612,0.46537519,0.46876138,0.47140378,0.4749499,0.47780162,0.4811623,0.48324412,0.48382485,0.4819895,0.47749233,0.46851918,0.45728984,0.4440608,0.43082285,0.41792387,0.407619,0.39716762,0.39314997,0.3916877,0.3923933,0.39136618,0.38883287,0.38710025,0.3877362,0.38910744,0.39154798,0.39358068,0.39529756,0.39626926,0.3992448,0.40157902,0.40411174,0.40514845,0.40832245,0.4097633,0.41089004,0.41090232,0.40964592,0.405797,0.40136674,0.3946749,0.38809583,0.3802998,0.37309876,0.36472827,0.3558844,0.34540835,0.3364814,0.32815716,0.3234282,0.31664687,0.31124604,0.30708447,0.30560008,0.30379263,0.30373424,0.30437186,23.34375,7.0125643920419245,102.08952877853832,99.27530026429746,82.18489259815253,30.359001974510857,320.5
88,62,0.9415276,0.94074607,0.94095963,0.9410379,0.9411221,0.94177794,0.9422728,0.9444275,0.94493496,0.946683,0.9478259,0.94973296,0.95042455,0.95248896,0.9537143,0.95487905,0.9558352,0.9574672,0.95767486,0.9587237,0.9594048,0.95995545,0.9594873,0.9586451,0.9556834,0.9504398,0.94258857,0.9340567,0.9248167,0.91545033,0.9063906,0.897482,0.8901017,0.8822998,0.87481976,0.86954683,0.86649406,0.86541593,0.86698717,0.8695575,0.8743894,0.88022166,0.8856208,0.89002377,0.89387226,0.8964422,0.898864,0.90051603,0.90139645,0.9021873,0.9029764,0.9043021,0.90603137,0.9074248,0.90904665,0.909718,0.90955615,0.9081919,0.90708935,0.9031779,0.8985827,0.89234173,0.88562393,0.87715065,0.8687379,0.8593409,0.851015,0.8440951,0.8386022,0.83173794,0.8233424,0.8120949,0.79727,0.77829707,0.7563287,0.7329147,0.7089303,0.686056,0.66841257,0.65400314,0.64466035,0.63834023,0.6356699,0.6330744,0.63292515,0.6330558,0.6344948,0.63695896,0.6393949,0.6423615,0.6459274,0.6492529,0.65263295,0.6568624,0.659951,0.66211516,0.66534495,0.6674926,0.66971195,0.6724493,0.67443836,0.6757616,0.67664135,0.67798364,0.6799211,0.6816709,0.68662965,0.68991077,0.6949683,0.7002825,0.70570964,0.71033937,0.7159775,0.71938825,0.7229452,0.7258092,0.7294047,0.73276937,0.7348542,0.7358334,0.73370695,0.73121876,0.7269017,0.7196542,0.71064484,0.6992792,0.69016707,0.6834846,0.6803373,0.67736053,0.6747323,0.6718682,0.6679825,0.66482365,0.6615963,0.6590977,0.6584338,0.65835965,0.6591823,0.65940106,0.66013455,0.6601863,0.6626619,0.6641817,0.66742545,0.67037153,0.67281497,0.6749979,0.6773133,0.679165,0.68181777,0.6845494,0.6882292,0.6918733,0.6938168,0.6933719,0.6916255,0.6847884,0.67612636,0.6630593,0.64339864,0.6149114,0.5811471,0.5418885,0.5088836,0.48089045,0.46046194,0.44512773,0.43730003,0.43446928,0.43685812,0.44275245,0.4497233,0.45808074,0.46568248,0.47296986,0.4808663,0.48852634,0.49582386,0.503683,0.51046854,0.51543736,0.51869303,0.5190874,0.5167006,0.5112772,0.5033109,0.4933549,0.482514,0.4703918,0.45987165,0.45203108,0.4466143,0.44262737,0.43946105,0.4363861,0.43543613,0.4326197,0.43146718,0.4302543,0.43035096,0.43144304,0.4336196,0.43620235,0.43899888,0.44083,0.4426118,0.44511646,0.44653398,0.44747084,0.4480217,0.44860697,0.45007712,0.45257947,0.45511076,0.45777187,0.46162504,0.46502417,0.4682893,0.4712481,0.47477072,0.4767459,0.47762346,0.4753373,0.47132885,0.4631371,0.45233822,0.43797672,0.42490244,0.41131207,0.4009683,0.3900917,0.38662636,0.38556418,0.38616478,0.38524085,0.38314196,0.3813901,0.3813116,0.3826154,0.38471335,0.386729,0.38876313,0.39035255,0.3927198,0.39499295,0.3974623,0.3991208,0.40195408,0.40374798,0.40520072,0.40518588,0.40351236,0.3997653,0.3946705,0.38817996,0.38162577,0.3739213,0.36648378,0.35756624,0.3482332,0.338234,0.32967758,0.32061523,0.31612694,0.30940244,0.30345687,0.29953152,0.2965867,0.29506293,0.2957412,0.29484844,21.84375,6.085912846824883,88.90072280904629,102.87367712633167,79.84974983954956,30.466702566864118,347.0
89,61,0.9314488,0.9311246,0.93089646,0.93092686,0.9317492,0.93210715,0.9323515,0.93490785,0.93558323,0.93721414,0.9389001,0.9404088,0.9416928,0.9437696,0.94500744,0.94683343,0.94758916,0.9490613,0.9498179,0.95033,0.9507523,0.95076287,0.9505379,0.94967425,0.94706947,0.9417269,0.9344632,0.9248756,0.91593677,0.90592045,0.8964645,0.8875649,0.8796724,0.8716543,0.8643048,0.85881734,0.856212,0.8555602,0.8568173,0.8599528,0.8644068,0.87039554,0.87510836,0.8794696,0.883227,0.8857161,0.88810754,0.88931966,0.89046854,0.89110494,0.89186776,0.893399,0.8947556,0.8966665,0.8979826,0.89821744,0.8985112,0.89738595,0.8951553,0.89178383,0.8877204,0.881137,0.8743509,0.86584234,0.85710615,0.84748095,0.83934176,0.8324069,0.8266089,0.81936496,0.81117797,0.7996135,0.7847717,0.7649994,0.74351144,0.71821,0.6944947,0.6714363,0.65398836,0.6388026,0.62972295,0.6239332,0.62041765,0.61857986,0.6171654,0.6169832,0.6183647,0.62039745,0.62255627,0.62385,0.6279682,0.63149816,0.63475865,0.63884085,0.6419754,0.6440983,0.6471598,0.64924777,0.65182734,0.6537247,0.6555284,0.6571984,0.6588646,0.65994865,0.66290206,0.66442287,0.6676333,0.67221296,0.6772324,0.6822794,0.6881505,0.6927986,0.69782865,0.70171845,0.70518655,0.7080244,0.71152246,0.71496224,0.71731997,0.7183602,0.7164322,0.7136811,0.70895827,0.70231456,0.6932341,0.6818631,0.67261267,0.6670839,0.6642421,0.6620406,0.6587772,0.65549135,0.6519604,0.6486615,0.64585996,0.6434946,0.6431316,0.6432365,0.64358985,0.64444673,0.64465725,0.64503014,0.64690804,0.64866894,0.65144235,0.6536428,0.6564273,0.6585636,0.6602063,0.66191036,0.66483617,0.6676439,0.6712187,0.6746539,0.67650414,0.67590034,0.67395675,0.6670883,0.65712297,0.6446347,0.62538725,0.5955584,0.5620806,0.5240743,0.49114597,0.4630381,0.44257063,0.4277184,0.41940218,0.41572237,0.41767395,0.42307737,0.43079284,0.43778294,0.44597477,0.45306623,0.4600796,0.46773335,0.4745496,0.48202437,0.48879462,0.49413228,0.4975248,0.4986031,0.49731237,0.4920439,0.48555562,0.4760037,0.46597075,0.4543606,0.44530424,0.4376649,0.432477,0.42846948,0.42552185,0.42320883,0.42130417,0.41952118,0.4182031,0.41754016,0.41780442,0.4184171,0.42059547,0.42285255,0.42544898,0.42749316,0.42915154,0.43107057,0.4321797,0.43257892,0.43346447,0.43345407,0.43522322,0.43776783,0.4396348,0.4424673,0.44599068,0.44899845,0.45201594,0.45470476,0.4576803,0.45979974,0.46065646,0.45886695,0.4548146,0.44640112,0.43607,0.4229649,0.41051412,0.3974526,0.38753235,0.3775977,0.37448415,0.37279856,0.37394392,0.37270576,0.3704729,0.3688771,0.36902434,0.36988908,0.3719051,0.37399936,0.3759624,0.37694445,0.37910414,0.38156563,0.3841894,0.38536486,0.38835037,0.3893838,0.3904742,0.39078277,0.38898063,0.38516766,0.38049686,0.3745142,0.36773825,0.36032936,0.35310057,0.3444574,0.33611563,0.3268509,0.31847918,0.31053048,0.30590904,0.2986864,0.29372928,0.2891059,0.2875471,0.28556806,0.28560072,0.28537813,23.65625,6.65699732366398,95.4981798823342,93.97014610716968,80.81515031537822,31.631215221683718,373.5
90,63,0.9292295,0.9284049,0.9282573,0.9284308,0.92872655,0.92918897,0.9297221,0.9320659,0.93309605,0.93478894,0.93573844,0.9380583,0.9396472,0.94113266,0.94255614,0.94422185,0.9452627,0.94607055,0.9465447,0.9477197,0.9482278,0.9485083,0.9475517,0.94688535,0.94446534,0.9387984,0.9316021,0.92244124,0.9132715,0.90353024,0.89409256,0.88515127,0.8772621,0.869104,0.8617877,0.85629094,0.8528917,0.8524152,0.8529717,0.85639256,0.8610667,0.8666177,0.8717635,0.8760812,0.88000107,0.8828098,0.8849436,0.88642305,0.8882556,0.88865894,0.88977265,0.89111006,0.8922988,0.8942566,0.89584506,0.8966516,0.89677,0.8956299,0.89388716,0.890205,0.886042,0.87951267,0.872558,0.8639002,0.855186,0.84506917,0.83661765,0.8298061,0.82430327,0.81736106,0.8088523,0.7973044,0.78182554,0.76209253,0.74049664,0.71492153,0.6903232,0.6671531,0.64834106,0.6331842,0.6244627,0.61800253,0.6145376,0.61204445,0.6113821,0.6110877,0.612191,0.61437595,0.6173529,0.6196119,0.62324524,0.62691015,0.6305897,0.6335546,0.6370641,0.63965666,0.64230275,0.6447545,0.64754426,0.6492044,0.6517396,0.65281713,0.6550813,0.65626514,0.6580899,0.6605286,0.6638261,0.6685295,0.6732433,0.6783862,0.68352306,0.6884454,0.6943147,0.6977935,0.7016,0.7052436,0.70878595,0.7125199,0.7146727,0.71512717,0.71359915,0.7112813,0.7066915,0.6993539,0.6906091,0.67925394,0.66995466,0.66372937,0.6606661,0.6583616,0.65583557,0.6514877,0.6476083,0.64461786,0.64216614,0.6396306,0.6391353,0.6396006,0.63960636,0.6403255,0.640697,0.6410108,0.6420781,0.64499134,0.6478678,0.64995646,0.6533779,0.6549294,0.6562251,0.65867347,0.6617676,0.6645736,0.66823107,0.6722157,0.67406917,0.6739771,0.67179716,0.66458964,0.65489566,0.64266515,0.6225423,0.5929541,0.5590383,0.52018297,0.4863943,0.4584734,0.43764222,0.42188746,0.4135703,0.4099602,0.41233516,0.4174462,0.4247098,0.4318072,0.4399622,0.44765824,0.45494217,0.46295285,0.4708374,0.47812903,0.48476264,0.49027246,0.493749,0.49412522,0.4928323,0.48770243,0.48114797,0.47084808,0.4609936,0.44924468,0.43993956,0.43112153,0.42637575,0.42185175,0.41895956,0.41683707,0.41480786,0.41216353,0.4115807,0.41040155,0.4101994,0.41112486,0.41354865,0.41567785,0.41821644,0.42049822,0.42209685,0.42376447,0.42566073,0.4263425,0.42702544,0.42749828,0.42930752,0.43194777,0.4341899,0.43729463,0.4403671,0.44406986,0.44683087,0.44936532,0.4525305,0.45501304,0.45606476,0.45413804,0.45008618,0.44131455,0.43074405,0.4174396,0.40518773,0.39109272,0.38132188,0.37084752,0.3672442,0.36667955,0.3672693,0.36633506,0.3635072,0.36207312,0.36222455,0.3633423,0.36544192,0.36709872,0.3690533,0.36944085,0.37224022,0.37483308,0.37688163,0.37842852,0.38148367,0.3822595,0.38362026,0.3836788,0.38204074,0.37812215,0.37378418,0.36750692,0.36068314,0.35303175,0.3460812,0.33736354,0.3291546,0.31921142,0.31104386,0.30285758,0.29842293,0.2914315,0.285832,0.2817157,0.279053,0.27744365,0.27682263,0.27731088,21.96875,7.224295647962686,89.53504108264859,93.88681450296431,79.20530952154652,30.181744749596124,345.5
91,63,0.9244227,0.92359763,0.92381346,0.92465913,0.9249667,0.92577577,0.9250569,0.9281785,0.9283912,0.93081486,0.9315389,0.9329455,0.93520874,0.93611443,0.93790156,0.9391309,0.9400661,0.9412083,0.9422698,0.9424751,0.943089,0.9428606,0.94284046,0.9419931,0.9398519,0.93492985,0.9269861,0.91783977,0.90903294,0.89971685,0.8909124,0.88275266,0.87472,0.86639374,0.8594302,0.85369337,0.8509529,0.84902537,0.8503163,0.8528576,0.85774815,0.8633708,0.868623,0.87314796,0.87723005,0.8800384,0.88238394,0.8835923,0.88480866,0.8855001,0.88650256,0.8880356,0.88999295,0.8913367,0.8925332,0.893415,0.8936018,0.8921665,0.89112794,0.8873656,0.88273853,0.8760357,0.86919737,0.86086166,0.85205925,0.8425164,0.83506006,0.8271896,0.822027,0.8153309,0.80745435,0.7954041,0.7808594,0.7613262,0.73949677,0.71424586,0.6916783,0.66807175,0.6500609,0.63523054,0.6268798,0.6202699,0.6172973,0.61528087,0.6149318,0.613837,0.6158741,0.6180229,0.6214745,0.62369907,0.6281725,0.6310612,0.63460803,0.6394901,0.64162433,0.64394975,0.6469717,0.6499747,0.6524487,0.6529983,0.6561996,0.65755004,0.6587601,0.66043246,0.66253567,0.6642865,0.6688088,0.6716237,0.6769371,0.68204606,0.68764746,0.6930585,0.69732106,0.702356,0.70484316,0.70865357,0.7123258,0.7151191,0.7176168,0.7182598,0.7167951,0.71422815,0.71023905,0.70411444,0.69463295,0.68364406,0.67458344,0.66788703,0.6652925,0.6622957,0.660046,0.65655077,0.65266395,0.64964604,0.6474503,0.6443368,0.6429934,0.6431874,0.64458174,0.6445799,0.64496374,0.64536035,0.6466981,0.64875937,0.6522862,0.6548745,0.6577321,0.6598002,0.6621208,0.66381466,0.666233,0.6692946,0.6732427,0.67670643,0.6784059,0.67962784,0.6768912,0.6695534,0.660015,0.6481309,0.6281403,0.59936446,0.565828,0.52681124,0.4935931,0.46517915,0.44456854,0.42864048,0.41995233,0.41747442,0.41931736,0.42613447,0.4330758,0.44099712,0.44967002,0.45738506,0.4659034,0.47358146,0.4816925,0.4895338,0.4967572,0.5015745,0.5053203,0.50554913,0.5048219,0.49911124,0.49299076,0.48314202,0.4729058,0.46102995,0.4517628,0.44260594,0.4373681,0.43277562,0.42899695,0.42619753,0.42403674,0.42199814,0.42042768,0.41959542,0.41934147,0.4204069,0.42272642,0.4253273,0.42817247,0.43075415,0.43260974,0.43521893,0.43729788,0.4392326,0.4397229,0.44100073,0.44311953,0.44558328,0.44822678,0.45077989,0.4544142,0.45762578,0.46122736,0.46392947,0.466967,0.46943775,0.47055423,0.46865362,0.46369046,0.45576614,0.44435102,0.43035403,0.4169466,0.4033442,0.39267716,0.38113487,0.3779274,0.37713176,0.3784725,0.3768956,0.37393802,0.3715362,0.37175012,0.3731075,0.3754416,0.37750626,0.379587,0.38033777,0.38299608,0.3856202,0.38801765,0.3893115,0.39198107,0.39305133,0.3941381,0.3943021,0.3928758,0.3891067,0.38472882,0.37771735,0.37109563,0.36328822,0.35615778,0.34709415,0.33881086,0.32908148,0.32007772,0.31207436,0.3072589,0.30065966,0.29499722,0.29095125,0.28906506,0.2872473,0.28716522,0.28809,19.09375,6.44970297949255,84.59539041802861,109.7869229347888,81.74722439811656,26.273110752109137,324.5
92,58,0.91673124,0.9160945,0.9153099,0.9161565,0.9162631,0.91615146,0.9165653,0.919243,0.9197651,0.9215104,0.9230319,0.92477965,0.9263066,0.9276359,0.9296032,0.9311695,0.93238723,0.9335966,0.9344208,0.9352107,0.9354253,0.9354831,0.93554395,0.9349034,0.9322448,0.9267951,0.9191247,0.90981036,0.9006018,0.8911012,0.8817203,0.87279725,0.8648056,0.85651034,0.84936255,0.84365463,0.8409503,0.83987623,0.8414075,0.8440708,0.8485915,0.85455275,0.85965997,0.864542,0.8682963,0.8711704,0.87319505,0.8749127,0.8757274,0.8773856,0.87757635,0.87884927,0.88089263,0.882451,0.8833873,0.8842353,0.88463,0.8834734,0.88171065,0.8784253,0.8738183,0.8673919,0.8605124,0.851914,0.8434711,0.8336752,0.8256145,0.8185414,0.81336737,0.8057344,0.7979692,0.7864198,0.77098703,0.7520839,0.7305769,0.70541644,0.6817656,0.65873075,0.6398603,0.6256404,0.6161443,0.60927534,0.6067333,0.6044921,0.6031082,0.60286033,0.6039825,0.60636556,0.6088742,0.6109154,0.61487794,0.6177561,0.6215254,0.6248636,0.6285094,0.63083076,0.6337298,0.6370009,0.6394725,0.6412217,0.6436249,0.6444239,0.6459931,0.647152,0.6501853,0.6520439,0.6559371,0.6592834,0.6644218,0.6702086,0.6755431,0.6799037,0.6855291,0.68970716,0.69329214,0.69636035,0.7004007,0.70330274,0.70599514,0.7067546,0.7053828,0.7023186,0.6984365,0.6919031,0.6820203,0.67130005,0.6615455,0.65580225,0.65283203,0.65038574,0.6478038,0.6440717,0.6404443,0.6373525,0.6349565,0.63182926,0.63201773,0.63132167,0.632218,0.63184065,0.633595,0.63345206,0.63507634,0.6370203,0.6401221,0.6425619,0.6451989,0.6469101,0.6487311,0.6505618,0.6532068,0.6554941,0.6596312,0.6631661,0.66519415,0.6647848,0.663165,0.65601665,0.64661497,0.63458616,0.61469805,0.5858775,0.55219537,0.51359046,0.48034292,0.45276293,0.43211418,0.4167489,0.40848202,0.40508196,0.40657848,0.41221237,0.41872734,0.4267538,0.43385208,0.44167197,0.4486879,0.45677873,0.46398735,0.47171846,0.47841716,0.48352444,0.4871426,0.4876941,0.4864969,0.48137587,0.47512537,0.46628064,0.45631003,0.44468823,0.4353658,0.427131,0.4219336,0.4175195,0.41442728,0.41214252,0.4102243,0.40852156,0.4064939,0.40585715,0.40573087,0.4061024,0.4087829,0.4106378,0.41413122,0.41630176,0.41797543,0.41940108,0.42104203,0.42166734,0.422574,0.42302132,0.42546964,0.42733276,0.429697,0.43264243,0.43571258,0.43909472,0.44232196,0.4451487,0.4482183,0.45041215,0.4514386,0.4495859,0.4454921,0.43741235,0.4270873,0.41330644,0.40052885,0.38765204,0.3770906,0.36766666,0.36405107,0.36265892,0.36316502,0.36234045,0.35968673,0.35762212,0.35812333,0.35930032,0.36104774,0.36318672,0.364318,0.3662836,0.36809614,0.37146482,0.37351966,0.37481034,0.37777516,0.37857515,0.38044426,0.38056725,0.37876594,0.37537813,0.37052962,0.3642899,0.3575281,0.3496216,0.342453,0.3336532,0.32590246,0.31591332,0.30810684,0.2995346,0.29512304,0.28804234,0.28322113,0.2786014,0.27639228,0.27481082,0.27413797,0.2751761,22.75,6.612594610711284,88.1376473764208,88.62744572500662,79.7909003522534,25.51023155627356,329.0
93,67,0.93962204,0.93968,0.93882054,0.93979967,0.9397112,0.9399693,0.94115996,0.9439651,0.9445672,0.9463051,0.947861,0.9488611,0.950144,0.951987,0.9529609,0.9544548,0.9562876,0.95738167,0.9584811,0.95919466,0.9591622,0.9595264,0.9592663,0.95877904,0.9562212,0.9508987,0.9434007,0.9343281,0.92531013,0.91596293,0.9069837,0.89809793,0.8907974,0.88236237,0.875173,0.86951804,0.86615884,0.8652941,0.86633986,0.86911047,0.87354016,0.8789969,0.88433397,0.88936245,0.89329064,0.89655614,0.8988504,0.9004886,0.90144813,0.90229785,0.90311766,0.9046464,0.9063506,0.90803015,0.90937686,0.91024363,0.90979993,0.90880024,0.9071821,0.90341353,0.89897984,0.8923366,0.8853373,0.8761778,0.8673434,0.85741687,0.8495637,0.8423589,0.83648175,0.82971495,0.82108134,0.8095083,0.7941505,0.77434325,0.7531364,0.7274439,0.7027278,0.6784838,0.66042244,0.64658153,0.63758016,0.6320964,0.629851,0.62864774,0.628343,0.6281546,0.63038844,0.6328553,0.63585126,0.638211,0.6424557,0.64631826,0.6497983,0.65403634,0.6580534,0.6599419,0.6627705,0.6654386,0.6688618,0.6705563,0.67267084,0.6736386,0.67546666,0.6760075,0.678878,0.6813043,0.6849278,0.6889756,0.69417727,0.69953585,0.705667,0.7096962,0.71556795,0.7192655,0.7226275,0.7262517,0.7305607,0.7332506,0.73643816,0.7357614,0.73458934,0.7317133,0.72721076,0.7201948,0.7110271,0.6994254,0.6899703,0.68312865,0.68019485,0.6781119,0.6752726,0.6710255,0.6676276,0.6646632,0.6616432,0.6591201,0.6585339,0.6587764,0.6591332,0.6590899,0.6601156,0.66045654,0.6621002,0.6640371,0.6671988,0.66992605,0.67253536,0.67399037,0.6762997,0.6778166,0.6809268,0.6837466,0.68703896,0.6909187,0.6928127,0.693271,0.6910506,0.6842439,0.6750828,0.66312385,0.6425079,0.6134053,0.57846856,0.53892165,0.5050101,0.4776759,0.45846742,0.4446451,0.4373947,0.4358699,0.4389204,0.4455052,0.45310724,0.46198338,0.46968895,0.47770292,0.48533595,0.493039,0.50100935,0.508919,0.51525533,0.519667,0.5223545,0.5219207,0.5194216,0.5130594,0.50469637,0.494154,0.482481,0.4699296,0.45985764,0.45072824,0.44503394,0.4402088,0.4362809,0.43403655,0.43158376,0.4290034,0.42761105,0.42668998,0.42673916,0.42786515,0.43066648,0.43385428,0.43636036,0.43881726,0.44106627,0.442972,0.4450743,0.44657677,0.44764578,0.4484786,0.44999176,0.4526113,0.4552897,0.45791417,0.4617878,0.46460605,0.4683195,0.47141618,0.4749241,0.47692126,0.47786638,0.47552294,0.4710562,0.4625625,0.4512633,0.436113,0.42309582,0.40898988,0.39777246,0.3874965,0.38408715,0.38206625,0.38335663,0.3815848,0.3789991,0.37720355,0.37752178,0.37895304,0.38106036,0.38290066,0.3850054,0.38621283,0.38900456,0.3915427,0.394106,0.39547887,0.3988882,0.40014964,0.40176117,0.4015264,0.40034896,0.39676154,0.39212155,0.38537258,0.37796378,0.37020585,0.3627302,0.3539843,0.3446614,0.33413702,0.3257978,0.31717086,0.31229126,0.30515343,0.30055746,0.29584384,0.29325014,0.2909347,0.29039884,0.29092228,20.3125,6.502223922712702,83.91008851193288,96.96484685444008,80.21400682739514,18.067671872195294,278.5
94,62,0.94067997,0.94023275,0.9399673,0.9405515,0.9405402,0.9410303,0.94117916,0.94465005,0.94517106,0.94616616,0.9479563,0.949501,0.9511111,0.9529208,0.95404756,0.956039,0.95746213,0.9585053,0.9593816,0.95993906,0.9607017,0.9602789,0.96048737,0.95951784,0.9564055,0.9510666,0.9436449,0.9335923,0.9240638,0.9137275,0.9040258,0.89414656,0.88672626,0.8785155,0.871508,0.8657212,0.86303043,0.86240554,0.86387026,0.8666665,0.87161916,0.8768771,0.882076,0.8865504,0.89019036,0.8935975,0.8954761,0.89716727,0.898129,0.898988,0.899848,0.9009354,0.90240526,0.9045553,0.90603864,0.90643585,0.90663195,0.9059989,0.9040055,0.90022403,0.8964057,0.8898306,0.8827849,0.87428033,0.8654827,0.85543966,0.8472127,0.83964473,0.83438575,0.82722664,0.81884617,0.80629826,0.7908994,0.77091914,0.74823046,0.7223114,0.697544,0.6737453,0.6561942,0.64119625,0.6327708,0.6267272,0.6246493,0.6223549,0.621578,0.6216481,0.62324846,0.6256974,0.6280534,0.6301345,0.63429815,0.63706756,0.6415039,0.6458185,0.6485792,0.65068996,0.6536067,0.65572226,0.65860474,0.66060925,0.66328293,0.6642541,0.66650915,0.6678379,0.66949403,0.6722685,0.6757817,0.6795384,0.6844762,0.6899472,0.69569814,0.700103,0.70525545,0.7085021,0.71298814,0.71602184,0.719252,0.722971,0.72432935,0.72567475,0.7227669,0.7194687,0.7150982,0.70755875,0.69791603,0.68618023,0.6766274,0.6698637,0.6666901,0.66435397,0.66173595,0.6580999,0.6538589,0.65102476,0.6483705,0.64568675,0.6448579,0.6454468,0.64689255,0.64678717,0.64747685,0.64803064,0.6490669,0.6517513,0.65451634,0.6568513,0.6596656,0.66220635,0.66367626,0.6649866,0.6681729,0.67138004,0.6745929,0.6783411,0.67952514,0.67962295,0.6775521,0.6707666,0.6616607,0.64892495,0.62845767,0.598594,0.5649835,0.5261274,0.49351734,0.46639907,0.44686964,0.43216157,0.42459464,0.4223833,0.42542574,0.4307519,0.43788615,0.44521376,0.45296592,0.45972207,0.46712947,0.47433335,0.48116404,0.4885529,0.4952518,0.4997865,0.5028988,0.5025409,0.5005845,0.4952278,0.48741347,0.4774814,0.46651462,0.45492026,0.44508946,0.4371283,0.43198663,0.4279221,0.4258354,0.42278957,0.42135322,0.41958806,0.41788596,0.41735536,0.4167847,0.41832244,0.42015085,0.4223262,0.42487982,0.42705044,0.42880973,0.43008488,0.43164337,0.4319671,0.4323645,0.4328127,0.43408996,0.4364063,0.4384382,0.44104233,0.44429162,0.44711006,0.45057178,0.45356685,0.4563431,0.4589274,0.45919308,0.4574123,0.45316526,0.44516364,0.43439892,0.42112404,0.4083114,0.39518234,0.38541627,0.37499028,0.37172666,0.3701208,0.3705638,0.3703121,0.36838785,0.36641484,0.36699474,0.36820245,0.36968505,0.37161225,0.37312192,0.37369174,0.37651157,0.3789636,0.3815349,0.38276362,0.38597602,0.3877833,0.3886237,0.38811326,0.38679504,0.38323027,0.37976402,0.37291348,0.36588803,0.35854226,0.35089815,0.34253222,0.3339432,0.32364374,0.31543875,0.3062641,0.30248705,0.29493013,0.28878433,0.28482047,0.28099924,0.2789805,0.2782408,0.27722317,24.15625,6.544553895540593,101.63629920788841,99.85410682735443,75.80836956942062,26.212529168910425,308.5
95,63,0.94126225,0.94054204,0.9398276,0.9404224,0.9403743,0.94084036,0.9415708,0.9438102,0.944233,0.9461925,0.9473959,0.9487283,0.95034075,0.95215666,0.9533061,0.95473945,0.9558561,0.9576731,0.95792675,0.958971,0.9593315,0.9597872,0.95926094,0.95846015,0.9557588,0.950464,0.9435642,0.9343002,0.92568874,0.91626334,0.9073297,0.89828557,0.8910303,0.88355744,0.8765181,0.87113684,0.86834997,0.86793053,0.8690449,0.8719716,0.8762744,0.88159823,0.88695705,0.8913951,0.8946732,0.897869,0.8999672,0.9016731,0.9024794,0.9031713,0.90403473,0.9049973,0.906518,0.90795034,0.90987176,0.9100387,0.9102949,0.9094627,0.90784097,0.90419215,0.9000516,0.89389646,0.8876008,0.8790521,0.8702198,0.86115474,0.85304546,0.8462999,0.84053576,0.83357567,0.8257839,0.81385076,0.7994099,0.7804345,0.7587304,0.7342403,0.7106792,0.68809897,0.67032945,0.6561843,0.64676994,0.6410012,0.6388824,0.6360018,0.63596874,0.63647074,0.6374622,0.63938224,0.64159864,0.6434922,0.6478398,0.65077746,0.6544147,0.6576307,0.6611854,0.66298044,0.66661584,0.6686071,0.67148757,0.67367345,0.6761439,0.6770813,0.6792846,0.68067145,0.6820674,0.6843536,0.6881286,0.6917751,0.69685715,0.7016473,0.70728517,0.7109432,0.71681696,0.7205279,0.72326463,0.7272357,0.7309886,0.7333113,0.73545825,0.7360147,0.7342638,0.7310852,0.72698087,0.7196871,0.710269,0.6988768,0.68974304,0.683563,0.67977,0.6779363,0.6750393,0.67120504,0.6678167,0.66452134,0.6617558,0.65986955,0.6594113,0.6591571,0.6598176,0.66061676,0.6605959,0.6610676,0.6627562,0.66536903,0.6679904,0.6696944,0.67286843,0.67516065,0.67678547,0.67906487,0.6816716,0.6842979,0.6871498,0.69053715,0.69211173,0.6928438,0.69095266,0.6830485,0.67339593,0.66192925,0.6427064,0.61412126,0.5805888,0.541483,0.5090115,0.48157215,0.46186942,0.44671148,0.43892002,0.4360963,0.43867975,0.4441403,0.45145008,0.45901805,0.46607414,0.47330257,0.48074126,0.48757613,0.4949439,0.502293,0.50888693,0.51409453,0.5172801,0.5175835,0.5156501,0.51034206,0.50320494,0.49347246,0.48321256,0.47114497,0.46128702,0.45318174,0.44857752,0.44454658,0.44169366,0.43972993,0.4375225,0.43622917,0.4346304,0.43348897,0.4337175,0.43453425,0.43699014,0.44004667,0.4417643,0.44378114,0.44542098,0.44739497,0.44769794,0.44825542,0.44918725,0.44885713,0.4501257,0.4522462,0.45485047,0.4576071,0.46016407,0.46363932,0.46651894,0.46958187,0.4721017,0.47480017,0.47536814,0.47379643,0.46954018,0.46131217,0.45072466,0.43735212,0.42374405,0.41058436,0.39967933,0.38958526,0.38646045,0.38500196,0.38564914,0.3842012,0.3825068,0.38026804,0.38097027,0.382012,0.3844208,0.3859493,0.38769272,0.38933766,0.3914228,0.39413404,0.39605427,0.39818132,0.4010312,0.40278062,0.40387812,0.40346223,0.40225095,0.39853036,0.39382184,0.38766125,0.38081783,0.37301326,0.3656898,0.35669205,0.3483767,0.33869368,0.33078897,0.32129112,0.317248,0.3097572,0.3051508,0.30022153,0.29759368,0.29628333,0.29559195,0.29551098,23.78125,6.0860428661475785,97.2903111766896,96.20968456919948,79.32133211995962,23.881260096930536,308.5
96,62,0.93291503,0.9326838,0.93211836,0.9323482,0.9325521,0.9328501,0.93342847,0.93630576,0.93716955,0.9386467,0.94026124,0.94168514,0.943557,0.9450314,0.94665873,0.9482994,0.9495002,0.95071095,0.95175123,0.9520974,0.95218563,0.95292294,0.95255685,0.9514039,0.94883287,0.9431195,0.9350888,0.9254532,0.9159697,0.9053078,0.89570695,0.88636976,0.8783512,0.86989486,0.8626075,0.8567416,0.854136,0.8529388,0.8542548,0.8574058,0.862409,0.8683192,0.8738996,0.87856704,0.8824831,0.88535506,0.8874429,0.88907707,0.8900439,0.8908205,0.8918289,0.8928936,0.89478445,0.8962208,0.8977315,0.8982076,0.89813566,0.8969335,0.8948676,0.8911384,0.8866147,0.88004696,0.8730112,0.86410666,0.85555655,0.84605956,0.83766633,0.83049005,0.82505643,0.81775683,0.80932343,0.7977692,0.78226703,0.762316,0.7401225,0.714986,0.6909025,0.6675884,0.64957434,0.63456047,0.62565196,0.6193925,0.6168475,0.6143956,0.61410797,0.6130711,0.61472523,0.6166574,0.6198099,0.6222689,0.62558484,0.62890255,0.6329893,0.63656175,0.6395619,0.6425872,0.64514655,0.64757246,0.64983636,0.6519781,0.65451586,0.6561022,0.6572999,0.65843,0.6613501,0.6630882,0.66739225,0.67086226,0.6756413,0.6812914,0.6864927,0.6917176,0.69587314,0.70039904,0.703689,0.70644474,0.71073484,0.7134011,0.7160181,0.71698153,0.7152951,0.7121246,0.7077474,0.7007539,0.6916415,0.6806079,0.67137927,0.6647314,0.661913,0.6594386,0.6566851,0.6534789,0.6498648,0.6463892,0.6433443,0.6409601,0.6403178,0.64018404,0.641055,0.6411077,0.6414452,0.6417408,0.64350176,0.64571816,0.648294,0.6512065,0.6541923,0.6556704,0.65784,0.6597997,0.66259724,0.6647923,0.6688425,0.67225504,0.6740312,0.67387867,0.67147917,0.6643781,0.6542213,0.64134645,0.6222676,0.5923135,0.55858487,0.5195507,0.48620224,0.458367,0.4380029,0.42196953,0.41349584,0.41046467,0.41275156,0.41809428,0.42456543,0.4325819,0.44017795,0.44762564,0.45567647,0.46340543,0.4714781,0.4789425,0.4855057,0.4908781,0.49383688,0.49486095,0.49406502,0.4893932,0.48272586,0.4739471,0.4636947,0.45213857,0.44255286,0.43489346,0.42980945,0.4259926,0.4228512,0.420223,0.41837996,0.41620618,0.41496563,0.41400087,0.4144274,0.41495603,0.417234,0.42006224,0.42266852,0.42460823,0.42646065,0.42841434,0.4301167,0.43033051,0.4308714,0.43142915,0.4329675,0.43532753,0.43765065,0.44068322,0.44367212,0.44717002,0.4500927,0.45267558,0.4559818,0.45793575,0.4590554,0.4570856,0.45333642,0.44533378,0.43485862,0.4213016,0.40888026,0.39552045,0.38537645,0.37527913,0.37150028,0.36973864,0.37099418,0.37023062,0.36721566,0.36577368,0.36612415,0.36715955,0.3694538,0.37094104,0.37256396,0.37363195,0.37587428,0.37837678,0.38041985,0.38183635,0.3847567,0.38617104,0.38743544,0.38701588,0.3857341,0.38209212,0.3773184,0.37084275,0.3640663,0.3567497,0.34866184,0.34013873,0.33235714,0.3227563,0.31449515,0.30709332,0.30247498,0.29512113,0.2899124,0.28594908,0.28333503,0.2813756,0.28132597,0.28085095,22.09375,5.743740795287182,100.89784399579824,95.60481759469366,79.55872825942002,29.250583378208578,346.0
97,70,0.9307369,0.93022275,0.9300685,0.9301599,0.9309134,0.9311979,0.931647,0.93409956,0.93525946,0.9366437,0.93793404,0.93994564,0.9416778,0.9429618,0.9441266,0.9458114,0.9471637,0.94836235,0.94928247,0.94991124,0.94982255,0.9504027,0.94991446,0.9490951,0.94622904,0.94091,0.9330033,0.9238802,0.91435486,0.9041121,0.89439887,0.88549894,0.87747264,0.86957693,0.86241364,0.85640705,0.85333997,0.85229003,0.853463,0.856707,0.8612446,0.86724126,0.87255836,0.87763274,0.881309,0.88428533,0.88617843,0.8876158,0.888567,0.88927954,0.89028424,0.89143634,0.8933042,0.8948011,0.89624447,0.8966043,0.89673233,0.89571536,0.893609,0.8901043,0.8857316,0.8791733,0.8723285,0.86351013,0.85505664,0.8448423,0.8368583,0.8299222,0.8245939,0.81725335,0.80945235,0.7975136,0.78244174,0.76258034,0.7405057,0.71593136,0.69126344,0.66746163,0.64947355,0.63403016,0.6243783,0.6176729,0.61541605,0.6128161,0.6124058,0.6117927,0.6132593,0.61552906,0.61831486,0.6209965,0.6250259,0.62824965,0.6322793,0.6356464,0.638905,0.6416942,0.644216,0.64720464,0.65012836,0.6515805,0.65365005,0.6546308,0.65693235,0.6577699,0.6598984,0.6625691,0.6669053,0.6700287,0.6753644,0.68089515,0.68634397,0.69068575,0.6963748,0.7004459,0.7039137,0.7073909,0.7115239,0.7143817,0.7165372,0.71861255,0.71663773,0.7139913,0.7106926,0.7033614,0.69404393,0.6824806,0.6726426,0.66650367,0.6635957,0.6612768,0.65875924,0.6554357,0.65196145,0.64865327,0.6460463,0.64284503,0.64269614,0.6419587,0.642933,0.64279175,0.6434979,0.64359564,0.6455254,0.64792955,0.65095496,0.65341693,0.65683186,0.65881145,0.6608006,0.6631968,0.666399,0.66883576,0.6729721,0.67649806,0.6786088,0.6783662,0.6762375,0.6688764,0.6592475,0.64607096,0.6262085,0.5958841,0.5613593,0.5215064,0.48764062,0.45863277,0.43745092,0.4215787,0.41295895,0.40989888,0.41189304,0.4178097,0.42544997,0.43330723,0.4415366,0.44894668,0.45726368,0.4650693,0.47306734,0.481479,0.4882202,0.4940139,0.49735636,0.4983163,0.4971782,0.4924083,0.48500317,0.47519812,0.4650876,0.4539292,0.4437679,0.43488437,0.4294613,0.4256492,0.4222705,0.41934913,0.41742283,0.41499448,0.4138665,0.412287,0.41243532,0.41401926,0.41583997,0.4188168,0.42107812,0.4236644,0.42583776,0.42827055,0.42988083,0.43062222,0.4313499,0.43260282,0.43483815,0.43687448,0.43983293,0.4426259,0.44636995,0.45023024,0.45349872,0.45700094,0.460028,0.46237046,0.463182,0.46149817,0.45712644,0.44866574,0.4375828,0.4238175,0.41044387,0.39664507,0.38563603,0.3752119,0.37179244,0.3702079,0.3715666,0.37010762,0.3674116,0.3655513,0.36556685,0.36702162,0.36886907,0.37092984,0.3729313,0.37398162,0.37655544,0.37900156,0.38135716,0.38229808,0.38560122,0.38687873,0.38819596,0.38784817,0.38663256,0.38247964,0.37761745,0.37100512,0.36432034,0.3559181,0.3490912,0.34005088,0.3315019,0.32129106,0.31291354,0.30454552,0.30007726,0.2934475,0.28790712,0.28358668,0.28101087,0.279294,0.27962562,0.2794862,21.21875,6.6079498982083456,78.49186287318989,94.39999440423786,84.93422052023796,26.964189553042537,267.0
98,63,0.92671067,0.92610544,0.9255496,0.9255512,0.9257687,0.9258694,0.92663807,0.92896646,0.9297359,0.9312521,0.9328334,0.9342531,0.9362081,0.9375921,0.93896985,0.940499,0.94199926,0.94309574,0.9445666,0.9447866,0.945313,0.94569767,0.9449484,0.9442338,0.9411676,0.936001,0.92846155,0.9191755,0.9095459,0.89988434,0.89057857,0.881197,0.8734939,0.86553085,0.8580382,0.85223806,0.8499172,0.848951,0.850592,0.85344636,0.8577472,0.8634633,0.8689072,0.8735746,0.87702584,0.880056,0.8824668,0.883652,0.8847368,0.8857508,0.88628745,0.88764226,0.88960063,0.89127874,0.89231443,0.89351285,0.893867,0.89230514,0.88988304,0.8866142,0.88220334,0.87566125,0.86909354,0.86051774,0.8517026,0.84192985,0.83363795,0.82685703,0.8213445,0.81443727,0.8060244,0.7947266,0.7799039,0.76037174,0.7388588,0.71518445,0.6906899,0.6681371,0.6504067,0.63598174,0.6273992,0.62073183,0.61777014,0.61497587,0.6149256,0.613944,0.61589634,0.6171247,0.62018746,0.6218371,0.6257397,0.6286363,0.6326319,0.635795,0.6387882,0.64148235,0.64394,0.64620197,0.649444,0.6510368,0.6533582,0.65507793,0.6563455,0.65790915,0.6601819,0.6618581,0.66553485,0.6691084,0.67436934,0.6796585,0.6850015,0.6896978,0.69473577,0.6986861,0.7016129,0.70534277,0.70845103,0.7118441,0.7137307,0.71468353,0.7124875,0.710462,0.7063917,0.6984326,0.68974733,0.6784145,0.6690675,0.66322124,0.6606821,0.65762377,0.65567654,0.6520287,0.64779985,0.64517105,0.6415727,0.63955367,0.63901496,0.6389439,0.6397246,0.6404866,0.64096916,0.6410538,0.6427851,0.64467597,0.6472138,0.64991736,0.6526476,0.653751,0.6564883,0.65823466,0.6605772,0.6631024,0.66706383,0.67039347,0.6714648,0.6717626,0.6696685,0.66308004,0.6531286,0.6406316,0.6218313,0.5922618,0.5587952,0.52024937,0.4875053,0.4594375,0.4388551,0.42383897,0.41484883,0.4116682,0.4134857,0.41886356,0.42563418,0.433493,0.44143826,0.44817686,0.45572513,0.46299773,0.47090286,0.47816822,0.4853476,0.490605,0.4941796,0.49469113,0.49361494,0.48856807,0.48195052,0.4730038,0.46268746,0.45177335,0.4421645,0.43406606,0.428968,0.42507342,0.42264074,0.4197424,0.41784802,0.41638547,0.41495252,0.41405112,0.41386652,0.41477737,0.41728693,0.41995904,0.42186356,0.42450717,0.4258979,0.42709166,0.42872888,0.42923453,0.42931187,0.43030712,0.43175614,0.43378013,0.43578273,0.4388103,0.44191977,0.44481215,0.44817245,0.4507194,0.45416796,0.45649353,0.45694596,0.45529923,0.4509843,0.44323435,0.4333116,0.42001197,0.4071484,0.39397773,0.38350382,0.3732451,0.36959997,0.3684426,0.3692748,0.36791107,0.36594003,0.36391678,0.36390856,0.3651784,0.3672826,0.36886734,0.3709929,0.37215456,0.37433738,0.37673697,0.37880743,0.38045442,0.38322437,0.384747,0.3858585,0.38526872,0.3841342,0.38022083,0.37532642,0.36980075,0.36294535,0.3547887,0.34792382,0.33965194,0.33056498,0.32169855,0.3130286,0.3052438,0.3006644,0.29339498,0.28861123,0.28389928,0.28176418,0.27922744,0.27986515,0.27947116,23.46875,6.515188042430086,99.57159653663288,90.00373412994774,79.69316679800724,30.03365643511039,398.0
99,62,0.92377007,0.9232929,0.92293966,0.92341805,0.9236661,0.92376053,0.92432296,0.92665666,0.92771876,0.92932415,0.9309989,0.9324944,0.93368274,0.9351432,0.9363342,0.93802077,0.9392926,0.94042385,0.9413938,0.9420633,0.94248843,0.9429053,0.9421433,0.94180435,0.9390211,0.93376917,0.9262444,0.91724837,0.9083037,0.89863944,0.88941437,0.8804184,0.8732084,0.86546063,0.85854274,0.85295975,0.8498746,0.8489045,0.84980536,0.8527156,0.85730624,0.8627573,0.8679297,0.87248564,0.8760705,0.8789154,0.8813076,0.88255364,0.8835953,0.88424635,0.8851011,0.88641834,0.8881438,0.88977325,0.8912625,0.891971,0.89150363,0.8908113,0.8888297,0.8853669,0.88113797,0.87468445,0.86749303,0.8591807,0.8506497,0.8415391,0.83355236,0.8262643,0.8213196,0.81428444,0.80627924,0.7948705,0.78022164,0.7611156,0.7399664,0.71510106,0.6915873,0.66828936,0.6511497,0.6357747,0.62690055,0.6208936,0.61785305,0.6158675,0.615468,0.61473125,0.6160397,0.6180179,0.6211008,0.62356514,0.6277033,0.63092613,0.634789,0.6387968,0.6423316,0.6437813,0.64687014,0.64915013,0.6519127,0.65381116,0.6554153,0.6566613,0.6582132,0.6605334,0.660969,0.6644902,0.6678412,0.6712113,0.6763431,0.6814898,0.68652064,0.6919962,0.6965678,0.70051366,0.70418143,0.7069166,0.71082544,0.7138163,0.7162194,0.71642673,0.7153935,0.71225643,0.7078391,0.7018405,0.6927577,0.6817579,0.6728052,0.6666879,0.66336465,0.66178405,0.65835357,0.65583336,0.6514254,0.6488005,0.64518607,0.6427531,0.6415614,0.6423702,0.64291775,0.6433264,0.64356965,0.6433584,0.64544386,0.6473783,0.6500858,0.6525611,0.6558,0.6576774,0.6595127,0.66133785,0.6636046,0.6667876,0.6702433,0.673363,0.6752472,0.6754747,0.6728213,0.6661457,0.65681446,0.64457023,0.62503624,0.59618187,0.5631441,0.52443403,0.49131066,0.46343905,0.44310144,0.4279196,0.4191983,0.4159699,0.41828567,0.42386723,0.43120766,0.43903643,0.44734734,0.45490924,0.463098,0.47065806,0.47870463,0.48667753,0.49323443,0.49872845,0.5013285,0.50268716,0.5009593,0.4959395,0.48904788,0.47984427,0.46968108,0.4584726,0.44941568,0.44092023,0.43550867,0.4308318,0.42800874,0.42537338,0.42324218,0.42052305,0.41961306,0.41834724,0.4186148,0.4199703,0.42202055,0.4243335,0.42744514,0.42989177,0.43210047,0.43367076,0.43558916,0.43624896,0.43744874,0.438107,0.43993533,0.44241148,0.44483173,0.44745833,0.4515288,0.45482343,0.45764285,0.4606537,0.46361428,0.4660563,0.4663719,0.46465558,0.4603452,0.45214677,0.4414413,0.4279017,0.41437155,0.40100086,0.39011323,0.37983674,0.376594,0.37553048,0.37631786,0.37531802,0.3724569,0.37015504,0.3706735,0.3722269,0.37388894,0.37628528,0.3779034,0.37960023,0.381672,0.38438186,0.38645074,0.38711193,0.39033318,0.3911915,0.3930936,0.39250487,0.39118975,0.38730437,0.38293302,0.37624872,0.36891788,0.36141,0.3536849,0.3449924,0.33674943,0.32706377,0.31785995,0.3098668,0.30519763,0.29783505,0.292525,0.28893048,0.2857504,0.28385875,0.28366503,0.28324512,21.09375,7.039242584103539,92.71477628000906,91.36628251898927,72.91074026283196,24.334500089750495,369.5
100,70,0.9394015,0.9389641,0.9386727,0.93863606,0.93905306,0.9395443,0.9405184,0.9425055,0.9434477,0.9449664,0.9459551,0.94759583,0.9489566,0.950384,0.9521855,0.9536958,0.95499635,0.95629394,0.95685214,0.957487,0.9580612,0.9576857,0.9578892,0.9562935,0.9538677,0.94868803,0.9408861,0.9321096,0.92274654,0.9134013,0.9043441,0.89526236,0.88745093,0.87951535,0.8727782,0.8670144,0.86450803,0.86344075,0.86467886,0.8675487,0.87238485,0.87817204,0.88306326,0.8876643,0.89112556,0.89401454,0.8962015,0.8973864,0.8984506,0.8989945,0.8998514,0.90113974,0.90310884,0.90451735,0.90616775,0.90655893,0.90684265,0.90597963,0.9035663,0.90074354,0.8961732,0.8898628,0.8829536,0.8748921,0.86658025,0.8570559,0.8491215,0.8414048,0.83671033,0.8292774,0.82113415,0.80931985,0.7952544,0.77578175,0.7545037,0.7304524,0.7074687,0.6842677,0.6665447,0.6524241,0.64355004,0.63709676,0.63449645,0.6319443,0.6317265,0.63083094,0.6326285,0.63407636,0.6371804,0.63916576,0.6430813,0.64619637,0.6502172,0.65351033,0.6565017,0.65853274,0.6613625,0.663877,0.6667824,0.6689812,0.67072123,0.67250264,0.6740945,0.67486274,0.6768007,0.6796188,0.6827067,0.6868532,0.6913004,0.69669044,0.7019192,0.7073511,0.7115772,0.7156159,0.7177502,0.72209364,0.72506577,0.72833216,0.73056567,0.7307612,0.7282897,0.72552335,0.72129065,0.7147527,0.70518154,0.69461477,0.6858661,0.6796421,0.67672116,0.6738396,0.6716316,0.6678531,0.6646784,0.66172457,0.6587916,0.6565807,0.65614706,0.65572715,0.65639734,0.6565405,0.6572196,0.6569143,0.65931445,0.66118664,0.6636896,0.6662759,0.6690975,0.67095006,0.6723232,0.67476046,0.6773987,0.6801879,0.68379617,0.68669164,0.6881683,0.6883167,0.686521,0.67947876,0.66997015,0.65778697,0.63763595,0.6083265,0.57503855,0.53615403,0.50304914,0.47522646,0.45418692,0.43878645,0.43058544,0.42755622,0.42958635,0.4347595,0.4420846,0.44955793,0.4575579,0.46531695,0.4723903,0.48010173,0.48778158,0.49569616,0.5021855,0.50743926,0.51142037,0.5120808,0.5108514,0.5062803,0.4989757,0.48967424,0.47968575,0.4680329,0.45817727,0.45035046,0.44591272,0.4418051,0.43879086,0.43619734,0.4346951,0.43298352,0.4314506,0.43045205,0.4308213,0.43161696,0.43383986,0.43648663,0.43861568,0.44071287,0.442311,0.4443602,0.4455635,0.4460981,0.44664237,0.44728735,0.44858685,0.45095283,0.4532542,0.45587486,0.45941144,0.46274817,0.46564156,0.46880448,0.4719661,0.47451502,0.47540072,0.47358835,0.46935183,0.46076727,0.4498909,0.4362724,0.42353708,0.41004413,0.3994612,0.38910615,0.38554788,0.38394725,0.3842698,0.38356835,0.38113645,0.37923238,0.37965244,0.38135275,0.3836163,0.38524568,0.38707888,0.38809216,0.39102858,0.39375937,0.39587343,0.3971125,0.39994866,0.40159205,0.40326533,0.40245244,0.4015741,0.3975681,0.39267117,0.38616943,0.37877417,0.3709921,0.36354122,0.35478985,0.34633574,0.33705837,0.32823956,0.3198471,0.31609458,0.30900788,0.30360594,0.2994764,0.29675668,0.29520416,0.29518986,0.29479477,23.0625,6.455787886343928,94.8112117054588,89.4712160841193,84.99106688003786,29.647729312511217,336.0
101,69,0.94857967,0.9483435,0.94761074,0.94789773,0.947811,0.94781846,0.94890374,0.95088804,0.9517828,0.95360196,0.9549005,0.9564945,0.95817304,0.9592334,0.9613582,0.96298003,0.9637498,0.96514815,0.96555626,0.96626306,0.96679425,0.9664313,0.96654207,0.9655042,0.9627085,0.957075,0.94963765,0.94043887,0.9310489,0.9222411,0.9127516,0.9038844,0.89633465,0.88797724,0.88106513,0.87587005,0.8728096,0.8721807,0.8733269,0.87623024,0.8811121,0.88661546,0.89170355,0.89584863,0.8996502,0.9027558,0.90486854,0.9063936,0.90754676,0.9078421,0.90842575,0.90971076,0.9112562,0.9127786,0.91427326,0.91508436,0.9149196,0.9139251,0.9117482,0.90850216,0.90436435,0.8981389,0.891353,0.88299316,0.87452465,0.865011,0.8565651,0.84946805,0.8444549,0.837188,0.8286801,0.8177929,0.8026782,0.7833734,0.76290166,0.7381187,0.71458364,0.6916186,0.673584,0.6595355,0.6507355,0.6439371,0.64042616,0.63847136,0.6381943,0.6373309,0.63806313,0.64045537,0.64293075,0.64589053,0.6487079,0.65248716,0.6558844,0.65930355,0.66282654,0.66484994,0.66739583,0.6698438,0.67319185,0.675069,0.6770038,0.6783037,0.6796948,0.68080455,0.6833596,0.68613183,0.6890741,0.69374204,0.6980132,0.70340157,0.7084677,0.71381605,0.7194342,0.72238195,0.7263018,0.72912806,0.7334243,0.7365216,0.7386135,0.739359,0.7373204,0.73460615,0.72968245,0.72355765,0.71381885,0.7032856,0.69310915,0.6871499,0.6835877,0.68149483,0.6783043,0.67450583,0.6712247,0.6680846,0.66530156,0.6630161,0.6627327,0.66304445,0.66373444,0.66430366,0.6648877,0.66513073,0.6669265,0.66865027,0.6719275,0.6746196,0.6769439,0.6796169,0.68140197,0.6828496,0.6856611,0.68941534,0.6926103,0.69632244,0.69796896,0.6974185,0.69558215,0.6892021,0.6798744,0.66630566,0.6473225,0.6182108,0.58385944,0.5448527,0.51130044,0.48293954,0.46192354,0.44634157,0.4374106,0.43385303,0.43620557,0.44141176,0.44867915,0.45611817,0.4641506,0.4711497,0.47886863,0.4864523,0.49427956,0.5020632,0.50917196,0.5144801,0.5174197,0.51817036,0.5168558,0.51202756,0.5048257,0.4957896,0.48544943,0.4736359,0.46371505,0.454996,0.45022625,0.4464711,0.44418517,0.44125363,0.43955946,0.43760818,0.43635586,0.43555668,0.43586105,0.43643776,0.4385823,0.44069725,0.44351816,0.44600034,0.44724685,0.44863665,0.4495945,0.44981858,0.45036656,0.45098105,0.45226985,0.45501485,0.45714515,0.4595172,0.4626838,0.46616077,0.46952915,0.4728836,0.47659284,0.47875825,0.47981322,0.47784334,0.47375125,0.46547434,0.45494404,0.44057357,0.4276322,0.41398758,0.40373433,0.39308566,0.389797,0.38797277,0.38890836,0.38785768,0.38558716,0.3838567,0.3844115,0.38580644,0.38756067,0.38958967,0.39096373,0.39238662,0.39487493,0.3974827,0.3996262,0.40155512,0.40440863,0.405681,0.40759975,0.4069532,0.4064713,0.40267578,0.3980605,0.39160585,0.38488153,0.3771283,0.36974037,0.36115214,0.3522734,0.34230766,0.33367196,0.324526,0.32048965,0.313236,0.30826795,0.3035667,0.30111682,0.29923335,0.29892367,0.29854345,24.6875,5.936786314474073,94.37647250045544,87.13443570348522,84.44998318607105,24.41751929635613,292.0
102,63,0.9460582,0.9458045,0.9452157,0.9452788,0.9456854,0.9458549,0.9469931,0.9486146,0.9503561,0.95141095,0.95317084,0.95439506,0.9554556,0.9572561,0.9583883,0.9597814,0.9605832,0.96193826,0.9627418,0.9636393,0.9640633,0.9641813,0.96384513,0.9623035,0.96005356,0.9551033,0.94759786,0.9384756,0.92934644,0.9201233,0.91042316,0.9014327,0.8943454,0.88608074,0.87908626,0.8734027,0.8704892,0.8697818,0.8709588,0.87396336,0.87807167,0.884121,0.88910204,0.8932384,0.89717454,0.9000785,0.9027885,0.9039596,0.90516394,0.90550655,0.90666425,0.9079664,0.9092891,0.9112308,0.91279197,0.91305393,0.9132292,0.91238153,0.9103585,0.9067054,0.9022354,0.8962379,0.8890015,0.8806957,0.8714483,0.8624002,0.85418767,0.84722507,0.84160423,0.8342974,0.82563066,0.8148788,0.7999991,0.7803153,0.7586756,0.7336938,0.709727,0.68597126,0.66794217,0.653525,0.64419806,0.63775694,0.6349196,0.6329639,0.63196254,0.6306995,0.63347185,0.63550454,0.6381645,0.639972,0.64340556,0.6470128,0.6502969,0.65427375,0.6583538,0.6601589,0.66303277,0.6655464,0.6683381,0.6701205,0.6719804,0.67407894,0.67600334,0.67700016,0.6789104,0.681255,0.6850321,0.6887326,0.6941198,0.69976544,0.7058207,0.7100401,0.71572065,0.7182466,0.7226255,0.7265517,0.72974145,0.7328084,0.7348131,0.73589575,0.7340578,0.73126984,0.7262644,0.71946,0.7105995,0.698177,0.68900144,0.68284273,0.6790208,0.6763353,0.6747633,0.66982275,0.66662323,0.66384655,0.6607001,0.6576092,0.65742505,0.65878844,0.6584964,0.65886706,0.6593956,0.6593242,0.66116,0.66390544,0.6664144,0.668579,0.67122245,0.6734582,0.67578834,0.67711854,0.6796286,0.6827767,0.68653136,0.68972564,0.69101125,0.6911973,0.6890285,0.68203384,0.6731836,0.6605443,0.6402198,0.6115587,0.5767982,0.5375668,0.5044848,0.47575033,0.4548147,0.43971837,0.430812,0.42805734,0.43025208,0.4364667,0.44364405,0.4513721,0.4590444,0.46686065,0.4743011,0.48180962,0.49001163,0.49771777,0.50427127,0.5093149,0.5130983,0.5137031,0.51196355,0.5065758,0.49982625,0.48997888,0.47875077,0.4668231,0.45723537,0.4486033,0.4431248,0.43894774,0.43707144,0.43391845,0.43241075,0.4303513,0.4299249,0.4285375,0.42819875,0.42925692,0.43193844,0.4334859,0.43671107,0.43809545,0.4401394,0.44156456,0.4432425,0.4432914,0.44444302,0.44479054,0.4462698,0.44801503,0.45087355,0.45396614,0.45694837,0.4603117,0.46375126,0.46771187,0.47024563,0.4730541,0.47324544,0.4719895,0.46744412,0.4592357,0.4474386,0.43386507,0.42051458,0.40762445,0.39606667,0.38617313,0.3823014,0.38100773,0.38139844,0.37993318,0.3782274,0.37616283,0.3768216,0.3781746,0.38052887,0.3818201,0.3833912,0.38490197,0.38756877,0.3904959,0.39207083,0.39393592,0.39736834,0.39892906,0.40044802,0.39997345,0.39770418,0.39446652,0.39025545,0.38313717,0.3759817,0.36748973,0.3606931,0.35093296,0.3427959,0.33274865,0.32415932,0.3156862,0.31074035,0.30416185,0.29822987,0.29399353,0.28953493,0.28789926,0.28803355,0.2879036,22.9375,6.6711328705999025,92.93211588271362,90.68743483134959,74.36859954363497,27.628343205887635,349.0
103,63,0.93479955,0.9344651,0.93354696,0.9344077,0.9338635,0.93460286,0.9355428,0.9378663,0.9392411,0.9406355,0.94172716,0.9437411,0.94487786,0.946272,0.9479811,0.94941175,0.9508368,0.9517398,0.9528098,0.95346975,0.95393574,0.95379895,0.9536745,0.9525534,0.9495844,0.9443971,0.9361759,0.9267974,0.9173468,0.9069072,0.8972064,0.8882394,0.8803734,0.8725209,0.8646078,0.85906184,0.8562361,0.85494137,0.85643065,0.8588451,0.8638334,0.86922383,0.87479156,0.8793802,0.8834458,0.88631856,0.88879025,0.8901352,0.8909926,0.89188063,0.89251196,0.89419395,0.8957721,0.8974464,0.8988733,0.89983356,0.8996403,0.8984374,0.89620024,0.8930678,0.8884424,0.88160133,0.87443227,0.86567914,0.8569275,0.8468144,0.83801156,0.8306738,0.8248569,0.81778085,0.80894315,0.7968074,0.7814532,0.76124644,0.7386205,0.7129729,0.6887661,0.665084,0.64648366,0.6312809,0.62209535,0.6155941,0.61179245,0.61036706,0.6093967,0.6093737,0.6099045,0.61201614,0.6149038,0.6177129,0.6215991,0.6247615,0.6286109,0.6322256,0.6354891,0.6382909,0.64068544,0.64303875,0.6461179,0.64847815,0.6501881,0.65181106,0.65305305,0.6543615,0.6564852,0.65830296,0.6626659,0.66641665,0.6714628,0.6774222,0.6821208,0.6872672,0.6925725,0.69652605,0.70014405,0.7038844,0.7075523,0.71139574,0.71320915,0.7139447,0.7122188,0.71047926,0.70539343,0.699608,0.68972206,0.6783627,0.6691305,0.66334856,0.65954685,0.65730894,0.65469104,0.6510557,0.647884,0.6445083,0.6412792,0.6389403,0.63824666,0.6377218,0.6386018,0.6387038,0.6397711,0.6394262,0.64065117,0.6431544,0.6456227,0.6483993,0.6515931,0.6538674,0.65551066,0.65793234,0.66087055,0.6634663,0.6672803,0.67124933,0.6726268,0.6718594,0.67010427,0.6632425,0.6531657,0.6401385,0.61998963,0.59074295,0.55663145,0.51769865,0.4841104,0.45548,0.43536574,0.4202483,0.41191977,0.40766004,0.41042286,0.41563344,0.4234548,0.43104434,0.4389568,0.4461525,0.45432845,0.46167356,0.46955386,0.4778009,0.48486182,0.48985878,0.4930148,0.49335647,0.49226645,0.48772183,0.48052567,0.47157374,0.46117556,0.44941223,0.4400168,0.43131238,0.4267502,0.4216612,0.4187851,0.4151704,0.4132228,0.41147125,0.4101249,0.40877575,0.40889257,0.40992242,0.4116935,0.41531152,0.41708338,0.42010272,0.42268026,0.42391402,0.4252711,0.42672664,0.4279796,0.42900887,0.43044433,0.4327522,0.43489888,0.4379406,0.4413116,0.4445742,0.44736212,0.45086345,0.4542661,0.4553941,0.45710328,0.45438817,0.4510464,0.44258684,0.43192226,0.41800016,0.405101,0.39235294,0.3818047,0.37120616,0.367484,0.3657385,0.36731166,0.36532718,0.36317867,0.36112303,0.3615848,0.3622227,0.36398363,0.36631304,0.36864406,0.3692031,0.37152332,0.374179,0.3767919,0.37744844,0.37998855,0.38148573,0.3823341,0.3820812,0.38082844,0.37737888,0.37227976,0.3662147,0.359636,0.35313183,0.34497452,0.33670855,0.32821566,0.318534,0.31040642,0.30181685,0.29724407,0.2915527,0.28593087,0.2814808,0.2790062,0.2772023,0.27733698,0.2763588,20.96875,6.831104678436932,91.68462521019231,91.12128146453094,79.00755092822396,28.86914378029079,394.5
104,70,0.93898296,0.9381141,0.9377982,0.93823385,0.93817997,0.9384874,0.93909514,0.9419568,0.94257414,0.9438044,0.9454463,0.94732773,0.94822335,0.9498214,0.9516933,0.9527178,0.9540181,0.9553298,0.9563433,0.95678943,0.9571561,0.9574007,0.9570707,0.95644975,0.9535824,0.94834846,0.9407903,0.9318106,0.9223852,0.91332436,0.90453196,0.8954651,0.88773155,0.8797582,0.87290925,0.86750495,0.8646446,0.8640829,0.865049,0.8678104,0.8725394,0.87799144,0.8829443,0.88740534,0.89135575,0.89398956,0.8963567,0.8975928,0.898987,0.89971495,0.900216,0.9014431,0.9029746,0.9044266,0.9056699,0.9066144,0.90665126,0.90575063,0.9037179,0.9003341,0.8960447,0.8901763,0.88369393,0.87526464,0.86706954,0.8572924,0.84965897,0.8424994,0.83703923,0.8303496,0.8225291,0.81072104,0.7964058,0.7772786,0.75593233,0.7319591,0.70806205,0.6851383,0.6675057,0.65325856,0.6442206,0.6374432,0.63503104,0.632738,0.63258195,0.6321698,0.6338706,0.6363181,0.6390996,0.6406715,0.64523846,0.64859575,0.652129,0.6558155,0.65954053,0.6618113,0.6645031,0.6668594,0.66966236,0.6717636,0.6735317,0.675302,0.6766536,0.678354,0.6792964,0.68214667,0.68648565,0.6897401,0.6950668,0.70045584,0.70505077,0.7100196,0.7155193,0.71879977,0.72241795,0.72557104,0.72933924,0.7323773,0.73523605,0.7356914,0.7340279,0.7314348,0.7269684,0.72037303,0.71108925,0.69981307,0.69083375,0.6844389,0.68140393,0.67955816,0.67632043,0.673097,0.6696537,0.66669416,0.66351396,0.6609769,0.66048944,0.6604475,0.6612638,0.66128707,0.66186523,0.6623206,0.6640566,0.6657986,0.6687752,0.6717375,0.6744771,0.6766517,0.67833996,0.6804609,0.68342125,0.6860039,0.6895393,0.693074,0.6948684,0.69463694,0.6927539,0.6861739,0.6768124,0.664406,0.6450303,0.61565435,0.5817084,0.542654,0.50882167,0.48067144,0.45955613,0.44406426,0.43592685,0.43268275,0.4352609,0.44097182,0.44839492,0.4560138,0.46387324,0.47111654,0.47890228,0.48688203,0.49465677,0.502259,0.5089571,0.51443493,0.5174806,0.5177016,0.51678467,0.5120015,0.50428617,0.49470183,0.48434573,0.472548,0.46276063,0.45425045,0.44899255,0.44503012,0.44178507,0.43866462,0.43624955,0.43466365,0.4327815,0.43211967,0.4323129,0.43329725,0.43572176,0.43798196,0.44071448,0.44276333,0.44518903,0.44714338,0.448436,0.44954807,0.4500643,0.45076686,0.45250866,0.45460045,0.45680192,0.4602403,0.46361548,0.46676046,0.47045326,0.4732136,0.4764082,0.47881615,0.48000744,0.47855294,0.4737113,0.4653151,0.45416808,0.43999493,0.42685434,0.41364154,0.40323305,0.39274624,0.3885492,0.3875525,0.38874006,0.38746607,0.3850812,0.38351056,0.3837102,0.3849892,0.3871218,0.3895976,0.3908682,0.39227927,0.39481384,0.39774245,0.3998791,0.40132585,0.40413314,0.4056357,0.40681213,0.40662932,0.40527865,0.4017675,0.3967636,0.38997054,0.3827598,0.3751452,0.36758256,0.359218,0.3502536,0.3405013,0.33216363,0.32339084,0.3183527,0.31115842,0.30602914,0.3017764,0.29943466,0.29733306,0.2973384,0.29733908,22.8125,6.5832596308458555,84.27904080795093,90.57337220602525,78.35135728518108,28.673936456650512,353.5
105,62,0.9295938,0.92975366,0.9288922,0.92864025,0.9288233,0.9289193,0.92941713,0.9321293,0.9327042,0.93430984,0.9353291,0.9372556,0.9378048,0.9398413,0.94127214,0.94279444,0.9440412,0.9450582,0.94587135,0.9465134,0.9470398,0.94726163,0.94690716,0.9459142,0.94288427,0.93792653,0.9302123,0.9215299,0.91225016,0.90298194,0.89388525,0.88504636,0.8775554,0.8697451,0.86271507,0.85723567,0.85430264,0.85337687,0.85410076,0.8568522,0.8614754,0.86728144,0.87233293,0.8764771,0.88019043,0.88349515,0.8853252,0.8866796,0.8883331,0.88874114,0.88983965,0.8910117,0.8921572,0.89443046,0.89588386,0.8969499,0.89664847,0.8958254,0.8940018,0.8909394,0.88641334,0.88055384,0.8740003,0.8655052,0.8566882,0.84732056,0.83918,0.8321642,0.8271675,0.81989956,0.8121252,0.80096626,0.78691775,0.76824045,0.74740505,0.7229121,0.69929224,0.6762755,0.65845764,0.6434668,0.63517535,0.6289513,0.62548196,0.6230937,0.62301147,0.6228805,0.62386334,0.6267819,0.6300421,0.63295305,0.6359455,0.63932866,0.6442525,0.64738166,0.65100265,0.6528083,0.65582705,0.6575202,0.6608362,0.6630986,0.66469973,0.66647136,0.6677568,0.66957533,0.6718198,0.6735765,0.6769015,0.682046,0.6862612,0.6917145,0.696958,0.70143473,0.7060921,0.7100435,0.71326005,0.7178303,0.7208481,0.7243584,0.72651005,0.7267388,0.7261345,0.7228093,0.7187301,0.712615,0.7036247,0.69220114,0.68334246,0.67713,0.6735858,0.67143697,0.6694043,0.6657686,0.6621274,0.6594678,0.6562755,0.6539371,0.6529765,0.653587,0.6539049,0.65389144,0.6543622,0.65456474,0.6563022,0.65892285,0.6611583,0.66422665,0.66667265,0.66846573,0.6703769,0.67238617,0.67492914,0.6777727,0.68123007,0.6846853,0.68678504,0.68655366,0.6852425,0.6782118,0.66961277,0.6575999,0.63809127,0.60814667,0.5745708,0.5363582,0.5031429,0.47619134,0.4558874,0.43993178,0.43203196,0.42850685,0.4308342,0.43634322,0.44419283,0.45233697,0.45968664,0.46758503,0.47525465,0.4832722,0.4911574,0.49865603,0.50564784,0.5112387,0.51407135,0.5142114,0.51301986,0.5077567,0.5009619,0.49139184,0.48082522,0.46938902,0.45983985,0.45077512,0.44525895,0.44055772,0.43790025,0.43465048,0.43253252,0.4301633,0.4290843,0.42766237,0.4276937,0.4285081,0.43150693,0.43320957,0.4366969,0.43895388,0.44129694,0.44258785,0.44473088,0.44628954,0.44677833,0.44676834,0.44858623,0.45170754,0.45392942,0.45668876,0.46013713,0.46318403,0.4663082,0.470146,0.47311795,0.47549888,0.47610444,0.47527027,0.46991345,0.46166086,0.45144218,0.43771297,0.4241469,0.41103172,0.39966917,0.38925388,0.38494238,0.38340986,0.3843589,0.38329488,0.3803202,0.37893865,0.37958798,0.38066858,0.38350463,0.3845817,0.3866006,0.38778186,0.39123887,0.39330465,0.3957513,0.39694756,0.40025675,0.40079278,0.40243793,0.40158004,0.4004181,0.39709884,0.3920074,0.3846634,0.37769154,0.37044036,0.36313528,0.35402554,0.3447524,0.33518028,0.32685167,0.31771907,0.3132767,0.30672973,0.30105418,0.29682535,0.29411077,0.29331392,0.29301614,0.2937445,20.625,5.961023558814776,89.63932142320837,95.10527161684342,81.98711089160528,29.739723568479626,335.5
106,65,0.92069334,0.9203916,0.92058796,0.92076755,0.92084223,0.9210687,0.92153037,0.92423606,0.9249368,0.9265343,0.9280497,0.9294987,0.93094707,0.93303967,0.9344608,0.93598354,0.93673515,0.93807024,0.939132,0.9396126,0.94018185,0.94014066,0.9402849,0.9393685,0.9368152,0.9315069,0.92402446,0.91532475,0.9057112,0.8957949,0.8862151,0.8772899,0.86911356,0.86153567,0.8544296,0.8487102,0.84513855,0.8444954,0.84545195,0.84825444,0.8530259,0.8587898,0.8641052,0.86813927,0.8721205,0.87530196,0.8773384,0.8791518,0.88003314,0.8804487,0.8815558,0.88268423,0.8852233,0.88657534,0.8880625,0.8883475,0.8884066,0.8874414,0.8852038,0.88191414,0.87772536,0.87144095,0.86463654,0.8554148,0.8470505,0.8369157,0.8287438,0.82183766,0.81639,0.8089436,0.8013885,0.78960556,0.77454835,0.75385445,0.73167264,0.70652163,0.6822456,0.65809107,0.64033556,0.6252853,0.6156267,0.6096209,0.6066531,0.6045519,0.6037436,0.6035682,0.6047951,0.6069585,0.6094519,0.6112364,0.6162929,0.61921364,0.62304294,0.62680566,0.6301587,0.6323818,0.6354108,0.63764095,0.64037913,0.64168876,0.6444287,0.64518505,0.64724255,0.6480236,0.6507753,0.6534498,0.65615517,0.6604704,0.665745,0.67077494,0.6758883,0.68084115,0.6867852,0.6901446,0.6947084,0.69769776,0.70177966,0.70493567,0.7078326,0.7083006,0.7066095,0.70414734,0.7000592,0.6937053,0.6845922,0.6742768,0.66420215,0.65784925,0.65427697,0.65152943,0.6491671,0.64627904,0.6423626,0.6393457,0.63645536,0.6338972,0.63318837,0.63318765,0.6336356,0.6336498,0.634203,0.6346963,0.6360595,0.6382022,0.6411464,0.6444098,0.64690125,0.64873904,0.65044844,0.65249896,0.6555383,0.6581464,0.66221994,0.66562,0.66763973,0.6673406,0.66528124,0.658511,0.64851654,0.6359247,0.61655694,0.58751154,0.5540354,0.5151159,0.48208272,0.45406663,0.43310928,0.41831788,0.40977716,0.40674165,0.40898448,0.4147873,0.42243248,0.42977655,0.43851084,0.44567212,0.45395982,0.46141648,0.46973544,0.47776043,0.48446727,0.48962817,0.49273595,0.4934147,0.4922011,0.4862013,0.47934654,0.46986794,0.4596075,0.44875443,0.4384339,0.42953122,0.42355847,0.41923347,0.41669774,0.41326842,0.41177163,0.40918624,0.4078053,0.40703505,0.40725696,0.40786755,0.40976867,0.41237515,0.4149593,0.4179645,0.42058253,0.42227644,0.42432028,0.4251274,0.42618003,0.4268646,0.42913216,0.43175775,0.43478042,0.4377367,0.44087285,0.44371176,0.44749963,0.45072386,0.45371753,0.45614362,0.45719025,0.45518225,0.4505266,0.44237757,0.43168345,0.41838357,0.40500703,0.391589,0.38070348,0.3704964,0.36680773,0.36578143,0.3666045,0.36570248,0.36260808,0.35998648,0.36111218,0.36211306,0.364223,0.36619878,0.36811393,0.36875919,0.3711889,0.3744575,0.3764482,0.37764126,0.38029778,0.38211805,0.38334948,0.3834053,0.38130608,0.37834358,0.3734636,0.36654606,0.36003768,0.35250267,0.3453089,0.3369982,0.32832462,0.31908423,0.31086516,0.30246997,0.29832762,0.29139903,0.28632545,0.28168216,0.27903807,0.2776693,0.27766377,0.27824312,20.375,6.55619596541786,84.66416325238595,98.83428052672294,77.47691131568374,27.233441033925683,351.5
107,70,0.9328929,0.93291736,0.93231475,0.93284965,0.9324615,0.933242,0.9335277,0.9364105,0.93708444,0.93875456,0.94004226,0.9417213,0.9429587,0.9447106,0.94620425,0.9479828,0.94907904,0.9503248,0.95127994,0.95182717,0.95206666,0.9523657,0.95210385,0.95095664,0.9485045,0.9429351,0.93515223,0.92590153,0.91702086,0.9069617,0.89773965,0.8886324,0.8809183,0.87304616,0.8656473,0.8602274,0.8574948,0.85676074,0.85824907,0.8613963,0.86633426,0.8717249,0.87699026,0.8816552,0.88501513,0.8882036,0.89056563,0.8920881,0.8926858,0.89367247,0.89432704,0.89585733,0.89723504,0.8989042,0.9001416,0.9006221,0.90048265,0.8994012,0.89720654,0.89383906,0.889394,0.88268757,0.8755981,0.8668196,0.8579553,0.84778214,0.8398355,0.8327786,0.82698965,0.8192799,0.8110571,0.798253,0.7825768,0.7619842,0.7397636,0.7139248,0.68975705,0.6665001,0.6488272,0.6344458,0.6262325,0.62060905,0.61827546,0.6164453,0.6160942,0.61580193,0.6176436,0.6201931,0.6227213,0.62489647,0.6289842,0.63252413,0.6359173,0.6394155,0.6431582,0.64619994,0.6488025,0.6510439,0.65404975,0.6565906,0.6576643,0.6595714,0.6615348,0.6629696,0.6645423,0.6673939,0.6710564,0.67482007,0.6801418,0.685506,0.690474,0.69582605,0.70038354,0.7041,0.70764774,0.7108544,0.7142266,0.7170536,0.7190831,0.72031116,0.71802855,0.71415097,0.7093716,0.7028428,0.69262016,0.68057525,0.6714859,0.66478974,0.6619499,0.6598942,0.65727377,0.65341336,0.6497965,0.646402,0.6436752,0.64149976,0.6407613,0.64114314,0.64124143,0.64201856,0.643284,0.6434233,0.6448662,0.64683336,0.6500276,0.65192,0.65520906,0.6570422,0.6589894,0.66082895,0.66351116,0.6667119,0.67013526,0.6736976,0.6750544,0.67514,0.6727315,0.66550815,0.6561594,0.64267135,0.6220969,0.59201473,0.5577756,0.51850116,0.48546517,0.45822513,0.43873766,0.4239751,0.4167999,0.41438347,0.41686326,0.4228136,0.43006068,0.4372455,0.44523138,0.45241377,0.4596374,0.46705312,0.4743694,0.4822063,0.48891205,0.49339846,0.4965079,0.4962889,0.4947273,0.48942453,0.4818955,0.4721617,0.46149835,0.4496235,0.4407351,0.4326446,0.42732447,0.42355388,0.4210021,0.41898042,0.41716117,0.4154079,0.41408443,0.41340336,0.4134677,0.4142263,0.4163789,0.4187556,0.42109096,0.4228038,0.42449275,0.42602456,0.42744365,0.42740297,0.42779702,0.42794177,0.42936012,0.43173766,0.43388647,0.43682718,0.4399417,0.44303745,0.44644725,0.44932562,0.45259118,0.4546228,0.45591193,0.4541402,0.44978797,0.4413906,0.43075198,0.41718593,0.40413234,0.3909605,0.38132828,0.3709295,0.36757684,0.3659547,0.3668295,0.36585832,0.36347902,0.3619268,0.36267364,0.36384824,0.36566105,0.3675416,0.36929247,0.3699289,0.3728967,0.3752283,0.37776476,0.37903732,0.38193685,0.38400334,0.38516062,0.38482645,0.38322085,0.37996113,0.37504888,0.36872104,0.36226666,0.35455358,0.3473403,0.33898056,0.33030182,0.3198245,0.31174666,0.30372065,0.29918528,0.29228696,0.2867095,0.28245792,0.2799365,0.2786448,0.2779649,0.27763692,21.65625,6.527039983415821,88.16342201778451,83.84850474099561,76.35689607137701,24.26269969484832,267.0
108,61,0.94224834,0.9422552,0.94175124,0.94194424,0.942302,0.9424576,0.94321656,0.945554,0.94666994,0.9481574,0.9495131,0.9507803,0.95259035,0.95434517,0.95569766,0.95746595,0.95834225,0.95935655,0.96053267,0.9612428,0.96155834,0.9618267,0.9620644,0.9609064,0.9580653,0.9527409,0.94566834,0.9364321,0.92739373,0.91821253,0.90842116,0.8996726,0.89224565,0.8843593,0.8772129,0.87190455,0.86890805,0.86807775,0.8692641,0.8720522,0.87651145,0.88172996,0.88745993,0.8915136,0.89554906,0.8981584,0.9002384,0.90203476,0.90307724,0.9036467,0.9043567,0.90551686,0.90736544,0.90918803,0.91003335,0.9109967,0.9107908,0.90997386,0.9079263,0.9049053,0.900338,0.89400697,0.8872107,0.8786422,0.87036574,0.86076933,0.8529618,0.8461355,0.83973837,0.83271885,0.8250252,0.81386644,0.79927,0.77994287,0.75784016,0.733534,0.7105305,0.6868112,0.6694725,0.6550642,0.64629066,0.6413342,0.63852763,0.6364323,0.63607895,0.6368878,0.6382625,0.6397643,0.64289176,0.64575326,0.650154,0.6523558,0.6564129,0.66064775,0.66428125,0.6651124,0.6690875,0.67099154,0.6736289,0.6750603,0.67764854,0.67939055,0.68160516,0.68239045,0.6833603,0.6876202,0.6911715,0.6938617,0.699968,0.70438296,0.7099825,0.71426815,0.7195685,0.7237923,0.7261381,0.72962,0.73407507,0.736707,0.73922414,0.7394457,0.73713386,0.7335924,0.7307416,0.72326183,0.7144133,0.7024903,0.6931925,0.6864624,0.6833588,0.68039525,0.6788727,0.67512167,0.6716111,0.6685943,0.6655137,0.6631229,0.6622575,0.66284776,0.6643783,0.6643833,0.6645274,0.6650751,0.6660282,0.6682799,0.6713875,0.6741662,0.67723435,0.6799569,0.681078,0.6825807,0.68567765,0.6884632,0.69200695,0.6951797,0.6972125,0.696584,0.6945215,0.68945843,0.6793361,0.66708004,0.6480931,0.6197885,0.58594996,0.54783875,0.5147593,0.48729897,0.46662846,0.45262054,0.4448503,0.4425165,0.44504827,0.45056266,0.4578973,0.4665047,0.47373396,0.48150063,0.4886188,0.49584717,0.50421095,0.5118444,0.5182115,0.5225629,0.52642906,0.526422,0.52439535,0.51814795,0.51051855,0.50053006,0.48956007,0.47723216,0.46691576,0.4585297,0.4529612,0.4492098,0.44553185,0.44302702,0.44070467,0.43840587,0.43778545,0.43698037,0.43660194,0.43817753,0.43954265,0.44265738,0.444987,0.44802862,0.45055962,0.45229685,0.45334706,0.45367032,0.45490158,0.45507407,0.45696557,0.4587509,0.4608801,0.46454203,0.46727306,0.4710273,0.4742178,0.47725177,0.48151866,0.4824332,0.48371747,0.48154023,0.4774987,0.46856368,0.45799717,0.44468796,0.4305598,0.4175657,0.40643513,0.3970151,0.3924055,0.39143288,0.3926231,0.39050192,0.38920015,0.38687223,0.3877406,0.3889711,0.39056522,0.39243895,0.39502868,0.395927,0.39862883,0.4009254,0.40375313,0.4051172,0.40870053,0.4101099,0.4117158,0.41103017,0.4099222,0.4060143,0.40154767,0.394961,0.38814378,0.38028073,0.3728962,0.36352783,0.35474008,0.3448317,0.33595178,0.32768315,0.32261485,0.3152125,0.3093624,0.3048944,0.3022563,0.30043826,0.299806,0.2994628,24.4375,6.8414180755952865,99.73886325849597,86.20243709377125,89.0880949332184,28.75022437623407,340.5
109,68,0.94009507,0.9398173,0.9397609,0.9404845,0.94003356,0.9404428,0.941101,0.9436058,0.9448347,0.9461646,0.9480033,0.9495175,0.9507936,0.9527631,0.9543636,0.9557339,0.9571409,0.9586156,0.95934176,0.96009564,0.96041256,0.9607177,0.96038246,0.9594412,0.95664734,0.9507631,0.9432416,0.9333588,0.9240694,0.91416395,0.9046458,0.8955593,0.88741606,0.87823796,0.87108445,0.86535335,0.86244875,0.86203945,0.86295414,0.8661579,0.8712169,0.87720543,0.8826473,0.8873185,0.8908652,0.8941992,0.89686507,0.8981037,0.8988588,0.9002396,0.90098083,0.9023452,0.9040061,0.9054899,0.906911,0.90771043,0.90753806,0.9065098,0.90431803,0.90100205,0.8963253,0.88939154,0.88163733,0.8731323,0.8646587,0.8542035,0.84567076,0.8388774,0.8328159,0.8252473,0.8165981,0.80471194,0.78915524,0.7694189,0.7478441,0.7222925,0.69721735,0.6736071,0.65565443,0.64070386,0.631698,0.6258103,0.6226356,0.6207101,0.62054646,0.61949617,0.6214888,0.6226058,0.62589025,0.6278208,0.6316974,0.6353087,0.6382966,0.6424886,0.64526296,0.6482224,0.6503286,0.6529497,0.65667987,0.6580788,0.6602854,0.6614283,0.6634987,0.66453356,0.66648066,0.66909903,0.67344487,0.67639065,0.6817842,0.6871099,0.69286895,0.6974213,0.7020628,0.7066295,0.7102668,0.7136998,0.7168449,0.7210762,0.7228475,0.72341657,0.72174346,0.71888334,0.7139307,0.70756406,0.69826454,0.6858096,0.67700446,0.6701554,0.6675801,0.66420317,0.66212296,0.65780085,0.65457326,0.6510225,0.64804494,0.64583373,0.64564306,0.645424,0.6465552,0.64731765,0.64739853,0.6472995,0.6492368,0.65182257,0.65441996,0.65733415,0.6595721,0.6615747,0.6639044,0.6663593,0.669436,0.6725522,0.67591923,0.67948484,0.6813177,0.6810669,0.6784127,0.6719183,0.6616741,0.6487682,0.6286731,0.59839225,0.5640057,0.52458227,0.4909725,0.4629674,0.441821,0.42689434,0.41826898,0.41565025,0.417803,0.42389074,0.43085986,0.43878448,0.44625452,0.4536047,0.46092796,0.46831527,0.4762016,0.4841364,0.490814,0.4961761,0.4993146,0.4995792,0.49829853,0.49297136,0.48532063,0.47538638,0.46452862,0.4530195,0.44342697,0.43491128,0.42984474,0.42606574,0.42340273,0.42037335,0.41841212,0.41636539,0.41527474,0.4146871,0.41474062,0.41580012,0.4176761,0.42018843,0.42268288,0.42484367,0.4267123,0.4283741,0.42944288,0.4300351,0.43057883,0.43082693,0.43250066,0.43515146,0.43741265,0.4404924,0.4436852,0.4467045,0.45013252,0.45318663,0.4567166,0.4587342,0.45988765,0.45780516,0.4533797,0.44490266,0.43447706,0.42049325,0.4075653,0.39450258,0.38382977,0.3735787,0.3698316,0.36811453,0.36954343,0.3680147,0.36581635,0.36411858,0.36453527,0.36543298,0.36785966,0.36988014,0.37130404,0.3723308,0.3747757,0.37783536,0.38021153,0.3815454,0.38415638,0.3860455,0.38697296,0.38703993,0.38557798,0.38235027,0.37702802,0.37095124,0.36412323,0.35615146,0.3498598,0.3413279,0.3326912,0.32302004,0.3144853,0.30613703,0.30150115,0.29450214,0.28851646,0.28391677,0.28149763,0.28005716,0.28000373,0.28001565,22.6875,5.036248279613494,87.61754744088284,90.14042724326376,80.54742749472399,23.831897325435285,244.0
110,62,0.93688834,0.9368472,0.93587244,0.9360811,0.9366871,0.93690324,0.9370638,0.9395913,0.9399662,0.94173443,0.9429775,0.94463694,0.9464034,0.94788134,0.9491129,0.950739,0.9522457,0.95351815,0.95420456,0.95488423,0.95535463,0.9552665,0.9549613,0.95437354,0.951244,0.94615406,0.9384919,0.92973125,0.9206817,0.9113834,0.9018768,0.8931643,0.8855411,0.87762845,0.87027055,0.86463034,0.86201274,0.86139446,0.86294234,0.86594903,0.87068856,0.8761177,0.8810356,0.88547873,0.8892088,0.89233124,0.89435005,0.8960962,0.89673877,0.8975322,0.89802366,0.8991274,0.9010033,0.9027852,0.9040226,0.90471643,0.9049545,0.9038191,0.9017973,0.89871776,0.8944365,0.88839996,0.88144827,0.87312853,0.86478627,0.8554137,0.8473327,0.8400082,0.83430666,0.82742965,0.8191221,0.8079444,0.79344237,0.7741033,0.75260615,0.72849333,0.7050203,0.6823192,0.66472846,0.6503048,0.6415261,0.634096,0.6315884,0.62984836,0.6293498,0.62876403,0.629654,0.63203,0.6339363,0.63583195,0.6391256,0.642603,0.64584446,0.649158,0.65298027,0.6546178,0.6576427,0.6598494,0.66336393,0.66495126,0.66684204,0.6694222,0.669953,0.67106086,0.6730913,0.67581606,0.67907643,0.6829418,0.68780464,0.69271827,0.69807065,0.7034518,0.7077271,0.7118221,0.7150607,0.7181289,0.7224312,0.7248577,0.72686315,0.7270243,0.725183,0.7220143,0.71706796,0.71002364,0.70089436,0.6889812,0.6798563,0.6739176,0.6708444,0.6687164,0.6653199,0.6617632,0.658328,0.655326,0.6527649,0.6499129,0.6495314,0.65043974,0.65063304,0.6518817,0.65258217,0.6528259,0.6546593,0.6563952,0.6592668,0.661868,0.6644376,0.66655445,0.6686337,0.67061025,0.6737653,0.6763733,0.68016326,0.6833341,0.6852069,0.68494374,0.68318594,0.67642796,0.6675218,0.6551195,0.6357,0.6068387,0.57369286,0.5362263,0.5041549,0.47639802,0.45651555,0.4415833,0.43309203,0.4302155,0.43212682,0.4369661,0.44409293,0.45124218,0.4585352,0.46548533,0.47215396,0.478908,0.4865477,0.49409398,0.50033206,0.5052053,0.5082022,0.50850415,0.50656176,0.501503,0.4938701,0.48404753,0.47327417,0.46077937,0.45177802,0.4432741,0.4384588,0.43464988,0.43260968,0.43026102,0.4286648,0.42683542,0.4253798,0.42466348,0.42453307,0.4252513,0.42750484,0.42995143,0.4321734,0.43393597,0.43543786,0.4365022,0.43722802,0.43724376,0.43713227,0.43733066,0.43880773,0.44079846,0.4427245,0.4447851,0.44826162,0.4513737,0.45434076,0.45762074,0.46084434,0.4631676,0.46471196,0.46329236,0.45890203,0.45045614,0.44008914,0.4264605,0.41385394,0.40059602,0.39101452,0.38044727,0.37741295,0.3759784,0.37663263,0.37517005,0.3734734,0.37231717,0.37369817,0.37487206,0.37654257,0.37857723,0.37972724,0.38083845,0.38352063,0.38632512,0.38853613,0.39027074,0.39348662,0.3952973,0.39677137,0.39639035,0.3952469,0.39143786,0.38720986,0.38072747,0.37415916,0.36684546,0.36011672,0.35167778,0.34272048,0.33354533,0.3248311,0.31578556,0.31150582,0.3041788,0.29934084,0.29502004,0.2928111,0.29116893,0.29097465,0.2903837,24.28125,5.475600123718408,94.1141212546504,85.05619760673041,88.718620701193,27.6081493448214,316.5
111,69,0.93313146,0.9323687,0.9326446,0.9326163,0.93318367,0.93331224,0.93345934,0.93606037,0.937003,0.9384656,0.93968344,0.9413258,0.9426841,0.94444406,0.945538,0.9471035,0.94871044,0.9498011,0.9505832,0.95102865,0.9514469,0.9520433,0.9515451,0.95065707,0.94791144,0.9428233,0.9357852,0.9268202,0.918062,0.90835357,0.89937466,0.8907946,0.88305295,0.8756051,0.86834663,0.86244965,0.85984683,0.8589107,0.85932696,0.86276305,0.8667507,0.8722852,0.8776641,0.88207215,0.8861952,0.8889064,0.8911306,0.892472,0.89371973,0.89468956,0.89571965,0.89694643,0.89843845,0.89961267,0.9014411,0.9018513,0.90180004,0.90095234,0.8989569,0.8957683,0.8913475,0.8853147,0.8781642,0.8700311,0.86117023,0.85235906,0.84456605,0.83746046,0.8322599,0.82507575,0.8170456,0.8053285,0.79057515,0.7718032,0.750502,0.72539043,0.7019502,0.6789134,0.66170454,0.64649653,0.63707703,0.6311997,0.6284826,0.62664294,0.6258533,0.6255053,0.6274089,0.62935066,0.63246155,0.63488305,0.638893,0.64241254,0.6455025,0.64910567,0.6527356,0.6551336,0.6582123,0.6599085,0.66308,0.66417724,0.66708595,0.6685272,0.6701998,0.67156136,0.6730583,0.67559314,0.679699,0.6834173,0.68799746,0.69319737,0.69888175,0.70414734,0.7088272,0.7127929,0.7157717,0.71921897,0.72266054,0.72612095,0.72838837,0.7291752,0.7272241,0.72458696,0.7198154,0.7136422,0.7048191,0.6932484,0.6838113,0.6777675,0.6752413,0.6722013,0.6695055,0.6660526,0.6628721,0.66007626,0.65669227,0.6545118,0.65375483,0.6538731,0.6548947,0.6553848,0.6558281,0.6562586,0.6579131,0.6598743,0.66297936,0.6656388,0.6686769,0.67052853,0.67259824,0.674682,0.6769738,0.68054116,0.68377984,0.6872963,0.6890787,0.68951344,0.68699247,0.6805137,0.67168725,0.65858245,0.6398692,0.610554,0.5767465,0.5377972,0.5045293,0.47654563,0.45607966,0.44127688,0.43258846,0.43000352,0.4325561,0.4383864,0.44558507,0.45378098,0.46156433,0.46937445,0.47687992,0.48432276,0.49288368,0.5001572,0.5066484,0.5122391,0.51538104,0.5160024,0.51391745,0.5088973,0.5015981,0.49090406,0.48024267,0.46840712,0.4591819,0.45017025,0.4447617,0.4407877,0.43797085,0.43494546,0.43266875,0.43088478,0.42934728,0.42786136,0.42819816,0.42972642,0.43210673,0.4343028,0.43691218,0.44002044,0.44195068,0.44321635,0.4450417,0.44585896,0.4464953,0.4472999,0.44899997,0.45093387,0.45389915,0.45670342,0.46035185,0.46384418,0.4669575,0.4700554,0.4735288,0.47587895,0.4766733,0.47510883,0.4706988,0.46160695,0.45130795,0.43745145,0.42379245,0.4103517,0.39968452,0.38880748,0.38460892,0.38342834,0.38433832,0.38328785,0.38047507,0.37909895,0.380036,0.3814847,0.38350153,0.38482043,0.38724607,0.3872152,0.39071488,0.3936818,0.39582282,0.39741457,0.3999099,0.40142274,0.40294057,0.4025203,0.40133953,0.39771295,0.39293057,0.38658684,0.37965572,0.3718285,0.36400902,0.35454416,0.3463828,0.33678353,0.32765153,0.31941018,0.31437808,0.30785298,0.30165985,0.2983467,0.29580942,0.294608,0.29346946,0.29308224,21.96875,6.984743468613027,95.00386975185415,84.17468865989568,78.2324081139256,30.859360976485366,311.0
112,69,0.9293839,0.9292432,0.9284761,0.9293088,0.92887807,0.929748,0.9298239,0.93262446,0.9335247,0.93535864,0.9364805,0.9380834,0.9392274,0.94110286,0.9423898,0.9441165,0.94502276,0.9458575,0.9468719,0.9473246,0.94804686,0.94835246,0.9480374,0.94724727,0.94434106,0.9396387,0.9326142,0.92375314,0.9147031,0.90515983,0.89616096,0.8874812,0.8802999,0.87281185,0.86536986,0.85974,0.8569416,0.8559446,0.8567823,0.86017686,0.8644535,0.86987114,0.87496805,0.8793727,0.88254905,0.8860511,0.8880061,0.889974,0.89023614,0.8912682,0.891864,0.89333135,0.8948804,0.8965087,0.89782023,0.89864516,0.8982491,0.89768696,0.89587164,0.89251506,0.88805294,0.881821,0.87535745,0.8670187,0.8586071,0.84954786,0.84169906,0.8344245,0.8290591,0.82236904,0.8140911,0.80292785,0.7872097,0.7683003,0.7462768,0.72229254,0.698426,0.6757633,0.6580125,0.64357066,0.63494986,0.6286229,0.62604505,0.6236251,0.6230742,0.62277174,0.6239037,0.62653613,0.62949806,0.6315348,0.6354867,0.6387526,0.6424893,0.64656675,0.6501587,0.65227485,0.6544124,0.6570195,0.6606561,0.6621095,0.66423535,0.6650467,0.66671056,0.66820085,0.67037797,0.6727392,0.67662585,0.67942977,0.68525803,0.6903522,0.69597447,0.7004385,0.7055969,0.7091516,0.71322554,0.7160892,0.7195029,0.72370297,0.7260456,0.7265157,0.7249294,0.7223543,0.7177454,0.7113352,0.70254576,0.6914162,0.6817107,0.67567885,0.6729412,0.67058873,0.66799724,0.6645291,0.6617452,0.6576226,0.6548393,0.65261304,0.65226984,0.6518884,0.6524608,0.653333,0.6534602,0.6535647,0.6553013,0.657231,0.6599973,0.6634693,0.66599137,0.6680291,0.6698028,0.6718793,0.67473745,0.67756057,0.68127483,0.6841661,0.68637824,0.6865051,0.68384093,0.67764163,0.6680059,0.6554738,0.6361042,0.6067079,0.5729487,0.53410286,0.50123465,0.4727988,0.4523037,0.43674028,0.4286005,0.42563483,0.42744464,0.4334206,0.44078714,0.4491235,0.45676246,0.46474302,0.47219893,0.47969168,0.48809648,0.495717,0.50253886,0.5080301,0.5108399,0.51196504,0.5099121,0.5048187,0.49848008,0.4885794,0.47838008,0.46709228,0.4577722,0.44895896,0.44375855,0.4395091,0.43686253,0.43346125,0.43149188,0.42974487,0.4279833,0.4272369,0.4277207,0.428655,0.43080005,0.4331693,0.4355039,0.43852478,0.44009575,0.44254243,0.44406217,0.44535685,0.4462205,0.44678932,0.44826782,0.45116407,0.4535495,0.45612067,0.45985705,0.4631188,0.4664572,0.46965057,0.47295272,0.47532156,0.47587132,0.47418714,0.47056875,0.46171182,0.45114654,0.43749088,0.42398477,0.41079113,0.4004742,0.38939306,0.3861565,0.3844535,0.38556725,0.38467848,0.38172632,0.37981424,0.37979636,0.38123393,0.38326544,0.38580585,0.38727975,0.38843167,0.3911474,0.3938483,0.39577752,0.39713195,0.40046117,0.4017738,0.40323198,0.4027195,0.4014409,0.39745724,0.39257586,0.38564476,0.37909496,0.3707183,0.36383605,0.35512465,0.34648693,0.33671063,0.32832572,0.3191973,0.31453735,0.30765444,0.30162624,0.29722553,0.29544687,0.29366598,0.29404125,0.29370558,21.71875,6.303627385836524,95.72724550550556,87.64185936690735,84.69400668793469,23.322563274098002,281.5
113,63,0.92274916,0.92250705,0.92269874,0.9225464,0.92277145,0.92326605,0.92317486,0.92622733,0.9268104,0.92870975,0.9297832,0.93182063,0.9327493,0.9342911,0.9362569,0.9374814,0.93816406,0.939775,0.9407705,0.94133157,0.94160974,0.9419356,0.9415418,0.9404295,0.93783176,0.93282396,0.92529374,0.9163518,0.90700513,0.8976736,0.8885485,0.879776,0.8722241,0.86441016,0.8572593,0.851086,0.8488873,0.8475261,0.84844154,0.85145116,0.85637486,0.8618243,0.8666873,0.8713888,0.8748662,0.87804294,0.8800468,0.8815643,0.8824276,0.8833219,0.8838595,0.88562644,0.8872596,0.88894534,0.8899499,0.8906189,0.8905035,0.8898324,0.8880558,0.88466513,0.8799828,0.87375546,0.86695296,0.85846925,0.8498918,0.84015507,0.8320574,0.82475746,0.8194504,0.8127469,0.8042392,0.7925546,0.77741206,0.75750625,0.735475,0.7096555,0.68569356,0.6623796,0.64484394,0.630537,0.62126243,0.6148333,0.61204267,0.60986805,0.60886085,0.6087528,0.61001587,0.6120436,0.614914,0.6170745,0.621556,0.62453604,0.62764895,0.63262767,0.6353459,0.6377722,0.6403823,0.643293,0.64552504,0.6479472,0.64973754,0.6513655,0.65256906,0.654093,0.65661514,0.658658,0.66281754,0.6664898,0.67203563,0.677727,0.6824298,0.6873143,0.6924048,0.69668853,0.7005585,0.70343435,0.7073916,0.71099204,0.71325713,0.71419144,0.7122239,0.7097283,0.70579,0.69833183,0.68973476,0.67864805,0.66946745,0.66330385,0.66027755,0.6574833,0.6553509,0.65177387,0.6486382,0.6455506,0.64264673,0.6402501,0.63958025,0.6393235,0.64014626,0.6403774,0.64089,0.64079535,0.6429522,0.6445934,0.6480402,0.6510402,0.65347004,0.6554446,0.6573553,0.65963113,0.6628648,0.6653112,0.6689142,0.67209285,0.67435575,0.6738243,0.6717335,0.6651845,0.6551603,0.64231014,0.62311995,0.59343517,0.55952084,0.52054036,0.48640686,0.45881754,0.43786842,0.4222119,0.4143908,0.41097766,0.41309834,0.41838253,0.42559388,0.43336016,0.4408893,0.44897693,0.4564221,0.46462744,0.472358,0.4797104,0.48702246,0.49262467,0.49598435,0.49630922,0.4951502,0.49071443,0.48394176,0.4741963,0.4639961,0.45249045,0.44302696,0.43446553,0.4292972,0.4252654,0.42193007,0.4195723,0.4172438,0.41535544,0.4137919,0.41308546,0.41306272,0.414002,0.41604352,0.41878647,0.42147446,0.4233687,0.42553627,0.427593,0.4291426,0.43006557,0.43088952,0.43150076,0.4332605,0.4359746,0.43857393,0.44177738,0.44477153,0.44801125,0.45111513,0.4546378,0.45812553,0.46038872,0.46111852,0.45967615,0.45542377,0.44684154,0.4367507,0.42297122,0.40979528,0.3964081,0.38604432,0.37552083,0.37257475,0.37108493,0.37251914,0.36999857,0.36807567,0.36574173,0.36651534,0.36777428,0.36998758,0.37161666,0.37309188,0.37377933,0.37655756,0.37904763,0.38174754,0.3832029,0.38598716,0.38754797,0.38868666,0.38851076,0.3867178,0.3833447,0.37880582,0.3726762,0.36492318,0.35732287,0.35025254,0.3420027,0.33311707,0.3238292,0.3158847,0.30777967,0.3030304,0.29621404,0.29097518,0.28669754,0.28427505,0.2816925,0.28218204,0.28140306,21.53125,6.5550276425608,82.92342894525581,86.85145486766135,79.5479356794824,26.028540656973608,320.5
